student_id,centre_id,distance
S00001,C001,216.369
S00001,C002,227.573
S00001,C003,380.257
S00001,C004,408.948
S00001,C005,523.083
S00001,C006,481.087
S00001,C007,492.693
S00001,C008,561.427
S00001,C009,663.48
S00001,C010,738.216
S00001,C011,693.886
S00001,C012,640.605
S00001,C013,645.773
S00001,C014,579.374
S00001,C015,635.532
S00001,C016,275.286
S00001,C017,116.656
S00001,C018,87.823
S00001,C019,88.598
S00001,C020,277.468
S00002,C001,485.987
S00002,C002,475.195
S00002,C003,618.774
S00002,C004,624.013
S00002,C005,727.307
S00002,C006,275.032
S00002,C007,371.58
S00002,C008,412.839
S00002,C009,583.068
S00002,C010,686.273
S00002,C011,706.738
S00002,C012,696.82
S00002,C013,732.316
S00002,C014,697.597
S00002,C015,806.293
S00002,C016,29.746
S00002,C017,153.002
S00002,C018,260.026
S00002,C019,336.815
S00002,C020,366.97
S00003,C001,912.454
S00003,C002,786.683
S00003,C003,794.977
S00003,C004,722.183
S00003,C005,716.308
S00003,C006,553.349
S00003,C007,398.187
S00003,C008,391.547
S00003,C009,185.806
S00003,C010,75.858
S00003,C011,192.639
S00003,C012,308.157
S00003,C013,384.842
S00003,C014,469.04
S00003,C015,637.34
S00003,C016,791.315
S00003,C017,780.131
S00003,C018,883.95
S00003,C019,893.219
S00003,C020,546.71
S00004,C001,456.367
S00004,C002,345.563
S00004,C003,412.22
S00004,C004,369.124
S00004,C005,434.25
S00004,C006,349.373
S00004,C007,240.707
S00004,C008,317.917
S00004,C009,338.115
S00004,C010,397.057
S00004,C011,353.507
S00004,C012,321.891
S00004,C013,354.229
S00004,C014,327.804
S00004,C015,464.993
S00004,C016,406.177
S00004,C017,335.385
S00004,C018,422.955
S00004,C019,425.289
S00004,C020,84.768
S00005,C001,218.71
S00005,C002,286.175
S00005,C003,435.401
S00005,C004,479.066
S00005,C005,594.709
S00005,C006,555.863
S00005,C007,587.568
S00005,C008,652.615
S00005,C009,766.231
S00005,C010,843.687
S00005,C011,800.578
S00005,C012,745.394
S00005,C013,747.377
S00005,C014,676.846
S00005,C015,718.312
S00005,C016,304.888
S00005,C017,172.74
S00005,C018,49.752
S00005,C019,56.245
S00005,C020,383.896
S00006,C001,363.752
S00006,C002,238.379
S00006,C003,142.15
S00006,C004,60.104
S00006,C005,92.784
S00006,C006,691.68
S00006,C007,584.801
S00006,C008,659.914
S00006,C009,618.439
S00006,C010,622.138
S00006,C011,485.99
S00006,C012,378.897
S00006,C013,329.895
S00006,C014,232.066
S00006,C015,202.196
S00006,C016,655.501
S00006,C017,516.756
S00006,C018,522.551
S00006,C019,464.084
S00006,C020,294.971
S00007,C001,631.397
S00007,C002,495.314
S00007,C003,443.945
S00007,C004,362.625
S00007,C005,324.815
S00007,C006,648.823
S00007,C007,492.834
S00007,C008,548.114
S00007,C009,418.805
S00007,C010,375.487
S00007,C011,210.519
S00007,C012,95.512
S00007,C013,26.769
S00007,C014,72.819
S00007,C015,234.846
S00007,C016,743.582
S00007,C017,652.442
S00007,C018,710.135
S00007,C019,680.507
S00007,C020,361.378
S00008,C001,138.697
S00008,C002,209.895
S00008,C003,356.006
S00008,C004,403.915
S00008,C005,519.322
S00008,C006,584.581
S00008,C007,593.287
S00008,C008,663.399
S00008,C009,756.252
S00008,C010,824.588
S00008,C011,765.934
S00008,C012,701.351
S00008,C013,695.833
S00008,C014,619.455
S00008,C015,647.799
S00008,C016,362.081
S00008,C017,211.234
S00008,C018,114.808
S00008,C019,27.743
S00008,C020,351.37
S00009,C001,447.424
S00009,C002,339.138
S00009,C003,201.454
S00009,C004,146.39
S00009,C005,33.024
S00009,C006,812.232
S00009,C007,696.912
S00009,C008,769.896
S00009,C009,706.169
S00009,C010,692.728
S00009,C011,539.742
S00009,C012,425.189
S00009,C013,357.884
S00009,C014,263.837
S00009,C015,138.51
S00009,C016,780.205
S00009,C017,638.763
S00009,C018,635.231
S00009,C019,569.818
S00009,C020,418.475
S00010,C001,362.167
S00010,C002,333.22
S00010,C003,473.954
S00010,C004,478.63
S00010,C005,583.067
S00010,C006,328.07
S00010,C007,356.9
S00010,C008,419.604
S00010,C009,547.268
S00010,C010,635.764
S00010,C011,623.033
S00010,C012,593.716
S00010,C013,618.043
S00010,C014,572.012
S00010,C015,668.009
S00010,C016,164.122
S00010,C017,69.569
S00010,C018,188.549
S00010,C019,238.022
S00010,C020,239.021
S00011,C001,178.389
S00011,C002,106.029
S00011,C003,68.634
S00011,C004,143.367
S00011,C005,245.635
S00011,C006,716.848
S00011,C007,652.945
S00011,C008,730.989
S00011,C009,742.585
S00011,C010,771.16
S00011,C011,657.506
S00011,C012,560.582
S00011,C013,523.195
S00011,C014,428.135
S00011,C015,391.469
S00011,C016,593.76
S00011,C017,436.432
S00011,C018,396.298
S00011,C019,318.89
S00011,C020,338.839
S00012,C001,785.6
S00012,C002,660.338
S00012,C003,673.888
S00012,C004,603.478
S00012,C005,607.256
S00012,C006,475.332
S00012,C007,309.543
S00012,C008,324.925
S00012,C009,130.444
S00012,C010,67.945
S00012,C011,115.748
S00012,C012,217.423
S00012,C013,299.081
S00012,C014,369.378
S00012,C015,544.483
S00012,C016,685.824
S00012,C017,661.864
S00012,C018,761.9
S00012,C019,768.195
S00012,C020,420.251
S00013,C001,512.944
S00013,C002,394.842
S00013,C003,271.079
S00013,C004,202.273
S00013,C005,95.024
S00013,C006,806.722
S00013,C007,678.814
S00013,C008,748.324
S00013,C009,664.377
S00013,C010,639.657
S00013,C011,479.815
S00013,C012,364.298
S00013,C013,291.067
S00013,C014,204.22
S00013,C015,56.802
S00013,C016,804.838
S00013,C017,672.019
S00013,C018,682.011
S00013,C019,622.887
S00013,C020,425.631
S00014,C001,829.77
S00014,C002,709.81
S00014,C003,736.304
S00014,C004,669.283
S00014,C005,680.706
S00014,C006,441.216
S00014,C007,284.877
S00014,C008,281.015
S00014,C009,73.703
S00014,C010,42.825
S00014,C011,196.134
S00014,C012,298.806
S00014,C013,380.53
S00014,C014,448.052
S00014,C015,624.102
S00014,C016,679.334
S00014,C017,674.593
S00014,C018,782.303
S00014,C019,797.262
S00014,C020,458.659
S00015,C001,177.165
S00015,C002,77.953
S00015,C003,76.583
S00015,C004,134.341
S00015,C005,245.147
S00015,C006,681.217
S00015,C007,616.649
S00015,C008,694.691
S00015,C009,708.171
S00015,C010,738.9
S00015,C011,628.87
S00015,C012,534.554
S00015,C013,500.933
S00015,C014,407.709
S00015,C015,385.67
S00015,C016,564.356
S00015,C017,408.384
S00015,C018,376.226
S00015,C019,302.766
S00015,C020,302.61
S00016,C001,10.289
S00016,C002,131.021
S00016,C003,246.905
S00016,C004,310.086
S00016,C005,421.102
S00016,C006,670.67
S00016,C007,649.818
S00016,C008,724.91
S00016,C009,785.396
S00016,C010,837.706
S00016,C011,753.509
S00016,C012,672.861
S00016,C013,652.389
S00016,C014,565.488
S00016,C015,561.241
S00016,C016,481.155
S00016,C017,323.27
S00016,C018,244.978
S00016,C019,158.703
S00016,C020,363.148
S00017,C001,130.261
S00017,C002,215.762
S00017,C003,357.911
S00017,C004,409.496
S00017,C005,524.443
S00017,C006,605.898
S00017,C007,615.036
S00017,C008,685.197
S00017,C009,777.234
S00017,C010,844.728
S00017,C011,784.026
S00017,C012,717.735
S00017,C013,710.451
S00017,C014,632.519
S00017,C015,655.629
S00017,C016,379.68
S00017,C017,230.969
S00017,C018,128.327
S00017,C019,43.216
S00017,C020,370.502
S00018,C001,696.956
S00018,C002,644.999
S00018,C003,762.926
S00018,C004,741.265
S00018,C005,822.167
S00018,C006,54.245
S00018,C007,222.496
S00018,C008,213.576
S00018,C009,419.486
S00018,C010,535.094
S00018,C011,614.769
S00018,C012,648.148
S00018,C013,708.037
S00018,C014,708.826
S00018,C015,857.904
S00018,C016,279.444
S00018,C017,385.272
S00018,C018,507.518
S00018,C019,572.141
S00018,C020,436.876
S00019,C001,693.615
S00019,C002,639.804
S00019,C003,756.46
S00019,C004,733.927
S00019,C005,814.03
S00019,C006,43.478
S00019,C007,211.727
S00019,C008,203.502
S00019,C009,409.119
S00019,C010,524.66
S00019,C011,604.002
S00019,C012,637.581
S00019,C013,697.677
S00019,C014,698.977
S00019,C015,848.662
S00019,C016,282.505
S00019,C017,384.388
S00019,C018,507.204
S00019,C019,570.649
S00019,C020,429.143
S00020,C001,76.86
S00020,C002,73.2
S00020,C003,170.957
S00020,C004,234.552
S00020,C005,344.906
S00020,C006,674.868
S00020,C007,634.876
S00020,C008,711.857
S00020,C009,752.689
S00020,C010,796.118
S00020,C011,700.686
S00020,C012,614.006
S00020,C013,587.982
S00020,C014,498.175
S00020,C015,485.877
S00020,C016,516.015
S00020,C017,356.485
S00020,C018,299.525
S00020,C019,218.147
S00020,C020,331.792
S00021,C001,204.272
S00021,C002,226.718
S00021,C003,379.676
S00021,C004,412.103
S00021,C005,526.907
S00021,C006,499.099
S00021,C007,512.097
S00021,C008,580.725
S00021,C009,682.59
S00021,C010,756.741
S00021,C011,710.617
S00021,C012,655.657
S00021,C013,659.168
S00021,C014,591.043
S00021,C015,642.515
S00021,C016,286.378
S00021,C017,129.689
S00021,C018,78.323
S00021,C019,69.241
S00021,C020,293.847
S00022,C001,154.313
S00022,C002,38.85
S00022,C003,181.41
S00022,C004,209.656
S00022,C005,324.977
S00022,C006,580.758
S00022,C007,531.856
S00022,C008,609.22
S00022,C009,648.334
S00022,C010,694.406
S00022,C011,606.363
S00022,C012,526.496
S00022,C013,509.486
S00022,C014,426.51
S00022,C015,448.095
S00022,C016,453.803
S00022,C017,298.722
S00022,C018,279.202
S00022,C019,217.508
S00022,C020,226.967
S00023,C001,654.852
S00023,C002,589.84
S00023,C003,698.718
S00023,C004,671.503
S00023,C005,747.482
S00023,C006,34.053
S00023,C007,142.391
S00023,C008,152.134
S00023,C009,349.154
S00023,C010,463.021
S00023,C011,533.295
S00023,C012,564.127
S00023,C013,623.849
S00023,C014,625.825
S00023,C015,777.37
S00023,C016,293.132
S00023,C017,365.06
S00023,C018,489.808
S00023,C019,544.71
S00023,C020,365.558
S00024,C001,260.021
S00024,C002,157.655
S00024,C003,21.142
S00024,C004,61.214
S00024,C005,161.552
S00024,C006,720.389
S00024,C007,637.632
S00024,C008,715.235
S00024,C009,703.763
S00024,C010,721.113
S00024,C011,596.055
S00024,C012,493.506
S00024,C013,449.467
S00024,C014,352.405
S00024,C015,306.444
S00024,C016,631.831
S00024,C017,479.811
S00024,C018,457.874
S00024,C019,386.907
S00024,C020,326.094
S00025,C001,896.516
S00025,C002,774.232
S00025,C003,792.932
S00025,C004,723.034
S00025,C005,725.809
S00025,C006,503.952
S00025,C007,352.894
S00025,C008,341.028
S00025,C009,138.747
S00025,C010,52.205
S00025,C011,213.534
S00025,C012,326.651
S00025,C013,406.575
S00025,C014,484.191
S00025,C015,656.858
S00025,C016,749.799
S00025,C017,746.732
S00025,C018,854.142
S00025,C019,868.025
S00025,C020,526.742
S00026,C001,563.012
S00026,C002,429.53
S00026,C003,352.06
S00026,C004,270.134
S00026,C005,214.876
S00026,C006,700.812
S00026,C007,557.19
S00026,C008,620.703
S00026,C009,515.674
S00026,C010,483.833
S00026,C011,322.616
S00026,C012,207.097
S00026,C013,135.751
S00026,C014,49.451
S00026,C015,127.622
S00026,C016,751.146
S00026,C017,639.927
S00026,C018,678.524
S00026,C019,636.357
S00026,C020,359.0
S00027,C001,434.864
S00027,C002,319.458
S00027,C003,380.155
S00027,C004,335.84
S00027,C005,401.142
S00027,C006,381.517
S00027,C007,273.832
S00027,C008,350.817
S00027,C009,361.461
S00027,C010,413.098
S00027,C011,355.734
S00027,C012,313.26
S00027,C013,338.418
S00027,C014,304.35
S00027,C015,435.412
S00027,C016,422.645
S00027,C017,339.999
S00027,C018,419.349
S00027,C019,414.907
S00027,C020,64.429
S00028,C001,936.264
S00028,C002,813.455
S00028,C003,829.772
S00028,C004,758.942
S00028,C005,758.462
S00028,C006,535.433
S00028,C007,388.307
S00028,C008,371.641
S00028,C009,174.586
S00028,C010,90.512
S00028,C011,239.397
S00028,C012,354.383
S00028,C013,432.704
S00028,C014,513.992
S00028,C015,684.549
S00028,C016,786.665
S00028,C017,786.128
S00028,C018,894.046
S00028,C019,908.231
S00028,C020,566.788
S00029,C001,753.172
S00029,C002,649.782
S00029,C003,711.092
S00029,C004,657.714
S00029,C005,697.814
S00029,C006,269.511
S00029,C007,123.613
S00029,C008,109.401
S00029,C009,98.426
S00029,C010,214.32
S00029,C011,320.704
S00029,C012,389.139
S00029,C013,465.235
S00029,C014,503.799
S00029,C015,677.767
S00029,C016,523.557
S00029,C017,543.533
S00029,C018,660.651
S00029,C019,690.428
S00029,C020,388.42
S00030,C001,769.226
S00030,C002,709.919
S00030,C003,820.637
S00030,C004,793.056
S00030,C005,867.104
S00030,C006,90.387
S00030,C007,224.838
S00030,C008,187.924
S00030,C009,392.956
S00030,C010,508.795
S00030,C011,608.682
S00030,C012,655.853
S00030,C013,721.821
S00030,C014,733.316
S00030,C015,890.763
S00030,C016,359.529
S00030,C017,463.614
S00030,C018,586.646
S00030,C019,649.336
S00030,C020,487.075
S00031,C001,325.587
S00031,C002,252.676
S00031,C003,102.299
S00031,C004,130.25
S00031,C005,149.625
S00031,C006,826.233
S00031,C007,738.028
S00031,C008,815.079
S00031,C009,789.294
S00031,C010,795.731
S00031,C011,657.686
S00031,C012,548.047
S00031,C013,491.577
S00031,C014,393.252
S00031,C015,296.16
S00031,C016,736.045
S00031,C017,581.865
S00031,C018,549.379
S00031,C019,472.449
S00031,C020,429.832
S00032,C001,476.869
S00032,C002,444.917
S00032,C003,580.398
S00032,C004,576.933
S00032,C005,675.126
S00032,C006,228.475
S00032,C007,301.28
S00032,C008,349.158
S00032,C009,510.181
S00032,C010,611.492
S00032,C011,630.091
S00032,C012,621.79
S00032,C013,659.439
S00032,C014,628.668
S00032,C015,745.005
S00032,C016,106.386
S00032,C017,156.995
S00032,C018,280.023
S00032,C019,344.27
S00032,C020,302.441
S00033,C001,46.553
S00033,C002,92.202
S00033,C003,218.953
S00033,C004,276.853
S00033,C005,389.774
S00033,C006,647.206
S00033,C007,618.987
S00033,C008,694.828
S00033,C009,749.524
S00033,C010,799.945
S00033,C011,714.172
S00033,C012,633.265
S00033,C013,613.118
S00033,C014,526.746
S00033,C015,527.168
S00033,C016,472.878
S00033,C017,313.484
S00033,C018,249.611
S00033,C019,167.315
S00033,C020,326.909
S00034,C001,653.625
S00034,C002,517.527
S00034,C003,471.895
S00034,C004,391.008
S00034,C005,356.156
S00034,C006,638.258
S00034,C007,479.179
S00034,C008,531.384
S00034,C009,394.031
S00034,C010,346.204
S00034,C011,179.725
S00034,C012,65.881
S00034,C013,18.057
S00034,C014,103.704
S00034,C015,265.491
S00034,C016,745.735
S00034,C017,660.548
S00034,C018,723.011
S00034,C019,696.693
S00034,C020,369.483
S00035,C001,406.167
S00035,C002,305.788
S00035,C003,393.178
S00035,C004,362.061
S00035,C005,441.636
S00035,C006,342.664
S00035,C007,264.031
S00035,C008,341.942
S00035,C009,391.535
S00035,C010,457.613
S00035,C011,417.553
S00035,C012,381.651
S00035,C013,407.796
S00035,C014,370.616
S00035,C015,491.941
S00035,C016,354.101
S00035,C017,272.555
S00035,C018,358.833
S00035,C019,363.512
S00035,C020,56.119
S00036,C001,591.483
S00036,C002,455.465
S00036,C003,403.421
S00036,C004,322.254
S00036,C005,288.681
S00036,C006,639.919
S00036,C007,488.841
S00036,C008,548.273
S00036,C009,432.86
S00036,C010,399.263
S00036,C011,239.739
S00036,C012,124.665
S00036,C013,67.536
S00036,C014,36.931
S00036,C015,211.624
S00036,C016,719.298
S00036,C017,622.435
S00036,C018,675.929
S00036,C019,643.885
S00036,C020,332.439
S00037,C001,363.189
S00037,C002,238.494
S00037,C003,289.468
S00037,C004,247.628
S00037,C005,322.469
S00037,C006,460.12
S00037,C007,363.467
S00037,C008,440.854
S00037,C009,444.695
S00037,C010,484.696
S00037,C011,401.572
S00037,C012,334.693
S00037,C013,337.95
S00037,C014,279.12
S00037,C015,378.893
S00037,C016,452.841
S00037,C017,341.04
S00037,C018,394.993
S00037,C019,372.429
S00037,C020,65.152
S00038,C001,654.445
S00038,C002,584.477
S00038,C003,689.058
S00038,C004,659.158
S00038,C005,732.338
S00038,C006,55.285
S00038,C007,116.266
S00038,C008,129.702
S00038,C009,323.639
S00038,C010,437.206
S00038,C011,507.49
S00038,C012,539.75
S00038,C013,600.48
S00038,C014,604.635
S00038,C015,758.356
S00038,C016,311.372
S00038,C017,373.66
S00038,C018,498.278
S00038,C019,549.831
S00038,C020,353.331
S00039,C001,697.884
S00039,C002,615.549
S00039,C003,706.431
S00039,C004,667.968
S00039,C005,730.518
S00039,C006,118.789
S00039,C007,65.714
S00039,C008,50.883
S00039,C009,248.953
S00039,C010,364.168
S00039,C011,449.378
S00039,C012,494.751
S00039,C013,561.725
S00039,C014,577.939
S00039,C015,740.681
S00039,C016,388.75
S00039,C017,438.262
S00039,C018,561.654
S00039,C019,606.432
S00039,C020,367.622
S00040,C001,638.725
S00040,C002,502.616
S00040,C003,452.939
S00040,C004,371.733
S00040,C005,334.706
S00040,C006,645.984
S00040,C007,488.971
S00040,C008,543.291
S00040,C009,411.362
S00040,C010,366.538
S00040,C011,201.016
S00040,C012,86.307
S00040,C013,18.945
S00040,C014,82.563
S00040,C015,244.223
S00040,C016,744.761
S00040,C017,655.453
S00040,C018,714.63
S00040,C019,686.012
S00040,C020,364.265
S00041,C001,790.891
S00041,C002,657.047
S00041,C003,634.254
S00041,C004,555.693
S00041,C005,530.45
S00041,C006,611.855
S00041,C007,443.609
S00041,C008,472.558
S00041,C009,287.706
S00041,C010,201.909
S00041,C011,51.459
S00041,C012,120.182
S00041,C013,185.077
S00041,C014,277.966
S00041,C015,436.726
S00041,C016,785.603
S00041,C017,733.063
S00041,C018,816.764
S00041,C019,806.43
S00041,C020,456.978
S00042,C001,138.634
S00042,C002,245.339
S00042,C003,379.652
S00042,C004,436.833
S00042,C005,550.564
S00042,C006,643.265
S00042,C007,657.009
S00042,C008,726.499
S00042,C009,820.699
S00042,C010,888.301
S00042,C011,826.519
S00042,C012,758.721
S00042,C013,749.54
S00042,C014,669.81
S00042,C015,685.633
S00042,C016,406.049
S00042,C017,264.003
S00042,C018,150.248
S00042,C019,77.502
S00042,C020,413.755
S00043,C001,710.842
S00043,C002,575.194
S00043,C003,510.761
S00043,C004,428.713
S00043,C005,372.058
S00043,C006,719.864
S00043,C007,558.804
S00043,C008,607.663
S00043,C009,456.399
S00043,C010,392.231
S00043,C011,221.814
S00043,C012,129.611
S00043,C013,68.48
S00043,C014,140.97
S00043,C015,252.309
S00043,C016,828.585
S00043,C017,739.764
S00043,C018,797.232
S00043,C019,766.167
S00043,C020,448.616
S00044,C001,495.743
S00044,C002,359.781
S00044,C003,312.833
S00044,C004,233.423
S00044,C005,223.179
S00044,C006,612.313
S00044,C007,476.005
S00044,C008,543.776
S00044,C009,463.389
S00044,C010,452.264
S00044,C011,309.375
S00044,C012,202.212
S00044,C013,162.718
S00044,C014,78.008
S00044,C015,199.84
S00044,C016,654.634
S00044,C017,545.421
S00044,C018,589.554
S00044,C019,552.847
S00044,C020,262.513
S00045,C001,401.665
S00045,C002,283.0
S00045,C003,341.545
S00045,C004,298.726
S00045,C005,368.344
S00045,C006,412.972
S00045,C007,311.525
S00045,C008,388.811
S00045,C009,397.689
S00045,C010,444.535
S00045,C011,375.762
S00045,C012,322.235
S00045,C013,338.1
S00045,C014,293.158
S00045,C015,412.049
S00045,C016,430.738
S00045,C017,334.607
S00045,C018,403.933
S00045,C019,392.314
S00045,C020,43.846
S00046,C001,475.341
S00046,C002,453.877
S00046,C003,593.853
S00046,C004,594.996
S00046,C005,696.05
S00046,C006,252.13
S00046,C007,335.955
S00046,C008,381.135
S00046,C009,545.907
S00046,C010,647.797
S00046,C011,666.211
S00046,C012,656.344
S00046,C013,692.462
S00046,C014,659.157
S00046,C015,771.035
S00046,C016,70.122
S00046,C017,145.963
S00046,C018,263.825
S00046,C019,334.263
S00046,C020,329.983
S00047,C001,583.374
S00047,C002,468.466
S00047,C003,338.705
S00047,C004,274.824
S00047,C005,161.946
S00047,C006,870.025
S00047,C007,735.895
S00047,C008,802.802
S00047,C009,703.825
S00047,C010,667.797
S00047,C011,501.741
S00047,C012,387.73
S00047,C013,308.396
S00047,C014,237.615
S00047,C015,61.261
S00047,C016,878.524
S00047,C017,747.114
S00047,C018,757.322
S00047,C019,697.384
S00047,C020,496.028
S00048,C001,725.288
S00048,C002,590.44
S00048,C003,562.13
S00048,C004,483.076
S00048,C005,457.307
S00048,C006,605.7
S00048,C007,439.347
S00048,C008,479.489
S00048,C009,315.504
S00048,C010,250.722
S00048,C011,80.289
S00048,C012,47.67
S00048,C013,115.093
S00048,C014,205.025
S00048,C015,367.775
S00048,C016,753.544
S00048,C017,688.476
S00048,C018,765.125
S00048,C019,749.382
S00048,C020,404.558
S00049,C001,87.943
S00049,C002,65.237
S00049,C003,160.64
S00049,C004,223.456
S00049,C005,334.067
S00049,C006,673.083
S00049,C007,630.41
S00049,C008,707.579
S00049,C009,745.721
S00049,C010,787.996
S00049,C011,691.256
S00049,C012,603.939
S00049,C013,577.368
S00049,C014,487.325
S00049,C015,474.769
S00049,C016,519.022
S00049,C017,359.625
S00049,C018,306.079
S00049,C019,225.782
S00049,C020,325.593
S00050,C001,613.223
S00050,C002,513.787
S00050,C003,586.859
S00050,C004,541.18
S00050,C005,596.385
S00050,C006,228.455
S00050,C007,73.562
S00050,C008,145.85
S00050,C009,206.168
S00050,C010,302.042
S00050,C011,339.825
S00050,C012,366.403
S00050,C013,428.334
S00050,C014,439.563
S00050,C015,601.884
S00050,C016,414.358
S00050,C017,410.77
S00050,C018,524.149
S00050,C019,550.376
S00050,C020,254.006
S00051,C001,538.479
S00051,C002,527.818
S00051,C003,670.533
S00051,C004,673.891
S00051,C005,775.657
S00051,C006,256.298
S00051,C007,374.374
S00051,C008,406.288
S00051,C009,588.322
S00051,C010,695.568
S00051,C011,728.175
S00051,C012,725.787
S00051,C013,765.552
S00051,C014,735.807
S00051,C015,850.431
S00051,C016,53.2
S00051,C017,205.598
S00051,C018,308.192
S00051,C019,387.317
S00051,C020,408.664
S00052,C001,299.505
S00052,C002,191.135
S00052,C003,58.701
S00052,C004,29.709
S00052,C005,121.988
S00052,C006,726.52
S00052,C007,635.234
S00052,C008,712.2
S00052,C009,689.226
S00052,C010,700.645
S00052,C011,569.853
S00052,C012,464.516
S00052,C013,416.664
S00052,C014,318.766
S00052,C015,266.214
S00052,C016,653.768
S00052,C017,504.819
S00052,C018,490.057
S00052,C019,421.744
S00052,C020,328.657
S00053,C001,744.438
S00053,C002,610.522
S00053,C003,588.804
S00053,C004,510.713
S00053,C005,489.117
S00053,C006,589.823
S00053,C007,422.249
S00053,C008,457.991
S00053,C009,286.357
S00053,C010,216.713
S00053,C011,46.163
S00053,C012,76.679
S00053,C013,149.714
S00053,C014,237.572
S00053,C015,402.317
S00053,C016,750.391
S00053,C017,692.444
S00053,C018,773.638
S00053,C019,761.649
S00053,C020,413.291
S00054,C001,765.992
S00054,C002,648.152
S00054,C003,681.757
S00054,C004,617.73
S00054,C005,637.472
S00054,C006,390.403
S00054,C007,227.678
S00054,C008,236.986
S00054,C009,50.682
S00054,C010,99.441
S00054,C011,196.095
S00054,C012,280.161
S00054,C013,360.631
S00054,C014,416.289
S00054,C015,593.35
S00054,C016,616.319
S00054,C017,607.879
S00054,C018,715.254
S00054,C019,730.577
S00054,C020,394.192
S00055,C001,109.019
S00055,C002,220.749
S00055,C003,351.529
S00055,C004,410.472
S00055,C005,523.574
S00055,C006,652.038
S00055,C007,658.218
S00055,C008,729.173
S00055,C009,816.17
S00055,C010,880.495
S00055,C011,813.532
S00055,C012,742.669
S00055,C013,730.854
S00055,C014,649.304
S00055,C015,660.159
S00055,C016,424.319
S00055,C017,277.197
S00055,C018,170.297
S00055,C019,88.861
S00055,C020,404.027
S00056,C001,748.781
S00056,C002,662.612
S00056,C003,747.548
S00056,C004,705.211
S00056,C005,761.842
S00056,C006,157.259
S00056,C007,95.869
S00056,C008,20.54
S00056,C009,220.89
S00056,C010,336.926
S00056,C011,440.719
S00056,C012,498.144
S00056,C013,569.581
S00056,C014,594.733
S00056,C015,762.381
S00056,C016,440.623
S00056,C017,493.098
S00056,C018,616.425
S00056,C019,660.445
S00056,C020,409.926
S00057,C001,386.336
S00057,C002,269.006
S00057,C003,332.599
S00057,C004,292.995
S00057,C005,366.928
S00057,C006,414.939
S00057,C007,319.277
S00057,C008,396.936
S00057,C009,411.692
S00057,C010,460.064
S00057,C011,391.773
S00057,C012,337.089
S00057,C013,351.059
S00057,C014,303.071
S00057,C015,416.507
S00057,C016,421.621
S00057,C017,321.602
S00057,C018,388.751
S00057,C019,376.322
S00057,C020,30.518
S00058,C001,70.167
S00058,C002,154.392
S00058,C003,292.129
S00058,C004,346.414
S00058,C005,460.662
S00058,C006,623.422
S00058,C007,614.533
S00058,C008,687.819
S00058,C009,762.588
S00058,C010,822.351
S00058,C011,749.857
S00058,C012,676.679
S00058,C013,663.567
S00058,C014,581.631
S00058,C015,594.736
S00058,C016,421.807
S00058,C017,265.374
S00058,C018,183.241
S00058,C019,97.324
S00058,C020,344.984
S00059,C001,356.847
S00059,C002,373.161
S00059,C003,524.688
S00059,C004,546.079
S00059,C005,657.473
S00059,C006,403.029
S00059,C007,463.761
S00059,C008,519.428
S00059,C009,662.168
S00059,C010,753.801
S00059,C011,742.603
S00059,C012,710.153
S00059,C013,730.261
S00059,C014,677.702
S00059,C015,757.923
S00059,C016,139.213
S00059,C017,57.719
S00059,C018,116.876
S00059,C019,198.095
S00059,C020,348.869
S00060,C001,721.15
S00060,C002,657.675
S00060,C003,766.036
S00060,C004,737.503
S00060,C005,811.132
S00060,C006,41.005
S00060,C007,174.947
S00060,C008,151.685
S00060,C009,358.984
S00060,C010,475.049
S00060,C011,564.414
S00060,C012,606.282
S00060,C013,670.449
S00060,C014,679.344
S00060,C015,835.529
S00060,C016,334.586
S00060,C017,423.987
S00060,C018,548.278
S00060,C019,606.915
S00060,C020,431.553
S00061,C001,180.46
S00061,C002,248.635
S00061,C003,396.857
S00061,C004,442.149
S00061,C005,557.756
S00061,C006,566.92
S00061,C007,587.383
S00061,C008,655.028
S00061,C009,758.856
S00061,C010,832.104
S00061,C011,781.717
S00061,C012,722.179
S00061,C013,720.789
S00061,C014,647.597
S00061,C015,683.425
S00061,C016,329.938
S00061,C017,186.429
S00061,C018,76.226
S00061,C019,17.952
S00061,C020,364.997
S00062,C001,828.776
S00062,C002,727.68
S00062,C003,790.246
S00062,C004,736.466
S00062,C005,774.429
S00062,C006,290.774
S00062,C007,180.369
S00062,C008,130.038
S00062,C009,122.67
S00062,C010,227.922
S00062,C011,365.741
S00062,C012,447.921
S00062,C013,526.898
S00062,C014,573.073
S00062,C015,748.693
S00062,C016,568.925
S00062,C017,605.146
S00062,C018,725.185
S00062,C019,759.774
S00062,C020,466.517
S00063,C001,46.136
S00063,C002,150.34
S00063,C003,230.823
S00063,C004,303.223
S00063,C005,407.954
S00063,C006,723.617
S00063,C007,696.967
S00063,C008,772.869
S00063,C009,824.508
S00063,C010,871.481
S00063,C011,778.767
S00063,C012,692.486
S00063,C013,665.8
S00063,C014,575.114
S00063,C015,553.401
S00063,C016,536.786
S00063,C017,379.035
S00063,C018,297.772
S00063,C019,210.777
S00063,C020,402.041
S00064,C001,348.099
S00064,C002,229.767
S00064,C003,298.124
S00064,C004,264.186
S00064,C005,346.322
S00064,C006,440.516
S00064,C007,353.98
S00064,C008,431.927
S00064,C009,450.919
S00064,C010,498.0
S00064,C011,423.909
S00064,C012,362.201
S00064,C013,368.662
S00064,C014,311.409
S00064,C015,409.201
S00064,C016,421.361
S00064,C017,308.731
S00064,C018,365.0
S00064,C019,346.003
S00064,C020,41.807
S00065,C001,602.9
S00065,C002,468.547
S00065,C003,395.201
S00065,C004,313.208
S00065,C005,257.081
S00065,C006,703.244
S00065,C007,553.867
S00065,C008,613.86
S00065,C009,495.887
S00065,C010,455.827
S00065,C011,290.547
S00065,C012,175.882
S00065,C013,98.563
S00065,C014,46.678
S00065,C015,154.655
S00065,C016,770.395
S00065,C017,665.386
S00065,C018,709.742
S00065,C019,670.838
S00065,C020,379.488
S00066,C001,261.773
S00066,C002,162.937
S00066,C003,17.358
S00066,C004,65.438
S00066,C005,160.589
S00066,C006,728.96
S00066,C007,646.274
S00066,C008,723.868
S00066,C009,711.831
S00066,C010,728.572
S00066,C011,602.63
S00066,C012,499.507
S00066,C013,454.504
S00066,C014,357.155
S00066,C015,306.945
S00066,C016,639.135
S00066,C017,486.686
S00066,C018,463.157
S00066,C019,391.345
S00066,C020,334.754
S00067,C001,35.412
S00067,C002,154.931
S00067,C003,277.452
S00067,C004,339.032
S00067,C005,450.889
S00067,C006,662.875
S00067,C007,649.877
S00067,C008,723.926
S00067,C009,792.486
S00067,C010,848.55
S00067,C011,769.594
S00067,C012,691.942
S00067,C013,674.237
S00067,C014,588.987
S00067,C015,589.83
S00067,C016,462.142
S00067,C017,306.117
S00067,C018,219.981
S00067,C019,132.933
S00067,C020,371.916
S00068,C001,768.044
S00068,C002,652.5
S00068,C003,691.074
S00068,C004,628.731
S00068,C005,651.977
S00068,C006,370.698
S00068,C007,210.26
S00068,C008,215.27
S00068,C009,32.131
S00068,C010,114.261
S00068,C011,219.393
S00068,C012,301.626
S00068,C013,381.635
S00068,C014,434.736
S00068,C015,611.683
S00068,C016,603.017
S00068,C017,600.043
S00068,C018,709.52
S00068,C019,727.567
S00068,C020,395.975
S00069,C001,702.698
S00069,C002,640.491
S00069,C003,750.377
S00069,C004,723.089
S00069,C005,798.287
S00069,C006,21.901
S00069,C007,172.386
S00069,C008,157.975
S00069,C009,364.273
S00069,C010,480.05
S00069,C011,564.003
S00069,C012,602.322
S00069,C013,664.972
S00069,C014,671.232
S00069,C015,825.486
S00069,C016,316.485
S00069,C017,404.73
S00069,C018,529.02
S00069,C019,587.763
S00069,C020,417.119
S00070,C001,733.45
S00070,C002,625.841
S00070,C003,680.86
S00070,C004,625.174
S00070,C005,661.818
S00070,C006,293.698
S00070,C007,134.614
S00070,C008,140.99
S00070,C009,80.281
S00070,C010,190.492
S00070,C011,283.156
S00070,C012,349.04
S00070,C013,424.992
S00070,C014,464.235
S00070,C015,638.681
S00070,C016,531.826
S00070,C017,539.857
S00070,C018,653.84
S00070,C019,678.787
S00070,C020,364.746
S00071,C001,650.969
S00071,C002,514.851
S00071,C003,466.532
S00071,C004,385.393
S00071,C005,348.374
S00071,C006,645.654
S00071,C007,487.203
S00071,C008,540.023
S00071,C009,403.82
S00071,C010,356.102
S00071,C011,189.373
S00071,C012,75.809
S00071,C013,10.367
S00071,C014,96.365
S00071,C015,255.918
S00071,C016,749.913
S00071,C017,662.933
S00071,C018,723.857
S00071,C019,696.379
S00071,C020,371.745
S00072,C001,802.446
S00072,C002,672.137
S00072,C003,667.3
S00072,C004,592.144
S00072,C005,580.762
S00072,C006,551.043
S00072,C007,383.661
S00072,C008,404.006
S00072,C009,210.337
S00072,C010,120.981
S00072,C011,55.764
S00072,C012,171.279
S00072,C013,248.711
S00072,C014,332.291
S00072,C015,500.819
S00072,C016,747.047
S00072,C017,709.968
S00072,C018,802.776
S00072,C019,801.128
S00072,C020,449.454
S00073,C001,669.697
S00073,C002,533.727
S00073,C003,492.416
S00073,C004,411.92
S00073,C005,379.413
S00073,C006,629.825
S00073,C007,468.694
S00073,C008,518.451
S00073,C009,375.173
S00073,C010,323.97
S00073,C011,156.505
S00073,C012,44.681
S00073,C013,37.374
S00073,C014,126.826
S00073,C015,288.89
S00073,C016,746.707
S00073,C017,666.079
S00073,C018,732.023
S00073,C019,708.206
S00073,C020,375.747
S00074,C001,629.956
S00074,C002,495.976
S00074,C003,418.931
S00074,C004,337.146
S00074,C005,274.419
S00074,C006,724.569
S00074,C007,572.784
S00074,C008,630.854
S00074,C009,505.257
S00074,C010,458.9
S00074,C011,290.822
S00074,C012,178.829
S00074,C013,97.608
S00074,C014,73.771
S00074,C015,158.595
S00074,C016,797.386
S00074,C017,693.59
S00074,C018,738.388
S00074,C019,699.338
S00074,C020,407.02
S00075,C001,793.868
S00075,C002,679.941
S00075,C003,720.994
S00075,C004,659.219
S00075,C005,683.031
S00075,C006,368.306
S00075,C007,214.464
S00075,C008,208.053
S00075,C009,1.193
S00075,C010,115.416
S00075,C011,242.195
S00075,C012,329.533
S00075,C013,410.104
S00075,C014,465.076
S00075,C015,642.09
S00075,C016,612.265
S00075,C017,616.687
S00075,C018,728.387
S00075,C019,749.177
S00075,C020,422.016
S00076,C001,759.911
S00076,C002,653.834
S00076,C003,710.52
S00076,C004,655.135
S00076,C005,691.689
S00076,C006,291.63
S00076,C007,142.413
S00076,C008,131.749
S00076,C009,76.151
S00076,C010,191.959
S00076,C011,301.063
S00076,C012,373.028
S00076,C013,450.215
S00076,C014,492.155
S00076,C015,667.132
S00076,C016,542.482
S00076,C017,558.192
S00076,C018,674.026
S00076,C019,701.544
S00076,C020,392.518
S00077,C001,867.9
S00077,C002,749.9
S00077,C003,779.935
S00077,C004,713.689
S00077,C005,726.194
S00077,C006,444.265
S00077,C007,296.925
S00077,C008,280.829
S00077,C009,84.471
S00077,C010,69.215
S00077,C011,237.087
S00077,C012,342.796
S00077,C013,424.419
S00077,C014,493.356
S00077,C015,669.197
S00077,C016,696.017
S00077,C017,700.603
S00077,C018,811.272
S00077,C019,829.8
S00077,C020,496.016
S00078,C001,535.112
S00078,C002,406.207
S00078,C003,309.074
S00078,C004,229.345
S00078,C005,154.851
S00078,C006,742.724
S00078,C007,606.204
S00078,C008,672.826
S00078,C009,578.194
S00078,C010,550.152
S00078,C011,389.811
S00078,C012,274.297
S00078,C013,202.036
S00078,C014,114.588
S00078,C015,69.212
S00078,C016,769.183
S00078,C017,647.68
S00078,C018,674.009
S00078,C019,624.282
S00078,C020,379.618
S00079,C001,155.686
S00079,C002,47.531
S00079,C003,106.755
S00079,C004,157.531
S00079,C005,270.962
S00079,C006,658.298
S00079,C007,599.358
S00079,C008,677.289
S00079,C009,698.944
S00079,C010,734.284
S00079,C011,630.213
S00079,C012,539.518
S00079,C013,510.207
S00079,C014,419.175
S00079,C015,408.106
S00079,C016,534.869
S00079,C017,378.395
S00079,C018,345.838
S00079,C019,273.246
S00079,C020,286.858
S00080,C001,467.399
S00080,C002,362.179
S00080,C003,221.083
S00080,C004,170.665
S00080,C005,59.045
S00080,C006,837.32
S00080,C007,720.561
S00080,C008,793.112
S00080,C009,725.497
S00080,C010,708.967
S00080,C011,553.475
S00080,C012,438.358
S00080,C013,368.453
S00080,C014,276.841
S00080,C015,136.11
S00080,C016,806.149
S00080,C017,664.321
S00080,C018,659.346
S00080,C019,592.913
S00080,C020,444.181
S00081,C001,426.96
S00081,C002,329.443
S00081,C003,418.194
S00081,C004,386.515
S00081,C005,464.488
S00081,C006,318.513
S00081,C007,239.834
S00081,C008,317.628
S00081,C009,374.287
S00081,C010,444.874
S00081,C011,413.899
S00081,C012,384.946
S00081,C013,415.79
S00081,C014,383.904
S00081,C015,510.76
S00081,C016,344.345
S00081,C017,273.995
S00081,C018,367.029
S00081,C019,377.038
S00081,C020,80.579
S00082,C001,765.848
S00082,C002,655.296
S00082,C003,703.861
S00082,C004,645.201
S00082,C005,675.729
S00082,C006,328.284
S00082,C007,173.29
S00082,C008,169.985
S00082,C009,40.876
S00082,C010,154.622
S00082,C011,264.83
S00082,C012,341.825
S00082,C013,420.485
S00082,C014,467.675
S00082,C015,643.861
S00082,C016,571.498
S00082,C017,578.936
S00082,C018,692.13
S00082,C019,715.447
S00082,C020,395.244
S00083,C001,748.675
S00083,C002,614.535
S00083,C003,591.079
S00083,C004,512.661
S00083,C005,489.361
S00083,C006,597.405
S00083,C007,429.814
S00083,C008,465.351
S00083,C009,292.76
S00083,C010,221.213
S00083,C011,51.14
S00083,C012,77.538
S00083,C013,147.793
S00083,C014,237.365
S00083,C015,400.479
S00083,C016,757.619
S00083,C017,699.043
S00083,C018,779.697
S00083,C019,767.157
S00083,C020,419.243
S00084,C001,151.063
S00084,C002,180.665
S00084,C003,332.728
S00084,C004,371.355
S00084,C005,486.906
S00084,C006,541.258
S00084,C007,541.359
S00084,C008,612.722
S00084,C009,700.91
S00084,C010,768.49
S00084,C011,710.514
S00084,C012,647.687
S00084,C013,644.572
S00084,C014,570.772
S00084,C015,608.974
S00084,C016,339.897
S00084,C017,181.929
S00084,C018,119.876
S00084,C019,60.175
S00084,C020,295.38
S00085,C001,490.947
S00085,C002,371.904
S00085,C003,250.372
S00085,C004,179.863
S00085,C005,76.612
S00085,C006,788.387
S00085,C007,662.874
S00085,C008,733.243
S00085,C009,654.682
S00085,C010,633.833
S00085,C011,476.603
S00085,C012,361.305
S00085,C013,290.866
S00085,C014,199.96
S00085,C015,74.12
S00085,C016,782.462
S00085,C017,648.993
S00085,C018,658.649
S00085,C019,599.682
S00085,C020,404.813
S00086,C001,132.479
S00086,C002,129.386
S00086,C003,136.215
S00086,C004,215.219
S00086,C005,311.701
S00086,C006,747.702
S00086,C007,697.79
S00086,C008,775.486
S00086,C009,800.946
S00086,C010,835.119
S00086,C011,726.546
S00086,C012,631.613
S00086,C013,595.717
S00086,C014,500.931
S00086,C015,460.038
S00086,C016,596.247
S00086,C017,436.731
S00086,C018,376.529
S00086,C019,292.682
S00086,C020,387.315
S00087,C001,180.815
S00087,C002,110.047
S00087,C003,66.911
S00087,C004,142.917
S00087,C005,244.041
S00087,C006,720.682
S00087,C007,656.403
S00087,C008,734.45
S00087,C009,745.339
S00087,C010,773.448
S00087,C011,659.17
S00087,C012,561.861
S00087,C013,523.953
S00087,C014,428.678
S00087,C015,390.315
S00087,C016,597.763
S00087,C017,440.408
S00087,C018,399.937
S00087,C019,322.314
S00087,C020,342.236
S00088,C001,466.503
S00088,C002,347.357
S00088,C003,396.691
S00088,C004,346.134
S00088,C005,401.822
S00088,C006,388.454
S00088,C007,266.846
S00088,C008,341.811
S00088,C009,333.872
S00088,C010,379.893
S00088,C011,319.212
S00088,C012,279.019
S00088,C013,308.386
S00088,C014,281.976
S00088,C015,423.255
S00088,C016,451.751
S00088,C017,374.925
S00088,C018,455.82
S00088,C019,451.042
S00088,C020,99.649
S00089,C001,333.246
S00089,C002,385.883
S00089,C003,538.301
S00089,C004,573.51
S00089,C005,688.379
S00089,C006,500.104
S00089,C007,563.442
S00089,C008,619.448
S00089,C009,759.741
S00089,C010,848.783
S00089,C011,828.708
S00089,C012,788.113
S00089,C013,801.16
S00089,C014,740.463
S00089,C015,802.298
S00089,C016,217.869
S00089,C017,143.912
S00089,C018,85.729
S00089,C019,167.437
S00089,C020,422.414
S00090,C001,913.49
S00090,C002,795.144
S00090,C003,823.196
S00090,C004,755.96
S00090,C005,765.279
S00090,C006,476.154
S00090,C007,335.378
S00090,C008,312.074
S00090,C009,127.287
S00090,C010,93.658
S00090,C011,263.548
S00090,C012,374.013
S00090,C013,454.971
S00090,C014,528.454
S00090,C015,703.018
S00090,C016,735.404
S00090,C017,744.11
S00090,C018,855.674
S00090,C019,875.045
S00090,C020,541.642
S00091,C001,538.549
S00091,C002,532.628
S00091,C003,676.931
S00091,C004,682.381
S00091,C005,785.363
S00091,C006,273.793
S00091,C007,393.177
S00091,C008,424.795
S00091,C009,607.121
S00091,C010,714.296
S00091,C011,746.007
S00091,C012,742.465
S00091,C013,781.33
S00091,C014,750.203
S00091,C015,862.564
S00091,C016,48.196
S00091,C017,206.666
S00091,C018,303.686
S00091,C019,384.655
S00091,C020,421.676
S00092,C001,862.881
S00092,C002,743.033
S00092,C003,768.839
S00092,C004,701.308
S00092,C005,710.815
S00092,C006,458.797
S00092,C007,307.371
S00092,C008,296.27
S00092,C009,93.206
S00092,C010,46.289
S00092,C011,215.562
S00092,C012,322.962
S00092,C013,404.401
S00092,C014,475.392
S00092,C015,650.649
S00092,C016,704.725
S00092,C017,704.224
S00092,C018,813.084
S00092,C019,829.198
S00092,C020,491.631
S00093,C001,682.965
S00093,C002,604.543
S00093,C003,700.064
S00093,C004,664.388
S00093,C005,730.583
S00093,C006,94.73
S00093,C007,77.797
S00093,C008,77.136
S00093,C009,273.817
S00093,C010,388.515
S00093,C011,468.43
S00093,C012,509.231
S00093,C013,574.138
S00093,C014,586.211
S00093,C015,746.112
S00093,C016,362.84
S00093,C017,416.301
S00093,C018,540.211
S00093,C019,587.182
S00093,C020,361.37
S00094,C001,720.09
S00094,C002,617.757
S00094,C003,681.907
S00094,C004,630.226
S00094,C005,673.816
S00094,C006,251.383
S00094,C007,95.164
S00094,C008,100.705
S00094,C009,119.449
S00094,C010,232.255
S00094,C011,321.909
S00094,C012,381.198
S00094,C013,454.778
S00094,C014,487.417
S00094,C015,659.517
S00094,C016,494.863
S00094,C017,510.887
S00094,C018,627.497
S00094,C019,656.842
S00094,C020,356.556
S00095,C001,747.162
S00095,C002,638.883
S00095,C003,692.227
S00095,C004,635.676
S00095,C005,670.478
S00095,C006,303.408
S00095,C007,146.965
S00095,C008,147.493
S00095,C009,67.222
S00095,C010,179.699
S00095,C011,280.083
S00095,C012,350.271
S00095,C013,427.296
S00095,C014,469.359
S00095,C015,644.496
S00095,C016,545.216
S00095,C017,554.284
S00095,C018,668.336
S00095,C019,693.197
S00095,C020,377.969
S00096,C001,256.806
S00096,C002,327.923
S00096,C003,477.04
S00096,C004,520.711
S00096,C005,636.353
S00096,C006,557.595
S00096,C007,601.004
S00096,C008,663.16
S00096,C009,786.037
S00096,C010,867.206
S00096,C011,830.451
S00096,C012,778.797
S00096,C013,783.265
S00096,C014,714.608
S00096,C015,759.228
S00096,C016,291.662
S00096,C017,177.883
S00096,C018,57.476
S00096,C019,97.782
S00096,C020,414.979
S00097,C001,288.409
S00097,C002,310.885
S00097,C003,463.524
S00097,C004,490.408
S00097,C005,603.749
S00097,C006,448.513
S00097,C007,488.39
S00097,C008,550.399
S00097,C009,676.088
S00097,C010,760.533
S00097,C011,733.816
S00097,C012,691.187
S00097,C013,703.998
S00097,C014,644.204
S00097,C015,711.622
S00097,C016,205.411
S00097,C017,65.796
S00097,C018,59.025
S00097,C019,131.181
S00097,C020,325.346
S00098,C001,364.418
S00098,C002,248.663
S00098,C003,318.838
S00098,C004,283.804
S00098,C005,363.45
S00098,C006,421.288
S00098,C007,333.203
S00098,C008,411.148
S00098,C009,432.5
S00098,C010,482.224
S00098,C011,413.612
S00098,C012,356.815
S00098,C013,367.865
S00098,C014,315.604
S00098,C015,421.069
S00098,C016,412.05
S00098,C017,305.858
S00098,C018,368.904
S00098,C019,354.629
S00098,C020,23.064
S00099,C001,736.633
S00099,C002,604.768
S00099,C003,595.173
S00099,C004,519.516
S00099,C005,508.237
S00099,C006,544.782
S00099,C007,376.808
S00099,C008,410.715
S00099,C009,239.538
S00099,C010,178.022
S00099,C011,24.463
S00099,C012,102.571
S00099,C013,183.312
S00099,C014,261.319
S00099,C015,432.738
S00099,C016,714.705
S00099,C017,664.297
S00099,C018,750.676
S00099,C019,743.622
S00099,C020,392.501
S00100,C001,750.737
S00100,C002,617.228
S00100,C003,597.97
S00100,C004,520.276
S00100,C005,500.289
S00100,C006,583.488
S00100,C007,415.623
S00100,C008,449.731
S00100,C009,275.493
S00100,C010,204.219
S00100,C011,33.811
S00100,C012,87.804
S00100,C013,162.151
S00100,C014,249.141
S00100,C015,414.678
S00100,C016,748.546
S00100,C017,693.215
S00100,C018,776.019
S00100,C019,765.407
S00100,C020,416.075
S00101,C001,718.396
S00101,C002,639.618
S00101,C003,733.661
S00101,C004,696.611
S00101,C005,760.54
S00101,C006,103.289
S00101,C007,96.794
S00101,C008,61.628
S00101,C009,268.422
S00101,C010,384.414
S00101,C011,476.523
S00101,C012,524.538
S00101,C013,592.168
S00101,C014,609.017
S00101,C015,771.72
S00101,C016,388.584
S00101,C017,449.139
S00101,C018,573.387
S00101,C019,621.661
S00101,C020,394.809
S00102,C001,273.09
S00102,C002,246.942
S00102,C003,392.614
S00102,C004,405.947
S00102,C005,515.392
S00102,C006,410.727
S00102,C007,415.757
S00102,C008,484.948
S00102,C009,588.017
S00102,C010,665.444
S00102,C011,629.358
S00102,C012,583.825
S00102,C013,596.333
S00102,C014,537.975
S00102,C015,613.625
S00102,C016,241.408
S00102,C017,90.634
S00102,C018,146.028
S00102,C019,165.51
S00102,C020,217.865
S00103,C001,197.651
S00103,C002,284.118
S00103,C003,428.155
S00103,C004,478.156
S00103,C005,593.429
S00103,C006,598.41
S00103,C007,626.792
S00103,C008,692.914
S00103,C009,801.794
S00103,C010,876.474
S00103,C011,827.308
S00103,C012,767.618
S00103,C013,765.503
S00103,C014,691.279
S00103,C015,722.39
S00103,C016,346.709
S00103,C017,215.344
S00103,C018,92.643
S00103,C019,60.801
S00103,C020,410.542
S00104,C001,587.852
S00104,C002,457.667
S00104,C003,363.358
S00104,C004,283.481
S00104,C005,206.076
S00104,C006,757.431
S00104,C007,613.611
S00104,C008,676.577
S00104,C009,566.247
S00104,C010,527.886
S00104,C011,362.238
S00104,C012,247.875
S00104,C013,169.295
S00104,C014,102.727
S00104,C015,83.56
S00104,C016,802.549
S00104,C017,686.981
S00104,C018,719.325
S00104,C019,672.557
S00104,C020,410.656
S00105,C001,656.618
S00105,C002,599.554
S00105,C003,714.717
S00105,C004,691.667
S00105,C005,771.759
S00105,C006,31.563
S00105,C007,183.535
S00105,C008,189.797
S00105,C009,389.71
S00105,C010,503.901
S00105,C011,573.866
S00105,C012,602.504
S00105,C013,660.673
S00105,C014,659.388
S00105,C015,807.485
S00105,C016,266.276
S00105,C017,354.039
S00105,C018,478.096
S00105,C019,538.134
S00105,C020,386.813
S00106,C001,480.015
S00106,C002,480.493
S00106,C003,627.487
S00106,C004,637.702
S00106,C005,743.657
S00106,C006,311.9
S00106,C007,411.378
S00106,C008,452.248
S00106,C009,622.71
S00106,C010,725.483
S00106,C011,743.232
S00106,C012,730.314
S00106,C013,763.456
S00106,C014,725.384
S00106,C015,828.315
S00106,C016,14.842
S00106,C017,150.645
S00106,C018,242.985
S00106,C019,324.41
S00106,C020,392.927
S00107,C001,695.877
S00107,C002,632.251
S00107,C003,741.133
S00107,C004,713.289
S00107,C005,788.0
S00107,C006,18.543
S00107,C007,162.045
S00107,C008,150.418
S00107,C009,355.951
S00107,C010,471.561
S00107,C011,553.917
S00107,C012,591.641
S00107,C013,654.149
S00107,C014,660.344
S00107,C015,814.716
S00107,C016,316.353
S00107,C017,400.583
S00107,C018,525.079
S00107,C019,582.665
S00107,C020,407.307
S00108,C001,342.903
S00108,C002,231.978
S00108,C003,313.905
S00108,C004,285.628
S00108,C005,371.831
S00108,C006,419.587
S00108,C007,341.841
S00108,C008,419.885
S00108,C009,452.051
S00108,C010,505.361
S00108,C011,439.979
S00108,C012,383.597
S00108,C013,393.641
S00108,C014,338.927
S00108,C015,437.623
S00108,C016,392.741
S00108,C017,281.421
S00108,C018,342.171
S00108,C019,328.124
S00108,C020,29.576
S00109,C001,512.003
S00109,C002,484.385
S00109,C003,620.876
S00109,C004,617.706
S00109,C005,715.654
S00109,C006,213.811
S00109,C007,309.376
S00109,C008,349.24
S00109,C009,521.937
S00109,C010,626.873
S00109,C011,654.947
S00109,C012,652.05
S00109,C013,692.505
S00109,C014,664.788
S00109,C015,784.03
S00109,C016,90.953
S00109,C017,185.296
S00109,C018,304.243
S00109,C019,373.761
S00109,C020,341.142
S00110,C001,630.502
S00110,C002,495.395
S00110,C003,427.396
S00110,C004,345.349
S00110,C005,291.691
S00110,C006,697.796
S00110,C007,544.42
S00110,C008,601.476
S00110,C009,474.245
S00110,C010,428.511
S00110,C011,261.103
S00110,C012,148.233
S00110,C013,67.68
S00110,C014,61.965
S00110,C015,185.579
S00110,C016,778.506
S00110,C017,679.077
S00110,C018,728.517
S00110,C019,692.761
S00110,C020,390.234
S00111,C001,658.073
S00111,C002,522.109
S00111,C003,481.445
S00111,C004,401.099
S00111,C005,370.232
S00111,C006,624.28
S00111,C007,464.118
S00111,C008,515.203
S00111,C009,375.907
S00111,C010,328.117
S00111,C011,162.325
S00111,C012,47.756
S00111,C013,35.479
S00111,C014,117.715
S00111,C015,282.942
S00111,C016,737.579
S00111,C017,655.72
S00111,C018,720.978
S00111,C019,696.81
S00111,C020,365.172
S00112,C001,300.627
S00112,C002,175.258
S00112,C003,95.107
S00112,C004,34.527
S00112,C005,141.149
S00112,C006,670.186
S00112,C007,576.549
S00112,C008,653.434
S00112,C009,632.221
S00112,C010,647.022
S00112,C011,521.649
S00112,C012,420.1
S00112,C013,379.144
S00112,C014,283.609
S00112,C015,265.237
S00112,C016,610.101
S00112,C017,465.907
S00112,C018,463.784
S00112,C019,402.593
S00112,C020,271.623
S00113,C001,329.667
S00113,C002,320.192
S00113,C003,467.716
S00113,C004,481.617
S00113,C005,590.527
S00113,C006,375.42
S00113,C007,410.678
S00113,C008,472.786
S00113,C009,600.312
S00113,C010,687.276
S00113,C011,668.78
S00113,C012,633.771
S00113,C013,653.254
S00113,C014,601.195
S00113,C015,685.48
S00113,C016,167.893
S00113,C017,19.452
S00113,C018,135.483
S00113,C019,191.968
S00113,C020,271.858
S00114,C001,413.53
S00114,C002,323.202
S00114,C003,421.358
S00114,C004,395.021
S00114,C005,478.13
S00114,C006,310.308
S00114,C007,247.508
S00114,C008,324.28
S00114,C009,394.996
S00114,C010,469.403
S00114,C011,442.288
S00114,C012,413.594
S00114,C013,443.419
S00114,C014,409.016
S00114,C015,531.036
S00114,C016,317.033
S00114,C017,245.613
S00114,C018,340.988
S00114,C019,354.677
S00114,C020,91.66
S00115,C001,769.376
S00115,C002,656.987
S00115,C003,701.931
S00115,C004,641.866
S00115,C005,669.637
S00115,C006,344.56
S00115,C007,187.878
S00115,C008,186.806
S00115,C009,28.004
S00115,C010,138.378
S00115,C011,249.316
S00115,C012,328.871
S00115,C013,408.163
S00115,C014,457.842
S00115,C015,634.42
S00115,C016,584.765
S00115,C017,588.863
S00115,C018,700.871
S00115,C019,722.41
S00115,C020,397.946
S00116,C001,259.664
S00116,C002,131.293
S00116,C003,89.29
S00116,C004,70.813
S00116,C005,184.413
S00116,C006,647.426
S00116,C007,563.283
S00116,C008,640.923
S00116,C009,634.01
S00116,C010,656.699
S00116,C011,539.963
S00116,C012,443.293
S00116,C013,408.647
S00116,C014,315.787
S00116,C015,309.308
S00116,C016,572.468
S00116,C017,425.542
S00116,C018,419.745
S00116,C019,358.012
S00116,C020,251.894
S00117,C001,376.053
S00117,C002,370.25
S00117,C003,517.49
S00117,C004,529.869
S00117,C005,637.687
S00117,C006,348.204
S00117,C007,403.239
S00117,C008,459.645
S00117,C009,601.948
S00117,C010,694.601
S00117,C011,688.09
S00117,C012,660.533
S00117,C013,684.879
S00117,C014,637.664
S00117,C015,728.881
S00117,C016,117.962
S00117,C017,43.096
S00117,C018,160.522
S00117,C019,230.071
S00117,C020,305.192
S00118,C001,615.799
S00118,C002,485.368
S00118,C003,391.155
S00118,C004,311.443
S00118,C005,231.801
S00118,C006,770.132
S00118,C007,623.145
S00118,C008,684.159
S00118,C009,566.08
S00118,C010,522.166
S00118,C011,354.291
S00118,C012,241.902
S00118,C013,161.008
S00118,C014,111.166
S00118,C015,99.189
S00118,C016,823.523
S00118,C017,710.468
S00118,C018,745.044
S00118,C019,699.298
S00118,C020,431.373
S00119,C001,264.359
S00119,C002,292.848
S00119,C003,445.787
S00119,C004,475.845
S00119,C005,589.993
S00119,C006,470.673
S00119,C007,505.163
S00119,C008,568.762
S00119,C009,689.152
S00119,C010,771.101
S00119,C011,739.026
S00119,C012,692.663
S00119,C013,702.547
S00119,C014,639.874
S00119,C015,701.382
S00119,C016,230.593
S00119,C017,87.626
S00119,C018,39.764
S00119,C019,105.956
S00119,C020,326.83
S00120,C001,624.934
S00120,C002,489.817
S00120,C003,422.137
S00120,C004,340.09
S00120,C005,287.315
S00120,C006,694.802
S00120,C007,541.979
S00120,C008,599.511
S00120,C009,473.964
S00120,C010,429.552
S00120,C011,262.696
S00120,C012,149.191
S00120,C013,69.496
S00120,C014,56.441
S00120,C015,183.248
S00120,C016,773.936
S00120,C017,674.026
S00120,C018,723.145
S00120,C019,687.253
S00120,C020,385.371
S00121,C001,287.065
S00121,C002,172.134
S00121,C003,60.057
S00121,C004,24.719
S00121,C005,137.491
S00121,C006,701.834
S00121,C007,612.142
S00121,C008,689.3
S00121,C009,670.434
S00121,C010,684.925
S00121,C011,557.882
S00121,C012,454.764
S00121,C013,410.613
S00121,C014,313.694
S00121,C015,275.796
S00121,C016,629.287
S00121,C017,481.072
S00121,C018,469.192
S00121,C019,402.785
S00121,C020,304.322
S00122,C001,899.929
S00122,C002,778.585
S00122,C003,799.661
S00122,C004,730.421
S00122,C005,734.894
S00122,C006,496.385
S00122,C007,347.483
S00122,C008,332.997
S00122,C009,133.521
S00122,C010,59.894
S00122,C011,225.249
S00122,C012,337.693
S00122,C013,417.95
S00122,C014,494.466
S00122,C015,667.695
S00122,C016,745.515
S00122,C017,745.269
S00122,C018,853.735
S00122,C019,868.966
S00122,C020,529.433
S00123,C001,262.336
S00123,C002,291.613
S00123,C003,444.564
S00123,C004,474.97
S00123,C005,589.194
S00123,C006,472.933
S00123,C007,507.083
S00123,C008,570.788
S00123,C009,690.789
S00123,C010,772.538
S00123,C011,740.018
S00123,C012,693.331
S00123,C013,702.948
S00123,C014,640.012
S00123,C015,700.938
S00123,C016,232.859
S00123,C017,89.91
S00123,C018,37.964
S00123,C019,103.669
S00123,C020,327.548
S00124,C001,688.87
S00124,C002,638.023
S00124,C003,756.925
S00124,C004,736.085
S00124,C005,817.866
S00124,C006,57.148
S00124,C007,224.904
S00124,C008,219.056
S00124,C009,424.238
S00124,C010,539.635
S00124,C011,616.953
S00124,C012,648.669
S00124,C013,707.766
S00124,C014,707.229
S00124,C015,855.152
S00124,C016,269.873
S00124,C017,376.242
S00124,C018,498.319
S00124,C019,563.286
S00124,C020,432.18
S00125,C001,673.401
S00125,C002,597.75
S00125,C003,696.369
S00125,C004,662.612
S00125,C005,731.205
S00125,C006,79.47
S00125,C007,89.483
S00125,C008,94.811
S00125,C009,290.656
S00125,C010,404.999
S00125,C011,481.62
S00125,C012,519.499
S00125,C013,583.017
S00125,C014,592.391
S00125,C015,750.292
S00125,C016,345.538
S00125,C017,401.918
S00125,C018,526.126
S00125,C019,574.635
S00125,C020,358.26
S00126,C001,477.426
S00126,C002,362.691
S00126,C003,233.724
S00126,C004,168.792
S00126,C005,56.63
S00126,C006,802.638
S00126,C007,680.785
S00126,C008,752.158
S00126,C009,678.664
S00126,C010,660.113
S00126,C011,504.003
S00126,C012,388.846
S00126,C013,319.087
S00126,C014,227.347
S00126,C015,96.47
S00126,C016,786.585
S00126,C017,649.747
S00126,C018,653.985
S00126,C019,592.225
S00126,C020,414.528
S00127,C001,668.08
S00127,C002,534.343
S00127,C003,517.033
S00127,C004,440.446
S00127,C005,428.29
S00127,C006,552.97
S00127,C007,389.196
S00127,C008,436.013
S00127,C009,292.666
S00127,C010,251.77
S00127,C011,100.0
S00127,C012,42.426
S00127,C013,118.893
S00127,C014,183.829
S00127,C015,358.442
S00127,C016,690.139
S00127,C017,623.582
S00127,C018,700.857
S00127,C019,686.629
S00127,C020,340.221
S00128,C001,496.581
S00128,C002,373.362
S00128,C003,260.912
S00128,C004,185.575
S00128,C005,95.452
S00128,C006,766.473
S00128,C007,638.252
S00128,C008,707.867
S00128,C009,626.326
S00128,C010,604.74
S00128,C011,447.557
S00128,C012,332.305
S00128,C013,262.501
S00128,C014,170.894
S00128,C015,67.202
S00128,C016,769.382
S00128,C017,639.323
S00128,C018,654.378
S00128,C019,598.438
S00128,C020,387.388
S00129,C001,494.096
S00129,C002,359.537
S00129,C003,294.21
S00129,C004,212.604
S00129,C005,185.471
S00129,C006,653.692
S00129,C007,519.257
S00129,C008,587.4
S00129,C009,505.38
S00129,C010,490.068
S00129,C011,341.265
S00129,C012,229.667
S00129,C013,176.668
S00129,C014,79.395
S00129,C015,157.653
S00129,C016,685.444
S00129,C017,569.965
S00129,C018,606.211
S00129,C019,563.927
S00129,C020,293.956
S00130,C001,657.538
S00130,C002,579.585
S00130,C003,676.445
S00130,C004,641.954
S00130,C005,710.001
S00130,C006,95.445
S00130,C007,73.292
S00130,C008,95.735
S00130,C009,281.381
S00130,C010,394.411
S00130,C011,465.237
S00130,C012,500.486
S00130,C013,563.158
S00130,C014,571.487
S00130,C015,729.009
S00130,C016,344.667
S00130,C017,392.61
S00130,C018,516.219
S00130,C019,562.28
S00130,C020,338.035
S00131,C001,823.08
S00131,C002,705.199
S00131,C003,736.81
S00131,C004,671.489
S00131,C005,687.035
S00131,C006,417.873
S00131,C007,263.445
S00131,C008,256.991
S00131,C009,50.165
S00131,C010,67.454
S00131,C011,214.66
S00131,C012,313.195
S00131,C013,394.875
S00131,C014,458.673
S00131,C015,635.357
S00131,C016,659.849
S00131,C017,659.253
S00131,C018,768.668
S00131,C019,785.954
S00131,C020,451.215
S00132,C001,716.768
S00132,C002,622.421
S00132,C003,698.155
S00132,C004,651.76
S00132,C005,703.373
S00132,C006,196.672
S00132,C007,60.174
S00132,C008,45.99
S00132,C009,171.167
S00132,C010,286.253
S00132,C011,377.719
S00132,C012,432.372
S00132,C013,503.673
S00132,C014,529.977
S00132,C015,698.922
S00132,C016,453.997
S00132,C017,484.781
S00132,C018,604.989
S00132,C019,641.147
S00132,C020,364.3
S00133,C001,243.453
S00133,C002,160.195
S00133,C003,19.238
S00133,C004,98.226
S00133,C005,185.237
S00133,C006,747.125
S00133,C007,669.85
S00133,C008,747.681
S00133,C009,741.099
S00133,C010,759.858
S00133,C011,635.249
S00133,C012,532.452
S00133,C013,487.41
S00133,C014,389.949
S00133,C015,334.055
S00133,C016,644.729
S00133,C017,489.788
S00133,C018,457.798
S00133,C019,382.432
S00133,C020,356.579
S00134,C001,352.726
S00134,C002,231.055
S00134,C003,124.342
S00134,C004,43.206
S00134,C005,86.448
S00134,C006,705.283
S00134,C007,601.35
S00134,C008,676.872
S00134,C009,638.374
S00134,C010,642.914
S00134,C011,506.904
S00134,C012,399.595
S00134,C013,349.689
S00134,C014,251.595
S00134,C015,210.407
S00134,C016,661.049
S00134,C017,519.621
S00134,C018,520.391
S00134,C019,459.258
S00134,C020,307.374
S00135,C001,445.523
S00135,C002,330.486
S00135,C003,390.651
S00135,C004,345.488
S00135,C005,409.08
S00135,C006,374.718
S00135,C007,264.148
S00135,C008,340.906
S00135,C009,350.506
S00135,C010,402.963
S00135,C011,348.357
S00135,C012,308.93
S00135,C013,336.624
S00135,C014,305.763
S00135,C015,440.223
S00135,C016,423.659
S00135,C017,344.864
S00135,C018,426.53
S00135,C019,423.664
S00135,C020,74.405
S00136,C001,405.222
S00136,C002,292.748
S00136,C003,161.536
S00136,C004,98.969
S00136,C005,16.687
S00136,C006,770.094
S00136,C007,659.476
S00136,C008,733.612
S00136,C009,680.069
S00136,C010,673.856
S00136,C011,527.045
S00136,C012,414.543
S00136,C013,353.502
S00136,C014,255.996
S00136,C015,164.125
S00136,C016,732.097
S00136,C017,590.232
S00136,C018,587.441
S00136,C019,523.131
S00136,C020,374.16
S00137,C001,42.953
S00137,C002,117.535
S00137,C003,207.186
S00137,C004,276.164
S00137,C005,383.652
S00137,C006,699.434
S00137,C007,668.232
S00137,C008,744.525
S00137,C009,792.89
S00137,C010,839.006
S00137,C011,745.983
S00137,C012,660.016
S00137,C013,634.096
S00137,C014,544.025
S00137,C015,527.215
S00137,C016,522.748
S00137,C017,363.755
S00137,C018,291.703
S00137,C019,206.065
S00137,C020,370.681
S00138,C001,577.642
S00138,C002,443.429
S00138,C003,370.179
S00138,C004,288.154
S00138,C005,235.339
S00138,C006,694.241
S00138,C007,548.009
S00138,C008,610.091
S00138,C009,500.087
S00138,C010,465.632
S00138,C011,303.261
S00138,C012,187.781
S00138,C013,115.307
S00138,C014,35.891
S00138,C015,144.361
S00138,C016,752.82
S00138,C017,644.984
S00138,C018,687.037
S00138,C019,646.979
S00138,C020,361.081
S00139,C001,646.102
S00139,C002,512.521
S00139,C003,497.341
S00139,C004,421.459
S00139,C005,413.078
S00139,C006,541.94
S00139,C007,379.977
S00139,C008,429.919
S00139,C009,296.14
S00139,C010,263.556
S00139,C011,119.464
S00139,C012,54.512
S00139,C013,120.059
S00139,C014,173.322
S00139,C015,349.718
S00139,C016,671.964
S00139,C017,603.032
S00139,C018,679.28
S00139,C019,664.571
S00139,C020,318.677
S00140,C001,333.25
S00140,C002,209.894
S00140,C003,270.721
S00140,C004,236.138
S00140,C005,319.822
S00140,C006,468.514
S00140,C007,381.051
S00140,C008,458.906
S00140,C009,471.606
S00140,C010,513.987
S00140,C011,431.619
S00140,C012,363.188
S00140,C013,363.37
S00140,C014,299.883
S00140,C015,387.945
S00140,C016,441.579
S00140,C017,322.326
S00140,C018,369.761
S00140,C019,344.127
S00140,C020,69.896
S00141,C001,362.206
S00141,C002,360.083
S00141,C003,508.456
S00141,C004,522.947
S00141,C005,631.772
S00141,C006,363.618
S00141,C007,415.999
S00141,C008,473.435
S00141,C009,613.026
S00141,C010,704.4
S00141,C011,694.598
S00141,C012,664.591
S00141,C013,687.146
S00141,C014,637.892
S00141,C015,725.593
S00141,C016,129.827
S00141,C017,29.739
S00141,C018,144.81
S00141,C019,214.711
S00141,C020,306.444
S00142,C001,411.915
S00142,C002,281.189
S00142,C003,200.335
S00142,C004,118.448
S00142,C005,113.909
S00142,C006,673.151
S00142,C007,555.484
S00142,C008,628.572
S00142,C009,572.755
S00142,C010,570.119
S00142,C011,429.678
S00142,C012,321.114
S00142,C013,271.039
S00142,C014,173.311
S00142,C015,170.87
S00142,C016,662.906
S00142,C017,532.552
S00142,C018,551.091
S00142,C019,499.181
S00142,C020,284.917
S00143,C001,399.24
S00143,C002,271.37
S00143,C003,306.224
S00143,C004,255.056
S00143,C005,316.847
S00143,C006,465.263
S00143,C007,355.684
S00143,C008,431.705
S00143,C009,418.664
S00143,C010,452.154
S00143,C011,363.201
S00143,C012,294.99
S00143,C013,299.686
S00143,C014,245.283
S00143,C015,357.807
S00143,C016,480.83
S00143,C017,375.863
S00143,C018,433.822
S00143,C019,412.135
S00143,C020,88.694
S00144,C001,473.505
S00144,C002,480.534
S00144,C003,629.187
S00144,C004,642.355
S00144,C005,749.771
S00144,C006,334.884
S00144,C007,434.14
S00144,C008,475.482
S00144,C009,645.08
S00144,C010,747.269
S00144,C011,762.594
S00144,C012,747.467
S00144,C013,778.96
S00144,C014,738.691
S00144,C015,837.85
S00144,C016,37.075
S00144,C017,149.546
S00144,C018,231.324
S00144,C019,314.848
S00144,C020,405.623
S00145,C001,236.041
S00145,C002,259.415
S00145,C003,412.342
S00145,C004,442.673
S00145,C005,556.997
S00145,C006,479.642
S00145,C007,502.854
S00145,C008,569.154
S00145,C009,680.397
S00145,C010,758.659
S00145,C011,719.997
S00145,C012,669.757
S00145,C013,676.912
S00145,C014,611.952
S00145,C015,669.704
S00145,C016,255.218
S00145,C017,101.938
S00145,C018,56.027
S00145,C019,87.037
S00145,C020,304.98
S00146,C001,706.444
S00146,C002,571.234
S00146,C003,540.081
S00146,C004,460.717
S00146,C005,433.934
S00146,C006,608.831
S00146,C007,443.769
S00146,C008,487.139
S00146,C009,329.975
S00146,C010,270.501
S00146,C011,101.101
S00146,C012,27.399
S00146,C013,92.601
S00146,C014,181.619
S00146,C015,345.101
S00146,C016,747.64
S00146,C017,678.14
S00146,C018,751.992
S00146,C019,734.13
S00146,C020,391.909
S00147,C001,640.543
S00147,C002,504.724
S00147,C003,445.585
S00147,C004,363.727
S00147,C005,317.679
S00147,C006,674.95
S00147,C007,519.123
S00147,C008,574.267
S00147,C009,442.688
S00147,C010,395.686
S00147,C011,228.335
S00147,C012,115.466
S00147,C013,35.025
S00147,C014,72.317
S00147,C015,217.693
S00147,C016,766.472
S00147,C017,672.578
S00147,C018,727.289
S00147,C019,695.241
S00147,C020,381.982
S00148,C001,353.134
S00148,C002,240.459
S00148,C003,111.71
S00148,C004,47.71
S00148,C005,69.188
S00148,C006,740.895
S00148,C007,638.888
S00148,C008,714.571
S00148,C009,675.813
S00148,C010,678.617
S00148,C011,539.843
S00148,C012,430.766
S00148,C013,376.919
S00148,C014,278.394
S00148,C015,212.426
S00148,C016,688.037
S00148,C017,543.274
S00148,C018,536.433
S00148,C019,471.029
S00148,C020,342.387
S00149,C001,560.416
S00149,C002,437.685
S00149,C003,322.433
S00149,C004,249.104
S00149,C005,149.554
S00149,C006,806.496
S00149,C007,670.562
S00149,C008,737.043
S00149,C009,638.697
S00149,C010,605.441
S00149,C011,441.268
S00149,C012,326.322
S00149,C013,248.931
S00149,C014,172.569
S00149,C015,4.855
S00149,C016,825.173
S00149,C017,698.799
S00149,C018,717.317
S00149,C019,662.404
S00149,C020,438.401
S00150,C001,567.801
S00150,C002,439.837
S00150,C003,338.392
S00150,C004,260.014
S00150,C005,176.176
S00150,C006,768.959
S00150,C007,629.003
S00150,C008,693.886
S00150,C009,590.513
S00150,C010,555.883
S00150,C011,391.669
S00150,C012,276.688
S00150,C013,199.593
S00150,C014,124.364
S00150,C015,53.727
S00150,C016,802.045
S00150,C017,681.799
S00150,C018,708.701
S00150,C019,658.78
S00150,C020,411.582
S00151,C001,468.387
S00151,C002,356.232
S00151,C003,419.319
S00151,C004,374.129
S00151,C005,436.158
S00151,C006,349.981
S00151,C007,235.573
S00151,C008,312.197
S00151,C009,326.254
S00151,C010,383.96
S00151,C011,340.575
S00151,C012,310.801
S00151,C013,345.08
S00151,C014,321.747
S00151,C015,462.51
S00151,C016,416.076
S00151,C017,347.932
S00151,C018,436.22
S00151,C019,438.602
S00151,C020,96.39
S00152,C001,745.408
S00152,C002,639.357
S00152,C003,696.596
S00152,C004,641.637
S00152,C005,679.25
S00152,C006,286.022
S00152,C007,132.347
S00152,C008,129.197
S00152,C009,82.661
S00152,C010,196.875
S00152,C011,297.912
S00152,C012,366.123
S00152,C013,442.444
S00152,C014,482.18
S00152,C015,656.636
S00152,C016,531.897
S00152,C017,545.189
S00152,C018,660.563
S00152,C019,687.521
S00152,C020,378.029
S00153,C001,230.097
S00153,C002,264.162
S00153,C003,417.015
S00153,C004,450.649
S00153,C005,565.527
S00153,C006,496.581
S00153,C007,522.255
S00153,C008,588.177
S00153,C009,700.251
S00153,C010,778.407
S00153,C011,738.802
S00153,C012,687.42
S00153,C013,693.367
S00153,C014,627.051
S00153,C015,680.972
S00153,C016,264.355
S00153,C017,115.992
S00153,C018,40.321
S00153,C019,73.04
S00153,C020,323.243
S00154,C001,737.928
S00154,C002,601.947
S00154,C003,557.745
S00154,C004,476.643
S00154,C005,436.43
S00154,C006,664.254
S00154,C007,498.856
S00154,C008,540.758
S00154,C009,376.597
S00154,C010,305.969
S00154,C011,136.529
S00154,C012,75.129
S00154,C013,88.117
S00154,C014,186.642
S00154,C015,331.073
S00154,C016,800.678
S00154,C017,726.985
S00154,C018,796.708
S00154,C019,774.912
S00154,C020,438.317
S00155,C001,216.246
S00155,C002,93.145
S00155,C003,77.358
S00155,C004,100.898
S00155,C005,216.348
S00155,C006,654.751
S00155,C007,580.992
S00155,C008,658.994
S00155,C009,663.973
S00155,C010,691.836
S00155,C011,579.947
S00155,C012,485.429
S00155,C013,452.565
S00155,C014,360.157
S00155,C015,349.038
S00155,C016,558.934
S00155,C017,407.225
S00155,C018,390.139
S00155,C019,323.529
S00155,C020,266.716
S00156,C001,777.886
S00156,C002,646.299
S00156,C003,636.558
S00156,C004,560.53
S00156,C005,546.59
S00156,C006,559.475
S00156,C007,391.285
S00156,C008,417.919
S00156,C009,232.669
S00156,C010,153.226
S00156,C011,20.729
S00156,C012,136.087
S00156,C013,213.318
S00156,C014,297.348
S00156,C015,465.418
S00156,C016,742.865
S00156,C017,698.434
S00156,C018,787.504
S00156,C019,782.447
S00156,C020,430.872
S00157,C001,175.651
S00157,C002,239.744
S00157,C003,388.595
S00157,C004,433.038
S00157,C005,548.666
S00157,C006,562.285
S00157,C007,580.356
S00157,C008,648.469
S00157,C009,750.554
S00157,C010,823.198
S00157,C011,772.027
S00157,C012,712.193
S00157,C013,710.687
S00157,C014,637.501
S00157,C015,673.82
S00157,C016,329.447
S00157,C017,183.246
S00157,C018,78.372
S00157,C019,9.586
S00157,C020,355.386
S00158,C001,208.357
S00158,C002,89.357
S00158,C003,72.629
S00158,C004,105.758
S00158,C005,220.509
S00158,C006,661.939
S00158,C007,589.973
S00158,C008,668.0
S00158,C009,674.466
S00158,C010,702.71
S00158,C011,590.884
S00158,C012,496.185
S00158,C013,462.852
S00158,C014,370.095
S00158,C015,355.559
S00158,C016,561.622
S00158,C017,408.839
S00158,C018,388.359
S00158,C019,320.09
S00158,C020,275.579
S00159,C001,427.365
S00159,C002,318.963
S00159,C003,392.676
S00159,C004,354.196
S00159,C005,425.898
S00159,C006,355.414
S00159,C007,259.093
S00159,C008,336.985
S00159,C009,367.201
S00159,C010,427.247
S00159,C011,381.102
S00159,C012,344.295
S00159,C013,371.693
S00159,C014,338.043
S00159,C015,466.433
S00159,C016,388.96
S00159,C017,309.932
S00159,C018,394.279
S00159,C019,395.264
S00159,C020,57.623
S00160,C001,456.681
S00160,C002,436.205
S00160,C003,577.02
S00160,C004,579.456
S00160,C005,681.468
S00160,C006,266.38
S00160,C007,342.601
S00160,C008,390.688
S00160,C009,550.631
S00160,C010,650.768
S00160,C011,664.36
S00160,C012,651.296
S00160,C013,685.471
S00160,C014,649.858
S00160,C015,758.762
S00160,C016,74.647
S00160,C017,127.548
S00160,C018,246.464
S00160,C019,315.951
S00160,C020,319.104
S00161,C001,87.505
S00161,C002,209.199
S00161,C003,333.066
S00161,C004,395.118
S00161,C005,506.951
S00161,C006,670.687
S00161,C007,671.402
S00161,C008,743.391
S00161,C009,824.449
S00161,C010,885.793
S00161,C011,813.92
S00161,C012,739.948
S00161,C013,725.22
S00161,C014,641.631
S00161,C015,645.821
S00161,C016,448.646
S00161,C017,299.298
S00161,C018,195.869
S00161,C019,112.219
S00161,C020,408.497
S00162,C001,378.749
S00162,C002,273.73
S00162,C003,358.442
S00162,C004,328.035
S00162,C005,409.908
S00162,C006,376.592
S00162,C007,297.631
S00162,C008,375.642
S00162,C009,416.139
S00162,C010,476.123
S00162,C011,424.087
S00162,C012,378.808
S00162,C013,398.101
S00162,C014,353.414
S00162,C015,466.108
S00162,C016,370.863
S00162,C017,275.307
S00162,C018,351.056
S00162,C019,347.729
S00162,C020,23.611
S00163,C001,604.597
S00163,C002,470.373
S00163,C003,395.999
S00163,C004,314.039
S00163,C005,256.649
S00163,C006,706.807
S00163,C007,557.399
S00163,C008,617.339
S00163,C009,498.965
S00163,C010,458.417
S00163,C011,292.842
S00163,C012,178.348
S00163,C013,100.488
S00163,C014,50.078
S00163,C015,152.417
S00163,C016,773.696
S00163,C017,668.418
S00163,C018,712.414
S00163,C019,673.227
S00163,C020,382.708
S00164,C001,732.57
S00164,C002,656.788
S00164,C003,753.492
S00164,C004,717.737
S00164,C005,783.005
S00164,C006,93.699
S00164,C007,120.868
S00164,C008,79.748
S00164,C009,286.944
S00164,C010,403.073
S00164,C011,499.114
S00164,C012,548.398
S00164,C013,616.253
S00164,C014,633.09
S00164,C015,795.471
S00164,C016,387.201
S00164,C017,456.105
S00164,C018,580.734
S00164,C019,631.692
S00164,C020,414.83
S00165,C001,800.876
S00165,C002,678.765
S00165,C003,700.71
S00165,C004,632.576
S00165,C005,641.924
S00165,C006,448.05
S00165,C007,285.786
S00165,C008,292.614
S00165,C009,90.389
S00165,C010,46.634
S00165,C011,159.574
S00165,C012,259.557
S00165,C013,341.297
S00165,C014,408.379
S00165,C015,584.41
S00165,C016,672.6
S00165,C017,658.832
S00165,C018,763.281
S00165,C019,774.512
S00165,C020,431.411
S00166,C001,254.117
S00166,C002,291.296
S00166,C003,444.158
S00166,C004,477.355
S00166,C005,592.094
S00166,C006,489.509
S00166,C007,523.986
S00166,C008,587.785
S00166,C009,707.069
S00166,C010,788.167
S00166,C011,753.815
S00166,C012,705.537
S00166,C013,713.709
S00166,C014,649.244
S00166,C015,706.375
S00166,C016,245.396
S00166,C017,106.39
S00166,C018,21.653
S00166,C019,91.738
S00166,C020,340.14
S00167,C001,728.914
S00167,C002,611.999
S00167,C003,649.08
S00167,C004,586.735
S00167,C005,610.999
S00167,C006,368.137
S00167,C007,201.895
S00167,C008,222.149
S00167,C009,73.579
S00167,C010,134.099
S00167,C011,201.005
S00167,C012,271.236
S00167,C013,349.49
S00167,C014,397.506
S00167,C015,574.069
S00167,C016,583.484
S00167,C017,571.251
S00167,C018,677.875
S00167,C019,692.79
S00167,C020,356.96
S00168,C001,668.311
S00168,C002,532.194
S00168,C003,483.557
S00168,C004,402.313
S00168,C005,363.397
S00168,C006,652.316
S00168,C007,492.288
S00168,C008,543.194
S00168,C009,401.26
S00168,C010,348.899
S00168,C011,180.302
S00168,C012,70.676
S00168,C013,14.316
S00168,C014,112.306
S00168,C015,266.53
S00168,C016,762.303
S00168,C017,677.4
S00168,C018,739.644
S00168,C019,712.904
S00168,C020,386.33
S00169,C001,354.565
S00169,C002,253.344
S00169,C003,346.305
S00169,C004,321.469
S00169,C005,408.925
S00169,C006,385.117
S00169,C007,315.977
S00169,C008,393.73
S00169,C009,441.098
S00169,C010,502.171
S00169,C011,449.296
S00169,C012,401.429
S00169,C013,417.661
S00169,C014,368.583
S00169,C015,473.28
S00169,C016,358.592
S00169,C017,254.956
S00169,C018,326.416
S00169,C019,321.673
S00169,C020,36.252
S00170,C001,74.359
S00170,C002,167.611
S00170,C003,303.618
S00170,C004,359.092
S00170,C005,473.089
S00170,C006,629.137
S00170,C007,623.366
S00170,C008,696.206
S00170,C009,773.517
S00170,C010,834.217
S00170,C011,762.821
S00170,C012,690.086
S00170,C013,677.203
S00170,C014,595.312
S00170,C015,607.791
S00170,C016,421.895
S00170,C017,266.874
S00170,C018,179.079
S00170,C019,92.16
S00170,C020,356.895
S00171,C001,686.32
S00171,C002,596.177
S00171,C003,678.395
S00171,C004,635.642
S00171,C005,692.918
S00171,C006,164.966
S00171,C007,27.084
S00171,C008,51.125
S00171,C009,206.239
S00171,C010,319.651
S00171,C011,399.134
S00171,C012,444.799
S00171,C013,512.65
S00171,C014,531.727
S00171,C015,696.874
S00171,C016,414.581
S00171,C017,446.765
S00171,C018,567.706
S00171,C019,605.886
S00171,C020,341.382
S00172,C001,452.689
S00172,C002,333.276
S00172,C003,383.548
S00172,C004,334.102
S00172,C005,392.232
S00172,C006,394.912
S00172,C007,277.343
S00172,C008,352.915
S00172,C009,347.941
S00172,C010,393.564
S00172,C011,330.021
S00172,C012,285.988
S00172,C013,311.965
S00172,C014,281.082
S00172,C015,417.988
S00172,C016,448.482
S00172,C017,367.263
S00172,C018,445.612
S00172,C019,439.15
S00172,C020,87.42
S00173,C001,601.29
S00173,C002,475.735
S00173,C003,366.501
S00173,C004,290.934
S00173,C005,196.0
S00173,C006,809.635
S00173,C007,667.602
S00173,C008,731.183
S00173,C009,620.769
S00173,C010,579.94
S00173,C011,412.681
S00173,C012,299.579
S00173,C013,219.262
S00173,C014,157.739
S00173,C015,47.894
S00173,C016,844.887
S00173,C017,723.963
S00173,C018,748.917
S00173,C019,697.293
S00173,C020,454.466
S00174,C001,725.067
S00174,C002,590.789
S00174,C003,567.183
S00174,C004,488.903
S00174,C005,467.064
S00174,C006,589.638
S00174,C007,422.898
S00174,C008,462.053
S00174,C009,297.285
S00174,C010,233.898
S00174,C011,64.185
S00174,C012,54.585
S00174,C013,129.369
S00174,C014,215.687
S00174,C015,381.589
S00174,C016,741.929
S00174,C017,679.966
S00174,C018,758.865
S00174,C019,745.109
S00174,C020,398.248
S00175,C001,715.18
S00175,C002,660.161
S00175,C003,775.421
S00175,C004,751.612
S00175,C005,830.198
S00175,C006,50.917
S00175,C007,215.077
S00175,C008,198.654
S00175,C009,405.709
S00175,C010,521.672
S00175,C011,606.867
S00175,C012,644.244
S00175,C013,706.023
S00175,C014,710.093
S00175,C015,861.971
S00175,C016,302.914
S00175,C017,406.425
S00175,C018,529.186
S00175,C019,592.682
S00175,C020,446.272
S00176,C001,202.671
S00176,C002,276.003
S00176,C003,423.689
S00176,C004,469.611
S00176,C005,585.206
S00176,C006,570.583
S00176,C007,598.635
S00176,C008,664.639
S00176,C009,774.56
S00176,C010,850.216
S00176,C011,803.595
S00176,C012,746.047
S00176,C013,746.033
S00176,C014,673.772
S00176,C015,710.902
S00176,C016,322.589
S00176,C017,187.671
S00176,C018,66.844
S00176,C019,45.468
S00176,C020,386.686
S00177,C001,773.595
S00177,C002,674.607
S00177,C003,741.964
S00177,C004,690.923
S00177,C005,734.392
S00177,C006,247.618
S00177,C007,123.777
S00177,C008,83.541
S00177,C009,128.895
S00177,C010,244.31
S00177,C011,360.206
S00177,C012,430.295
S00177,C013,506.405
S00177,C014,544.089
S00177,C015,717.506
S00177,C016,516.555
S00177,C017,548.694
S00177,C018,668.445
S00177,C019,702.97
S00177,C020,414.061
S00178,C001,643.233
S00178,C002,585.476
S00178,C003,700.485
S00178,C004,677.54
S00178,C005,757.924
S00178,C006,40.585
S00178,C007,177.597
S00178,C008,189.676
S00178,C009,386.451
S00178,C010,499.928
S00178,C011,566.11
S00178,C012,592.608
S00178,C013,649.875
S00178,C014,647.32
S00178,C015,794.51
S00178,C016,259.741
S00178,C017,342.662
S00178,C018,466.973
S00178,C019,525.976
S00178,C020,372.796
S00179,C001,270.798
S00179,C002,328.43
S00179,C003,479.913
S00179,C004,518.762
S00179,C005,634.162
S00179,C006,523.743
S00179,C007,569.14
S00179,C008,630.491
S00179,C009,756.394
S00179,C010,839.381
S00179,C011,807.037
S00179,C012,758.799
S00179,C013,766.268
S00179,C014,700.544
S00179,C015,752.684
S00179,C016,259.2
S00179,C017,144.977
S00179,C018,33.444
S00179,C019,105.269
S00179,C020,393.497
S00180,C001,661.289
S00180,C002,528.497
S00180,C003,517.318
S00180,C004,442.118
S00180,C005,435.458
S00180,C006,531.72
S00180,C007,367.91
S00180,C008,415.059
S00180,C009,275.309
S00180,C010,240.922
S00180,C011,100.657
S00180,C012,63.635
S00180,C013,137.805
S00180,C014,195.753
S00180,C015,371.904
S00180,C016,671.453
S00180,C017,607.651
S00180,C018,687.193
S00180,C019,675.114
S00180,C020,326.726
S00181,C001,239.839
S00181,C002,264.776
S00181,C003,417.716
S00181,C004,448.224
S00181,C005,562.563
S00181,C006,479.261
S00181,C007,504.352
S00181,C008,570.231
S00181,C009,682.949
S00181,C010,761.781
S00181,C011,724.07
S00181,C012,674.352
S00181,C013,681.853
S00181,C014,617.157
S00181,C015,675.248
S00181,C016,251.921
S00181,C017,100.08
S00181,C018,51.34
S00181,C019,88.413
S00181,C020,309.371
S00182,C001,466.26
S00182,C002,356.451
S00182,C003,220.538
S00182,C004,162.92
S00182,C005,47.391
S00182,C006,817.942
S00182,C007,699.543
S00182,C008,771.765
S00182,C009,702.807
S00182,C010,686.226
S00182,C011,531.059
S00182,C012,416.034
S00182,C013,346.768
S00182,C014,254.494
S00182,C015,120.453
S00182,C016,792.361
S00182,C017,652.479
S00182,C018,651.398
S00182,C019,586.973
S00182,C020,426.36
S00183,C001,596.554
S00183,C002,469.717
S00183,C003,364.091
S00183,C004,287.211
S00183,C005,196.416
S00183,C006,795.709
S00183,C007,653.324
S00183,C008,716.807
S00183,C009,606.623
S00183,C010,566.537
S00183,C011,399.691
S00183,C012,286.208
S00183,C013,206.267
S00183,C014,143.328
S00183,C015,53.497
S00183,C016,833.18
S00183,C017,713.495
S00183,C018,740.242
S00183,C019,689.789
S00183,C020,442.308
S00184,C001,820.919
S00184,C002,687.001
S00184,C003,662.798
S00184,C004,583.857
S00184,C005,555.911
S00184,C006,630.426
S00184,C007,462.278
S00184,C008,487.303
S00184,C009,295.996
S00184,C010,201.24
S00184,C011,74.698
S00184,C012,148.292
S00184,C013,208.263
S00184,C014,303.33
S00184,C015,457.745
S00184,C016,811.028
S00184,C017,761.132
S00184,C018,845.902
S00184,C019,836.189
S00184,C020,486.408
S00185,C001,266.937
S00185,C002,281.413
S00185,C003,433.727
S00185,C004,459.46
S00185,C005,572.644
S00185,C006,449.39
S00185,C007,478.348
S00185,C008,543.016
S00185,C009,660.641
S00185,C010,742.079
S00185,C011,710.129
S00185,C012,664.677
S00185,C013,675.723
S00185,C014,614.561
S00185,C015,680.467
S00185,C016,223.77
S00185,C017,69.685
S00185,C018,68.01
S00185,C019,118.876
S00185,C020,298.728
S00186,C001,97.36
S00186,C002,158.516
S00186,C003,198.434
S00186,C004,276.642
S00186,C005,373.916
S00186,C006,759.795
S00186,C007,723.079
S00186,C008,799.979
S00186,C009,839.124
S00186,C010,879.415
S00186,C011,777.523
S00186,C012,685.812
S00186,C013,653.104
S00186,C014,559.459
S00186,C015,522.334
S00186,C016,585.084
S00186,C017,426.27
S00186,C018,350.372
S00186,C019,263.677
S00186,C020,419.392
S00187,C001,141.664
S00187,C002,12.807
S00187,C003,140.18
S00187,C004,182.755
S00187,C005,297.925
S00187,C006,628.797
S00187,C007,575.603
S00187,C008,653.292
S00187,C009,683.644
S00187,C010,724.0
S00187,C011,626.89
S00187,C012,540.637
S00187,C013,516.414
S00187,C014,428.373
S00187,C015,430.312
S00187,C016,500.127
S00187,C017,343.517
S00187,C018,312.869
S00187,C019,242.712
S00187,C020,266.115
S00188,C001,645.794
S00188,C002,510.686
S00188,C003,442.105
S00188,C004,360.063
S00188,C005,304.384
S00188,C006,705.41
S00188,C007,550.547
S00188,C008,606.262
S00188,C009,474.468
S00188,C010,425.152
S00188,C011,256.455
S00188,C012,145.787
S00188,C013,64.06
S00188,C014,77.023
S00188,C015,193.407
S00188,C016,790.571
S00188,C017,692.567
S00188,C018,742.988
S00188,C019,707.691
S00188,C020,403.211
S00189,C001,441.321
S00189,C002,346.447
S00189,C003,437.011
S00189,C004,405.475
S00189,C005,482.887
S00189,C006,299.674
S00189,C007,222.671
S00189,C008,300.243
S00189,C009,364.188
S00189,C010,438.617
S00189,C011,415.042
S00189,C012,391.306
S00189,C013,425.348
S00189,C014,396.978
S00189,C015,527.048
S00189,C016,335.292
S00189,C017,273.688
S00189,C018,371.488
S00189,C019,385.594
S00189,C020,99.56
S00190,C001,240.991
S00190,C002,274.939
S00190,C003,427.839
S00190,C004,460.805
S00190,C005,575.549
S00190,C006,490.798
S00190,C007,519.889
S00190,C008,584.976
S00190,C009,700.054
S00190,C010,779.506
S00190,C011,742.305
S00190,C012,692.432
S00190,C013,699.523
S00190,C014,634.207
S00190,C015,690.091
S00190,C016,254.554
S00190,C017,108.787
S00190,C018,33.348
S00190,C019,82.091
S00190,C020,327.561
S00191,C001,449.242
S00191,C002,338.966
S00191,C003,407.254
S00191,C004,365.22
S00191,C005,431.937
S00191,C006,350.714
S00191,C007,245.06
S00191,C008,322.494
S00191,C009,345.228
S00191,C010,404.432
S00191,C011,360.168
S00191,C012,327.181
S00191,C013,358.258
S00191,C014,329.987
S00191,C015,465.067
S00191,C016,401.91
S00191,C017,329.146
S00191,C018,415.962
S00191,C019,417.964
S00191,C020,77.894
S00192,C001,530.738
S00192,C002,510.491
S00192,C003,649.717
S00192,C004,649.087
S00192,C005,748.474
S00192,C006,225.802
S00192,C007,336.284
S00192,C008,370.812
S00192,C009,549.976
S00192,C010,656.658
S00192,C011,688.888
S00192,C012,687.547
S00192,C013,728.431
S00192,C014,700.697
S00192,C015,818.919
S00192,C016,72.158
S00192,C017,199.194
S00192,C018,311.65
S00192,C019,386.119
S00192,C020,376.207
S00193,C001,584.531
S00193,C002,460.956
S00193,C003,347.171
S00193,C004,273.362
S00193,C005,174.347
S00193,C006,815.062
S00193,C007,675.999
S00193,C008,741.026
S00193,C009,636.138
S00193,C010,598.526
S00193,C011,432.399
S00193,C012,318.393
S00193,C013,239.091
S00193,C014,170.588
S00193,C015,24.171
S00193,C016,841.471
S00193,C017,717.372
S00193,C018,738.44
S00193,C019,684.7
S00193,C020,452.823
S00194,C001,660.097
S00194,C002,580.383
S00194,C003,675.349
S00194,C004,639.752
S00194,C005,706.469
S00194,C006,104.572
S00194,C007,63.779
S00194,C008,87.998
S00194,C009,271.457
S00194,C010,384.457
S00194,C011,455.963
S00194,C012,492.281
S00194,C013,555.55
S00194,C014,565.107
S00194,C015,723.626
S00194,C016,353.427
S00194,C017,398.731
S00194,C018,522.025
S00194,C019,566.924
S00194,C020,336.647
S00195,C001,710.894
S00195,C002,576.869
S00195,C003,555.682
S00195,C004,477.94
S00195,C005,459.121
S00195,C006,576.928
S00195,C007,410.659
S00195,C008,451.478
S00195,C009,291.404
S00195,C010,233.859
S00195,C011,67.663
S00195,C012,47.882
S00195,C013,127.501
S00195,C014,209.098
S00195,C015,378.018
S00195,C016,726.617
S00195,C017,664.218
S00195,C018,743.204
S00195,C019,729.749
S00195,C020,382.602
S00196,C001,584.576
S00196,C002,448.779
S00196,C003,391.912
S00196,C004,310.377
S00196,C005,273.186
S00196,C006,651.502
S00196,C007,501.984
S00196,C008,562.387
S00196,C009,449.389
S00196,C010,416.282
S00196,C011,256.388
S00196,C012,141.12
S00196,C013,78.968
S00196,C014,20.617
S00196,C015,194.721
S00196,C016,724.709
S00196,C017,624.743
S00196,C018,675.267
S00196,C019,641.151
S00196,C020,335.918
S00197,C001,85.631
S00197,C002,199.57
S00197,C003,328.278
S00197,C004,388.009
S00197,C005,500.767
S00197,C006,654.937
S00197,C007,655.085
S00197,C008,727.097
S00197,C009,808.436
S00197,C010,870.252
S00197,C011,799.555
S00197,C012,726.576
S00197,C013,712.965
S00197,C014,630.255
S00197,C015,638.091
S00197,C016,435.52
S00197,C017,284.86
S00197,C018,184.396
S00197,C019,99.144
S00197,C020,393.045
S00198,C001,887.197
S00198,C002,772.408
S00198,C003,808.96
S00198,C004,744.696
S00198,C005,761.382
S00198,C006,427.824
S00198,C007,290.781
S00198,C008,263.797
S00198,C009,92.907
S00198,C010,111.797
S00198,C011,279.375
S00198,C012,383.646
S00198,C013,465.364
S00198,C014,532.04
S00198,C015,708.416
S00198,C016,690.801
S00198,C017,705.126
S00198,C018,818.837
S00198,C019,841.627
S00198,C020,515.247
S00199,C001,154.373
S00199,C002,239.015
S00199,C003,382.392
S00199,C004,432.976
S00199,C005,548.115
S00199,C006,599.881
S00199,C007,615.821
S00199,C008,684.623
S00199,C009,782.886
S00199,C010,853.117
S00199,C011,796.806
S00199,C012,733.094
S00199,C013,727.911
S00199,C014,651.499
S00199,C015,678.182
S00199,C016,364.75
S00199,C017,220.701
S00199,C018,110.132
S00199,C019,34.676
S00199,C020,381.493
S00200,C001,430.837
S00200,C002,310.218
S00200,C003,360.406
S00200,C004,312.277
S00200,C005,373.789
S00200,C006,410.022
S00200,C007,297.921
S00200,C008,374.115
S00200,C009,371.379
S00200,C010,415.255
S00200,C011,345.868
S00200,C012,295.132
S00200,C013,315.19
S00200,C014,276.94
S00200,C015,406.206
S00200,C016,448.165
S00200,C017,359.177
S00200,C018,432.307
S00200,C019,422.236
S00200,C020,71.718
S00201,C001,534.059
S00201,C002,411.999
S00201,C003,295.803
S00201,C004,222.689
S00201,C005,123.477
S00201,C006,795.348
S00201,C007,662.872
S00201,C008,730.811
S00201,C009,639.599
S00201,C010,611.087
S00201,C011,449.403
S00201,C012,333.948
S00201,C013,259.126
S00201,C014,175.722
S00201,C015,28.654
S00201,C016,806.03
S00201,C017,677.446
S00201,C018,693.489
S00201,C019,637.514
S00201,C020,421.617
S00202,C001,211.483
S00202,C002,247.939
S00202,C003,400.575
S00202,C004,435.988
S00202,C005,551.146
S00202,C006,509.56
S00202,C007,530.279
S00202,C008,597.408
S00202,C009,704.767
S00202,C010,780.773
S00202,C011,737.105
S00202,C012,683.066
S00202,C013,686.897
S00202,C014,618.704
S00202,C015,668.597
S00202,C016,282.246
S00202,C017,131.507
S00202,C018,52.863
S00202,C019,57.068
S00202,C020,320.573
S00203,C001,718.571
S00203,C002,583.364
S00203,C003,551.769
S00203,C004,472.264
S00203,C005,444.209
S00203,C006,614.421
S00203,C007,448.712
S00203,C008,490.485
S00203,C009,329.333
S00203,C010,265.935
S00203,C011,95.565
S00203,C012,39.498
S00203,C013,100.261
S00203,C014,191.687
S00203,C015,352.929
S00203,C016,756.898
S00203,C017,688.777
S00203,C018,763.336
S00203,C019,745.889
S00203,C020,403.102
S00204,C001,730.079
S00204,C002,678.36
S00204,C003,795.738
S00204,C004,773.257
S00204,C005,852.981
S00204,C006,75.508
S00204,C007,239.259
S00204,C008,219.579
S00204,C009,426.925
S00204,C010,543.013
S00204,C011,630.685
S00204,C012,668.85
S00204,C013,730.75
S00204,C014,734.668
S00204,C015,886.062
S00204,C016,305.229
S00204,C017,416.702
S00204,C018,538.239
S00204,C019,604.061
S00204,C020,468.363
S00205,C001,192.33
S00205,C002,243.638
S00205,C003,394.769
S00205,C004,435.121
S00205,C005,550.7
S00205,C006,537.981
S00205,C007,557.67
S00205,C008,625.26
S00205,C009,730.068
S00205,C010,804.377
S00205,C011,756.797
S00205,C012,699.677
S00205,C013,700.673
S00205,C014,629.767
S00205,C015,672.411
S00205,C016,306.783
S00205,C017,159.02
S00205,C018,61.234
S00205,C019,29.835
S00205,C020,339.888
S00206,C001,430.201
S00206,C002,418.021
S00206,C003,562.296
S00206,C004,569.416
S00206,C005,674.236
S00206,C006,301.358
S00206,C007,373.259
S00206,C008,423.628
S00206,C009,578.991
S00206,C010,676.963
S00206,C011,683.85
S00206,C012,665.525
S00206,C013,696.059
S00206,C014,655.844
S00206,C015,757.69
S00206,C016,72.955
S00206,C017,97.801
S00206,C018,212.885
S00206,C019,284.899
S00206,C020,322.956
S00207,C001,544.31
S00207,C002,408.597
S00207,C003,352.666
S00207,C004,271.46
S00207,C005,241.84
S00207,C006,640.026
S00207,C007,496.238
S00207,C008,560.222
S00207,C009,461.372
S00207,C010,437.659
S00207,C011,284.086
S00207,C012,170.98
S00207,C013,118.012
S00207,C014,27.732
S00207,C015,183.954
S00207,C016,698.049
S00207,C017,592.917
S00207,C018,639.45
S00207,C019,603.274
S00207,C020,306.849
S00208,C001,715.722
S00208,C002,579.668
S00208,C003,523.678
S00208,C004,441.82
S00208,C005,392.583
S00208,C006,694.218
S00208,C007,531.582
S00208,C008,578.401
S00208,C009,423.556
S00208,C010,358.274
S00208,C011,187.889
S00208,C012,100.268
S00208,C013,59.121
S00208,C014,150.295
S00208,C015,279.924
S00208,C016,812.531
S00208,C017,729.11
S00208,C018,791.297
S00208,C019,763.781
S00208,C020,438.094
S00209,C001,348.148
S00209,C002,326.311
S00209,C003,469.952
S00209,C004,478.239
S00209,C005,584.573
S00209,C006,346.793
S00209,C007,377.992
S00209,C008,440.542
S00209,C009,567.877
S00209,C010,655.644
S00209,C011,640.349
S00209,C012,608.58
S00209,C013,630.876
S00209,C014,582.309
S00209,C015,673.592
S00209,C016,164.356
S00209,C017,49.247
S00209,C018,167.581
S00209,C019,219.145
S00209,C020,250.341
S00210,C001,106.577
S00210,C002,114.917
S00210,C003,151.954
S00210,C004,227.555
S00210,C005,328.952
S00210,C006,729.032
S00210,C007,683.815
S00210,C008,761.245
S00210,C009,793.005
S00210,C010,830.668
S00210,C011,726.621
S00210,C012,634.327
S00210,C013,601.581
S00210,C014,508.154
S00210,C015,475.743
S00210,C016,571.832
S00210,C017,412.268
S00210,C018,350.218
S00210,C019,266.219
S00210,C020,375.909
S00211,C001,492.317
S00211,C002,369.718
S00211,C003,255.897
S00211,C004,181.125
S00211,C005,89.526
S00211,C006,768.117
S00211,C007,640.78
S00211,C008,710.675
S00211,C009,630.528
S00211,C010,609.666
S00211,C011,452.885
S00211,C012,337.691
S00211,C013,268.22
S00211,C014,176.217
S00211,C015,70.778
S00211,C016,768.697
S00211,C017,637.861
S00211,C018,651.825
S00211,C019,595.319
S00211,C020,387.705
S00212,C001,874.107
S00212,C002,741.097
S00212,C003,721.122
S00212,C004,642.62
S00212,C005,615.756
S00212,C006,641.216
S00212,C007,474.681
S00212,C008,490.363
S00212,C009,288.834
S00212,C010,180.537
S00212,C011,115.06
S00212,C012,207.073
S00212,C013,267.905
S00212,C014,363.173
S00212,C015,516.269
S00212,C016,839.7
S00212,C017,799.256
S00212,C018,888.8
S00212,C019,883.059
S00212,C020,531.72
S00213,C001,110.608
S00213,C002,122.09
S00213,C003,273.338
S00213,C004,314.773
S00213,C005,430.413
S00213,C006,570.353
S00213,C007,553.407
S00213,C008,627.566
S00213,C009,698.502
S00213,C010,758.196
S00213,C011,687.815
S00213,C012,617.403
S00213,C013,607.893
S00213,C014,529.298
S00213,C015,556.412
S00213,C016,390.859
S00213,C017,231.338
S00213,C018,179.477
S00213,C019,109.606
S00213,C020,280.848
S00214,C001,495.402
S00214,C002,480.916
S00214,C003,623.051
S00214,C004,626.332
S00214,C005,728.431
S00214,C006,259.799
S00214,C007,358.144
S00214,C008,398.359
S00214,C009,570.167
S00214,C010,674.1
S00214,C011,697.163
S00214,C012,689.33
S00214,C013,726.233
S00214,C014,693.379
S00214,C015,804.852
S00214,C016,41.981
S00214,C017,162.707
S00214,C018,272.781
S00214,C019,348.276
S00214,C020,364.125
S00215,C001,321.619
S00215,C002,213.949
S00215,C003,78.025
S00215,C004,35.669
S00215,C005,99.9
S00215,C006,740.222
S00215,C007,644.926
S00215,C008,721.457
S00215,C009,692.036
S00215,C010,699.652
S00215,C011,565.003
S00215,C012,457.715
S00215,C013,406.685
S00215,C014,308.313
S00215,C015,246.095
S00215,C016,673.728
S00215,C017,525.796
S00215,C018,512.618
S00215,C019,444.591
S00215,C020,341.623
S00216,C001,450.013
S00216,C002,336.333
S00216,C003,398.556
S00216,C004,353.969
S00216,C005,417.879
S00216,C006,366.011
S00216,C007,255.659
S00216,C008,332.534
S00216,C009,345.229
S00216,C010,399.811
S00216,C011,348.979
S00216,C012,312.387
S00216,C013,341.881
S00216,C014,312.822
S00216,C015,448.548
S00216,C016,418.239
S00216,C017,342.311
S00216,C018,426.092
S00216,C019,425.025
S00216,C020,78.103
S00217,C001,44.695
S00217,C002,172.653
S00217,C003,290.76
S00217,C004,354.392
S00217,C005,465.358
S00217,C006,676.001
S00217,C007,665.969
S00217,C008,739.653
S00217,C009,810.319
S00217,C010,866.986
S00217,C011,788.417
S00217,C012,710.678
S00217,C013,692.639
S00217,C014,607.029
S00217,C015,605.506
S00217,C016,469.127
S00217,C017,314.764
S00217,C018,222.66
S00217,C019,135.731
S00217,C020,390.171
S00218,C001,742.059
S00218,C002,606.114
S00218,C003,562.687
S00218,C004,481.644
S00218,C005,441.844
S00218,C006,663.354
S00218,C007,497.672
S00218,C008,538.897
S00218,C009,373.369
S00218,C010,301.652
S00218,C011,132.597
S00218,C012,76.433
S00218,C013,93.363
S00218,C014,191.869
S00218,C015,336.583
S00218,C016,801.781
S00218,C017,729.071
S00218,C018,799.466
S00218,C019,778.167
S00218,C020,440.756
S00219,C001,508.072
S00219,C002,374.196
S00219,C003,302.53
S00219,C004,220.532
S00219,C005,182.772
S00219,C006,670.981
S00219,C007,534.847
S00219,C008,602.163
S00219,C009,515.056
S00219,C010,495.688
S00219,C011,343.199
S00219,C012,229.813
S00219,C013,171.111
S00219,C014,72.584
S00219,C015,140.855
S00219,C016,704.751
S00219,C017,589.056
S00219,C018,624.338
S00219,C019,581.056
S00219,C020,313.22
S00220,C001,120.868
S00220,C002,224.236
S00220,C003,359.555
S00220,C004,415.975
S00220,C005,529.877
S00220,C006,636.154
S00220,C007,644.999
S00220,C008,715.386
S00220,C009,805.577
S00220,C010,871.616
S00220,C011,807.702
S00220,C012,738.888
S00220,C013,729.022
S00220,C014,648.936
S00220,C015,664.583
S00220,C016,406.515
S00220,C017,260.07
S00220,C018,152.386
S00220,C019,71.604
S00220,C020,396.099
S00221,C001,128.577
S00221,C002,245.542
S00221,C003,373.555
S00221,C004,434.145
S00221,C005,546.691
S00221,C006,666.548
S00221,C007,677.566
S00221,C008,747.7
S00221,C009,838.375
S00221,C010,903.99
S00221,C011,838.493
S00221,C012,768.128
S00221,C013,756.469
S00221,C014,674.845
S00221,C015,684.291
S00221,C016,430.614
S00221,C017,288.128
S00221,C018,174.783
S00221,C019,100.665
S00221,C020,428.039
S00222,C001,154.388
S00222,C002,116.527
S00222,C003,102.125
S00222,C004,180.533
S00222,C005,278.516
S00222,C006,735.563
S00222,C007,678.737
S00222,C008,756.669
S00222,C009,775.119
S00222,C010,806.334
S00222,C011,694.881
S00222,C012,598.707
S00222,C013,561.707
S00222,C014,466.618
S00222,C015,426.192
S00222,C016,597.511
S00222,C017,438.628
S00222,C018,387.731
S00222,C019,306.53
S00222,C020,365.983
S00223,C001,252.727
S00223,C002,150.038
S00223,C003,19.322
S00223,C004,65.97
S00223,C005,168.752
S00223,C006,715.763
S00223,C007,634.442
S00223,C008,712.127
S00223,C009,702.821
S00223,C010,721.408
S00223,C011,597.706
S00223,C012,495.892
S00223,C013,452.895
S00223,C014,356.135
S00223,C015,313.033
S00223,C016,625.082
S00223,C017,472.766
S00223,C018,450.27
S00223,C019,379.223
S00223,C020,322.298
S00224,C001,781.76
S00224,C002,675.511
S00224,C003,731.179
S00224,C004,675.098
S00224,C005,709.967
S00224,C006,302.187
S00224,C007,159.553
S00224,C008,139.444
S00224,C009,69.847
S00224,C010,185.348
S00224,C011,305.95
S00224,C012,383.243
S00224,C013,461.581
S00224,C014,506.767
S00224,C015,682.422
S00224,C016,559.471
S00224,C017,578.355
S00224,C018,694.75
S00224,C019,722.94
S00224,C020,414.233
S00225,C001,690.952
S00225,C002,555.54
S00225,C003,522.694
S00225,C004,443.184
S00225,C005,416.183
S00225,C006,609.413
S00225,C007,445.561
S00225,C008,491.341
S00225,C009,339.763
S00225,C010,284.614
S00225,C011,116.618
S00225,C012,15.754
S00225,C013,76.947
S00225,C014,163.956
S00225,C015,328.731
S00225,C016,741.302
S00225,C017,668.59
S00225,C018,740.397
S00225,C019,721.053
S00225,C020,380.947
S00226,C001,357.105
S00226,C002,395.578
S00226,C003,548.533
S00226,C004,577.893
S00226,C005,691.556
S00226,C006,457.138
S00226,C007,525.283
S00226,C008,579.35
S00226,C009,724.712
S00226,C010,816.371
S00226,C011,803.077
S00226,C012,767.604
S00226,C013,784.735
S00226,C014,728.358
S00226,C015,799.466
S00226,C016,174.074
S00226,C017,115.248
S00226,C018,104.097
S00226,C019,191.084
S00226,C020,403.76
S00227,C001,49.852
S00227,C002,183.331
S00227,C003,277.597
S00227,C004,348.343
S00227,C005,454.609
S00227,C006,721.824
S00227,C007,706.286
S00227,C008,780.885
S00227,C009,843.793
S00227,C010,895.93
S00227,C011,809.895
S00227,C012,727.21
S00227,C013,703.929
S00227,C014,614.968
S00227,C015,599.168
S00227,C016,518.101
S00227,C017,363.546
S00227,C018,270.637
S00227,C019,184.058
S00227,C020,421.585
S00228,C001,190.378
S00228,C002,223.532
S00228,C003,376.112
S00228,C004,412.147
S00228,C005,527.427
S00228,C006,518.014
S00228,C007,531.025
S00228,C008,599.817
S00228,C009,700.407
S00228,C010,773.547
S00228,C011,724.982
S00228,C012,668.009
S00228,C013,669.623
S00228,C014,599.638
S00228,C015,646.12
S00228,C016,300.974
S00228,C017,146.195
S00228,C018,76.877
S00228,C019,50.236
S00228,C020,308.073
S00229,C001,132.121
S00229,C002,159.309
S00229,C003,166.348
S00229,C004,247.01
S00229,C005,338.881
S00229,C006,773.814
S00229,C007,728.408
S00229,C008,805.909
S00229,C009,834.85
S00229,C010,869.964
S00229,C011,761.704
S00229,C012,666.517
S00229,C013,629.883
S00229,C014,534.673
S00229,C015,488.365
S00229,C016,611.887
S00229,C017,452.427
S00229,C018,383.589
S00229,C019,297.747
S00229,C020,419.527
S00230,C001,138.03
S00230,C002,106.06
S00230,C003,114.769
S00230,C004,190.845
S00230,C005,291.817
S00230,C006,725.664
S00230,C007,672.106
S00230,C008,749.928
S00230,C009,772.706
S00230,C010,806.268
S00230,C011,697.706
S00230,C012,603.171
S00230,C013,568.154
S00230,C014,473.867
S00230,C015,438.559
S00230,C016,583.147
S00230,C017,424.043
S00230,C018,371.477
S00230,C019,290.003
S00230,C020,360.524
S00231,C001,100.73
S00231,C002,171.107
S00231,C003,210.278
S00231,C004,289.046
S00231,C005,385.12
S00231,C006,769.237
S00231,C007,734.368
S00231,C008,811.137
S00231,C009,851.751
S00231,C010,892.497
S00231,C011,790.889
S00231,C012,699.178
S00231,C013,666.316
S00231,C014,572.55
S00231,C015,533.902
S00231,C016,590.585
S00231,C017,432.189
S00231,C018,353.109
S00231,C019,266.124
S00231,C020,431.625
S00232,C001,136.214
S00232,C002,13.12
S00232,C003,141.641
S00232,C004,186.42
S00232,C005,301.368
S00232,C006,632.029
S00232,C007,579.97
S00232,C008,657.611
S00232,C009,688.909
S00232,C010,729.558
S00232,C011,632.633
S00232,C012,546.37
S00232,C013,522.019
S00232,C014,433.833
S00232,C015,434.588
S00232,C016,500.787
S00232,C017,343.769
S00232,C018,311.023
S00232,C019,239.89
S00232,C020,270.976
S00233,C001,291.626
S00233,C002,296.539
S00233,C003,447.515
S00233,C004,468.691
S00233,C005,580.464
S00233,C006,420.89
S00233,C007,452.794
S00233,C008,516.407
S00233,C009,638.168
S00233,C010,721.863
S00233,C011,695.189
S00233,C012,653.753
S00233,C013,668.085
S00233,C014,610.355
S00233,C015,683.476
S00233,C016,199.549
S00233,C017,41.95
S00233,C018,92.06
S00233,C019,147.325
S00233,C020,288.258
S00234,C001,726.47
S00234,C002,641.773
S00234,C003,729.098
S00234,C004,688.313
S00234,C005,747.392
S00234,C006,139.82
S00234,C007,79.105
S00234,C008,24.335
S00234,C009,231.202
S00234,C010,347.252
S00234,C011,442.926
S00234,C012,495.212
S00234,C013,564.831
S00234,C014,586.221
S00234,C015,751.933
S00234,C016,418.373
S00234,C017,469.416
S00234,C018,592.744
S00234,C019,636.987
S00234,C020,390.823
S00235,C001,295.542
S00235,C002,270.621
S00235,C003,415.524
S00235,C004,427.048
S00235,C005,535.484
S00235,C006,390.591
S00235,C007,402.607
S00235,C008,470.145
S00235,C009,580.295
S00235,C010,660.884
S00235,C011,630.982
S00235,C012,589.609
S00235,C013,605.207
S00235,C014,549.881
S00235,C015,630.703
S00235,C016,218.264
S00235,C017,72.145
S00235,C018,148.989
S00235,C019,180.041
S00235,C020,224.534
S00236,C001,29.927
S00236,C002,112.485
S00236,C003,236.47
S00236,C004,296.22
S00236,C005,408.611
S00236,C006,653.772
S00236,C007,630.3
S00236,C008,705.641
S00236,C009,764.596
S00236,C010,816.694
S00236,C011,732.82
S00236,C012,652.752
S00236,C013,633.168
S00236,C014,546.996
S00236,C015,546.833
S00236,C016,470.763
S00236,C017,311.979
S00236,C018,240.683
S00236,C019,156.177
S00236,C020,342.26
S00237,C001,28.218
S00237,C002,151.572
S00237,C003,245.32
S00237,C004,315.135
S00237,C005,422.111
S00237,C006,709.122
S00237,C007,686.66
S00237,C008,762.065
S00237,C009,818.744
S00237,C010,868.368
S00237,C011,779.449
S00237,C012,695.461
S00237,C013,671.2
S00237,C014,581.854
S00237,C015,566.115
S00237,C016,517.382
S00237,C017,360.229
S00237,C018,276.676
S00237,C019,189.605
S00237,C020,396.115
S00238,C001,827.156
S00238,C002,696.688
S00238,C003,690.409
S00238,C004,614.765
S00238,C005,601.003
S00238,C006,566.938
S00238,C007,400.375
S00238,C008,416.964
S00238,C009,218.235
S00238,C010,118.547
S00238,C011,75.218
S00238,C012,189.604
S00238,C013,264.579
S00238,C014,351.128
S00238,C015,517.237
S00238,C016,768.425
S00238,C017,733.513
S00238,C018,827.035
S00238,C019,825.812
S00238,C020,474.17
S00239,C001,798.921
S00239,C002,664.718
S00239,C003,639.15
S00239,C004,560.104
S00239,C005,532.144
S00239,C006,625.337
S00239,C007,457.089
S00239,C008,485.778
S00239,C009,299.855
S00239,C010,211.656
S00239,C011,64.95
S00239,C012,124.633
S00239,C013,184.878
S00239,C014,279.552
S00239,C015,435.158
S00239,C016,798.475
S00239,C017,744.894
S00239,C018,827.739
S00239,C019,816.513
S00239,C020,467.66
S00240,C001,633.173
S00240,C002,507.446
S00240,C003,398.059
S00240,C004,322.781
S00240,C005,226.41
S00240,C006,827.929
S00240,C007,682.697
S00240,C008,744.394
S00240,C009,626.209
S00240,C010,579.693
S00240,C011,410.606
S00240,C012,300.1
S00240,C013,218.518
S00240,C014,170.496
S00240,C015,76.353
S00240,C016,871.102
S00240,C017,752.346
S00240,C018,779.278
S00240,C019,728.445
S00240,C020,479.76
S00241,C001,851.603
S00241,C002,729.077
S00241,C003,748.353
S00241,C004,678.968
S00241,C005,683.977
S00241,C006,479.475
S00241,C007,322.489
S00241,C008,319.177
S00241,C009,111.939
S00241,C010,10.027
S00241,C011,180.603
S00241,C012,290.193
S00241,C013,371.223
S00241,C014,445.066
S00241,C015,619.287
S00241,C016,715.403
S00241,C017,706.791
S00241,C018,812.582
S00241,C019,824.867
S00241,C020,482.244
S00242,C001,256.682
S00242,C002,304.133
S00242,C003,456.483
S00242,C004,492.657
S00242,C005,607.801
S00242,C006,506.623
S00242,C007,545.195
S00242,C008,608.151
S00242,C009,729.642
S00242,C010,811.228
S00242,C011,777.03
S00242,C012,728.271
S00242,C013,735.731
S00242,C014,670.331
S00242,C015,724.434
S00242,C016,253.522
S00242,C017,124.186
S00242,C018,3.913
S00242,C019,90.673
S00242,C020,363.072
S00243,C001,172.877
S00243,C002,91.991
S00243,C003,73.715
S00243,C004,142.805
S00243,C005,248.965
S00243,C006,702.2
S00243,C007,639.011
S00243,C008,717.046
S00243,C009,730.523
S00243,C010,760.491
S00243,C011,648.84
S00243,C012,553.222
S00243,C013,517.631
S00243,C014,423.369
S00243,C015,392.924
S00243,C016,579.821
S00243,C017,422.772
S00243,C018,384.778
S00243,C019,308.521
S00243,C020,325.078
S00244,C001,195.209
S00244,C002,83.778
S00244,C003,70.422
S00244,C004,116.623
S00244,C005,229.715
S00244,C006,671.494
S00244,C007,602.606
S00244,C008,680.656
S00244,C009,689.92
S00244,C010,719.07
S00244,C011,607.77
S00244,C012,513.069
S00244,C013,479.38
S00244,C014,386.294
S00244,C015,367.661
S00244,C016,563.991
S00244,C017,409.688
S00244,C018,384.02
S00244,C019,313.35
S00244,C020,288.195
S00245,C001,749.839
S00245,C002,655.587
S00245,C003,730.339
S00245,C004,682.991
S00245,C005,732.56
S00245,C006,206.674
S00245,C007,91.628
S00245,C008,42.816
S00245,C009,165.317
S00245,C010,281.431
S00245,C011,386.899
S00245,C012,448.976
S00245,C013,522.512
S00245,C014,553.387
S00245,C015,724.149
S00245,C016,476.872
S00245,C017,514.145
S00245,C018,635.191
S00245,C019,672.823
S00245,C020,397.213
S00246,C001,222.35
S00246,C002,92.567
S00246,C003,94.699
S00246,C004,105.215
S00246,C005,220.589
S00246,C006,636.371
S00246,C007,561.656
S00246,C008,639.652
S00246,C009,645.182
S00246,C010,674.113
S00246,C011,564.228
S00246,C012,471.304
S00246,C013,440.786
S00246,C014,349.818
S00246,C015,347.995
S00246,C016,545.46
S00246,C017,395.366
S00246,C018,383.631
S00246,C019,320.096
S00246,C020,247.429
S00247,C001,798.86
S00247,C002,683.343
S00247,C003,720.929
S00247,C004,657.877
S00247,C005,678.928
S00247,C006,384.359
S00247,C007,229.187
S00247,C008,224.475
S00247,C009,17.36
S00247,C010,99.001
S00247,C011,228.623
S00247,C012,318.945
S00247,C013,399.955
S00247,C014,457.535
S00247,C015,634.602
S00247,C016,625.905
S00247,C017,627.495
S00247,C018,738.109
S00247,C019,757.313
S00247,C020,426.798
S00248,C001,787.891
S00248,C002,676.506
S00248,C003,722.758
S00248,C004,662.951
S00248,C005,690.803
S00248,C006,344.547
S00248,C007,193.417
S00248,C008,183.571
S00248,C009,24.003
S00248,C010,140.024
S00248,C011,263.691
S00248,C012,346.987
S00248,C013,426.807
S00248,C014,478.07
S00248,C015,654.784
S00248,C016,592.635
S00248,C017,601.702
S00248,C018,715.058
S00248,C019,738.342
S00248,C020,416.904
S00249,C001,545.612
S00249,C002,413.057
S00249,C003,331.118
S00249,C004,249.382
S00249,C005,191.872
S00249,C006,706.808
S00249,C007,566.3
S00249,C008,631.363
S00249,C009,532.149
S00249,C010,503.425
S00249,C011,343.725
S00249,C012,228.28
S00249,C013,158.425
S00249,C014,67.858
S00249,C015,111.989
S00249,C016,747.837
S00249,C017,632.963
S00249,C018,667.698
S00249,C019,623.251
S00249,C020,355.957
S00250,C001,137.297
S00250,C002,27.982
S00250,C003,129.55
S00250,C004,179.037
S00250,C005,293.129
S00250,C006,646.301
S00250,C007,592.679
S00250,C008,670.412
S00250,C009,698.866
S00250,C010,737.715
S00250,C011,638.095
S00250,C012,550.014
S00250,C013,523.539
S00250,C014,434.027
S00250,C015,428.813
S00250,C016,515.387
S00250,C017,358.152
S00250,C018,323.143
S00250,C019,250.312
S00250,C020,282.517
S00251,C001,498.643
S00251,C002,485.118
S00251,C003,627.529
S00251,C004,631.095
S00251,C005,733.328
S00251,C006,261.177
S00251,C007,361.518
S00251,C008,401.002
S00251,C009,573.784
S00251,C010,678.003
S00251,C011,701.756
S00251,C012,694.233
S00251,C013,731.261
S00251,C014,698.489
S00251,C015,809.93
S00251,C016,38.742
S00251,C017,165.786
S00251,C018,274.594
S00251,C019,350.734
S00251,C020,369.238
S00252,C001,627.149
S00252,C002,491.053
S00252,C003,446.737
S00252,C004,366.154
S00252,C005,335.235
S00252,C006,626.758
S00252,C007,470.28
S00252,C008,525.359
S00252,C009,397.214
S00252,C010,356.746
S00252,C011,194.328
S00252,C012,78.844
S00252,C013,35.112
S00252,C014,83.063
S00252,C015,252.867
S00252,C016,725.639
S00252,C017,637.503
S00252,C018,698.183
S00252,C019,670.95
S00252,C020,346.298
S00253,C001,858.607
S00253,C002,741.732
S00253,C003,774.564
S00253,C004,709.307
S00253,C005,724.281
S00253,C006,428.516
S00253,C007,281.761
S00253,C008,265.063
S00253,C009,70.532
S00253,C010,78.899
S00253,C011,242.763
S00253,C012,345.872
S00253,C013,427.605
S00253,C014,494.102
S00253,C015,670.446
S00253,C016,681.135
S00253,C017,687.311
S00253,C018,798.664
S00253,C019,818.247
S00253,C020,486.563
S00254,C001,364.631
S00254,C002,376.703
S00254,C003,527.583
S00254,C004,547.087
S00254,C005,657.789
S00254,C006,390.145
S00254,C007,451.678
S00254,C008,506.916
S00254,C009,650.862
S00254,C010,743.177
S00254,C011,733.917
S00254,C012,703.03
S00254,C013,724.363
S00254,C014,673.213
S00254,C015,756.18
S00254,C016,128.84
S00254,C017,53.575
S00254,C018,128.092
S00254,C019,207.719
S00254,C020,343.154
S00255,C001,744.044
S00255,C002,649.135
S00255,C003,723.187
S00255,C004,675.594
S00255,C005,724.914
S00255,C006,208.69
S00255,C007,86.985
S00255,C008,45.95
S00255,C009,161.409
S00255,C010,277.524
S00255,C011,380.636
S00255,C012,441.826
S00255,C013,515.164
S00255,C014,545.736
S00255,C015,716.44
S00255,C016,475.735
S00255,C017,510.689
S00255,C018,631.366
S00255,C019,668.216
S00255,C020,390.455
S00256,C001,534.967
S00256,C002,436.494
S00256,C003,290.174
S00256,C004,247.775
S00256,C005,137.707
S00256,C006,911.19
S00256,C007,789.672
S00256,C008,860.712
S00256,C009,781.216
S00256,C010,755.499
S00256,C011,593.704
S00256,C012,478.323
S00256,C013,402.388
S00256,C014,319.967
S00256,C015,150.561
S00256,C016,884.866
S00256,C017,742.729
S00256,C018,735.271
S00256,C019,666.844
S00256,C020,520.664
S00257,C001,231.189
S00257,C002,156.617
S00257,C003,34.299
S00257,C004,115.26
S00257,C005,201.364
S00257,C006,752.753
S00257,C007,678.788
S00257,C008,756.725
S00257,C009,753.832
S00257,C010,774.209
S00257,C011,651.004
S00257,C012,548.787
S00257,C013,504.349
S00257,C014,406.995
S00257,C015,350.623
S00257,C016,643.49
S00257,C017,487.452
S00257,C018,451.211
S00257,C019,374.251
S00257,C020,364.841
S00258,C001,231.031
S00258,C002,230.863
S00258,C003,382.511
S00258,C004,407.043
S00258,C005,520.212
S00258,C006,461.42
S00258,C007,471.559
S00258,C008,540.379
S00258,C009,642.802
S00258,C010,718.271
S00258,C011,676.11
S00258,C012,624.831
S00258,C013,631.929
S00258,C014,567.575
S00258,C015,629.005
S00258,C016,263.873
S00258,C017,104.312
S00258,C018,101.071
S00258,C019,109.716
S00258,C020,260.419
S00259,C001,650.841
S00259,C002,515.16
S00259,C003,480.388
S00259,C004,400.893
S00259,C005,375.85
S00259,C006,604.077
S00259,C007,443.865
S00259,C008,495.162
S00259,C009,358.205
S00259,C010,314.294
S00259,C011,151.817
S00259,C012,36.705
S00259,C013,54.609
S00259,C014,124.931
S00259,C015,295.418
S00259,C016,719.686
S00259,C017,640.079
S00259,C018,707.519
S00259,C019,685.254
S00259,C020,350.181
S00260,C001,344.317
S00260,C002,222.297
S00260,C003,117.964
S00260,C004,36.106
S00260,C005,94.492
S00260,C006,700.267
S00260,C007,597.908
S00260,C008,673.676
S00260,C009,637.844
S00260,C010,643.974
S00260,C011,509.525
S00260,C012,403.015
S00260,C013,354.456
S00260,C014,256.617
S00260,C015,219.008
S00260,C016,653.454
S00260,C017,511.531
S00260,C018,511.716
S00260,C019,450.477
S00260,C020,302.0
S00261,C001,720.193
S00261,C002,618.937
S00261,C003,684.731
S00261,C004,633.763
S00261,C005,678.471
S00261,C006,243.877
S00261,C007,89.472
S00261,C008,92.751
S00261,C009,126.042
S00261,C010,239.46
S00261,C011,329.855
S00261,C012,388.643
S00261,C013,461.952
S00261,C014,493.771
S00261,C015,665.495
S00261,C016,489.52
S00261,C017,507.665
S00261,C018,624.847
S00261,C019,655.173
S00261,C020,357.945
S00262,C001,187.482
S00262,C002,78.171
S00262,C003,206.78
S00262,C004,221.261
S00262,C005,334.1
S00262,C006,542.371
S00262,C007,491.659
S00262,C008,569.03
S00262,C009,610.139
S00262,C010,658.745
S00262,C011,575.978
S00262,C012,500.551
S00262,C013,488.733
S00262,C014,410.152
S00262,C015,447.574
S00262,C016,427.45
S00262,C017,276.364
S00262,C018,273.385
S00262,C019,222.506
S00262,C020,187.96
S00263,C001,463.165
S00263,C002,446.304
S00263,C003,588.28
S00263,C004,591.929
S00263,C005,694.557
S00263,C006,270.669
S00263,C007,353.009
S00263,C008,399.213
S00263,C009,562.121
S00263,C010,663.085
S00263,C011,678.312
S00263,C012,665.838
S00263,C013,700.164
S00263,C014,664.49
S00263,C015,772.828
S00263,C016,59.96
S00263,C017,131.718
S00263,C018,247.188
S00263,C019,319.313
S00263,C020,333.558
S00264,C001,334.052
S00264,C002,232.304
S00264,C003,87.778
S00264,C004,59.609
S00264,C005,91.597
S00264,C006,764.232
S00264,C007,667.986
S00264,C008,744.35
S00264,C009,711.83
S00264,C010,716.913
S00264,C011,579.324
S00264,C012,470.456
S00264,C013,416.367
S00264,C014,317.841
S00264,C015,241.471
S00264,C016,696.754
S00264,C017,548.013
S00264,C018,532.035
S00264,C019,462.321
S00264,C020,365.575
S00265,C001,69.227
S00265,C002,195.215
S00265,C003,315.367
S00265,C004,378.696
S00265,C005,489.886
S00265,C006,676.898
S00265,C007,672.932
S00265,C008,745.707
S00265,C009,822.079
S00265,C010,881.234
S00265,C011,806.072
S00265,C012,730.167
S00265,C013,713.689
S00265,C014,628.977
S00265,C015,629.708
S00265,C016,460.927
S00265,C017,309.369
S00265,C018,210.217
S00265,C019,124.757
S00265,C020,403.912
S00266,C001,539.576
S00266,C002,410.834
S00266,C003,312.95
S00266,C004,233.428
S00266,C005,157.303
S00266,C006,746.564
S00266,C007,609.567
S00266,C008,675.957
S00266,C009,580.101
S00266,C010,551.13
S00266,C011,390.192
S00266,C012,274.675
S00266,C013,201.639
S00266,C014,115.682
S00266,C015,65.925
S00266,C016,773.88
S00266,C017,652.517
S00266,C018,678.874
S00266,C019,629.085
S00266,C020,384.194
S00267,C001,619.694
S00267,C002,483.69
S00267,C003,429.789
S00267,C004,348.317
S00267,C005,309.45
S00267,C006,652.786
S00267,C007,498.472
S00267,C008,555.207
S00267,C009,430.044
S00267,C010,389.118
S00267,C011,225.095
S00267,C012,109.773
S00267,C013,40.98
S00267,C014,57.689
S00267,C015,220.703
S00267,C016,741.283
S00267,C017,647.35
S00267,C018,702.736
S00267,C019,671.57
S00267,C020,356.693
S00268,C001,716.253
S00268,C002,608.956
S00268,C003,665.169
S00268,C004,610.226
S00268,C005,648.568
S00268,C006,286.401
S00268,C007,123.639
S00268,C008,139.16
S00268,C009,94.503
S00268,C010,200.919
S00268,C011,283.445
S00268,C012,344.057
S00268,C013,418.652
S00268,C014,454.73
S00268,C015,628.322
S00268,C016,518.202
S00268,C017,523.694
S00268,C018,637.211
S00268,C019,661.708
S00268,C020,347.777
S00269,C001,762.606
S00269,C002,629.853
S00269,C003,614.647
S00269,C004,537.63
S00269,C005,520.199
S00269,C006,573.468
S00269,C007,405.28
S00269,C008,436.301
S00269,C009,257.272
S00269,C010,182.589
S00269,C011,14.003
S00269,C012,108.224
S00269,C013,184.001
S00269,C014,269.766
S00269,C015,436.391
S00269,C016,746.424
S00269,C017,695.701
S00269,C018,781.225
S00269,C019,772.976
S00269,C020,422.364
S00270,C001,34.726
S00270,C002,161.279
S00270,C003,253.45
S00270,C004,323.971
S00270,C005,430.396
S00270,C006,715.225
S00270,C007,694.377
S00270,C008,769.612
S00270,C009,827.578
S00270,C010,877.633
S00270,C011,789.084
S00270,C012,705.175
S00270,C013,680.876
S00270,C014,591.451
S00270,C015,574.809
S00270,C016,520.293
S00270,C017,363.759
S00270,C018,277.475
S00270,C019,190.356
S00270,C020,404.981
S00271,C001,490.505
S00271,C002,474.846
S00271,C003,616.659
S00271,C004,619.634
S00271,C005,721.603
S00271,C006,258.789
S00271,C007,354.202
S00271,C008,395.49
S00271,C009,565.834
S00271,C010,669.322
S00271,C011,691.29
S00271,C012,682.918
S00271,C013,719.577
S00271,C014,686.515
S00271,C015,797.897
S00271,C016,46.417
S00271,C017,158.116
S00271,C018,269.781
S00271,C019,344.404
S00271,C020,357.181
S00272,C001,466.849
S00272,C002,446.602
S00272,C003,587.252
S00272,C004,589.304
S00272,C005,690.983
S00272,C006,260.349
S00272,C007,341.395
S00272,C008,387.741
S00272,C009,550.586
S00272,C010,651.73
S00272,C011,667.947
S00272,C012,656.526
S00272,C013,691.663
S00272,C014,657.14
S00272,C015,767.365
S00272,C016,69.049
S00272,C017,137.072
S00272,C018,254.85
S00272,C019,325.326
S00272,C020,327.057
S00273,C001,870.262
S00273,C002,738.921
S00273,C003,727.567
S00273,C004,650.632
S00273,C005,630.885
S00273,C006,606.684
S00273,C007,441.393
S00273,C008,453.435
S00273,C009,249.837
S00273,C010,139.538
S00273,C011,111.335
S00273,C012,218.538
S00273,C013,287.242
S00273,C014,378.91
S00273,C015,538.874
S00273,C016,813.697
S00273,C017,779.929
S00273,C018,873.308
S00273,C019,871.455
S00273,C020,519.73
S00274,C001,797.54
S00274,C002,686.294
S00274,C003,732.497
S00274,C004,672.557
S00274,C005,699.945
S00274,C006,347.996
S00274,C007,199.383
S00274,C008,185.953
S00274,C009,25.235
S00274,C010,138.779
S00274,C011,268.19
S00274,C012,353.574
S00274,C013,433.703
S00274,C014,486.13
S00274,C015,662.946
S00274,C016,599.098
S00274,C017,609.881
S00274,C018,723.636
S00274,C019,747.411
S00274,C020,426.632
S00275,C001,136.161
S00275,C002,193.109
S00275,C003,341.675
S00275,C004,386.725
S00275,C005,502.309
S00275,C006,570.642
S00275,C007,574.948
S00275,C008,645.774
S00275,C009,735.647
S00275,C010,803.105
S00275,C011,743.687
S00275,C012,679.104
S00275,C013,673.918
S00275,C014,598.04
S00275,C015,628.945
S00275,C016,357.073
S00275,C017,202.638
S00275,C018,118.451
S00275,C019,37.69
S00275,C020,329.344
S00276,C001,551.147
S00276,C002,429.392
S00276,C003,312.175
S00276,C004,239.751
S00276,C005,138.422
S00276,C006,807.567
S00276,C007,673.231
S00276,C008,740.371
S00276,C009,644.919
S00276,C010,613.363
S00276,C011,449.967
S00276,C012,334.801
S00276,C013,258.159
S00276,C014,179.285
S00276,C015,12.003
S00276,C016,821.927
S00276,C017,694.125
S00276,C018,710.808
S00276,C019,654.952
S00276,C020,436.478
S00277,C001,363.718
S00277,C002,232.515
S00277,C003,261.475
S00277,C004,212.276
S00277,C005,281.584
S00277,C006,500.042
S00277,C007,397.383
S00277,C008,474.018
S00277,C009,463.068
S00277,C010,493.782
S00277,C011,396.944
S00277,C012,319.889
S00277,C013,313.872
S00277,C014,247.035
S00277,C015,337.882
S00277,C016,492.52
S00277,C017,375.652
S00277,C018,421.058
S00277,C019,391.047
S00277,C020,107.057
S00278,C001,252.12
S00278,C002,281.232
S00278,C003,434.192
S00278,C004,465.129
S00278,C005,579.494
S00278,C006,478.009
S00278,C007,508.781
S00278,C008,573.346
S00278,C009,690.486
S00278,C010,771.031
S00278,C011,736.231
S00278,C012,688.124
S00278,C013,696.697
S00278,C014,632.83
S00278,C015,692.037
S00278,C016,242.01
S00278,C017,95.729
S00278,C018,38.953
S00278,C019,94.947
S00278,C020,322.642
S00279,C001,730.443
S00279,C002,675.834
S00279,C003,791.065
S00279,C004,767.043
S00279,C005,845.234
S00279,C006,64.698
S00279,C007,224.897
S00279,C008,203.499
S00279,C009,410.855
S00279,C010,526.957
S00279,C011,615.773
S00279,C012,655.243
S00279,C013,717.861
S00279,C014,723.236
S00279,C015,876.008
S00279,C016,313.856
S00279,C017,420.48
S00279,C018,542.88
S00279,C019,607.102
S00279,C020,461.602
S00280,C001,280.484
S00280,C002,308.313
S00280,C003,461.2
S00280,C004,490.186
S00280,C005,604.044
S00280,C006,461.494
S00280,C007,501.013
S00280,C008,563.264
S00280,C009,687.927
S00280,C010,771.696
S00280,C011,743.201
S00280,C012,699.119
S00280,C013,710.686
S00280,C014,649.563
S00280,C015,713.968
S00280,C016,215.786
S00280,C017,78.833
S00280,C018,46.014
S00280,C019,120.796
S00280,C020,333.156
S00281,C001,108.619
S00281,C002,33.499
S00281,C003,182.06
S00281,C004,227.199
S00281,C005,342.41
S00281,C006,615.097
S00281,C007,573.729
S00281,C008,650.666
S00281,C009,694.499
S00281,C010,741.248
S00281,C011,652.279
S00281,C012,570.652
S00281,C013,550.852
S00281,C014,465.339
S00281,C015,473.97
S00281,C016,468.245
S00281,C017,309.774
S00281,C018,270.622
S00281,C019,198.543
S00281,C020,272.48
S00282,C001,153.794
S00282,C002,275.629
S00282,C003,400.02
S00282,C004,462.602
S00282,C005,574.346
S00282,C006,687.145
S00282,C007,703.342
S00282,C008,772.569
S00282,C009,867.005
S00282,C010,933.864
S00282,C011,869.659
S00282,C012,799.6
S00282,C013,787.872
S00282,C014,705.986
S00282,C015,713.245
S00282,C016,442.527
S00282,C017,305.984
S00282,C018,187.253
S00282,C019,122.783
S00282,C020,458.48
S00283,C001,482.951
S00283,C002,380.21
S00283,C003,236.854
S00283,C004,189.869
S00283,C005,79.606
S00283,C006,857.469
S00283,C007,739.799
S00283,C008,812.052
S00283,C009,741.757
S00283,C010,723.02
S00283,C011,565.822
S00283,C012,450.448
S00283,C013,378.807
S00283,C014,289.241
S00283,C015,138.772
S00283,C016,826.566
S00283,C017,684.353
S00283,C018,678.123
S00283,C019,610.867
S00283,C020,464.692
S00284,C001,536.826
S00284,C002,518.526
S00284,C003,658.415
S00284,C004,658.428
S00284,C005,758.163
S00284,C006,229.804
S00284,C007,344.084
S00284,C008,377.112
S00284,C009,557.971
S00284,C010,665.128
S00284,C011,698.576
S00284,C012,697.725
S00284,C013,738.766
S00284,C014,711.084
S00284,C015,829.102
S00284,C016,69.736
S00284,C017,204.582
S00284,C018,314.933
S00284,C019,390.622
S00284,C020,386.442
S00285,C001,831.128
S00285,C002,714.471
S00285,C003,748.58
S00285,C004,684.006
S00285,C005,701.063
S00285,C006,411.034
S00285,C007,259.86
S00285,C008,248.889
S00285,C009,45.95
S00285,C010,79.273
S00285,C011,230.701
S00285,C012,329.148
S00285,C013,410.806
S00285,C014,473.955
S00285,C015,650.737
S00285,C016,658.053
S00285,C017,661.353
S00285,C018,772.075
S00285,C019,791.058
S00285,C020,459.077
S00286,C001,278.421
S00286,C002,315.887
S00286,C003,468.809
S00286,C004,500.917
S00286,C005,615.398
S00286,C006,479.658
S00286,C007,522.08
S00286,C008,583.787
S00286,C009,709.593
S00286,C010,793.404
S00286,C011,764.215
S00286,C012,719.109
S00286,C013,729.586
S00286,C014,667.153
S00286,C015,728.008
S00286,C016,225.851
S00286,C017,98.494
S00286,C018,30.167
S00286,C019,114.354
S00286,C020,353.173
S00287,C001,862.602
S00287,C002,747.38
S00287,C003,783.681
S00287,C004,719.546
S00287,C005,736.962
S00287,C006,416.363
S00287,C007,273.688
S00287,C008,252.434
S00287,C009,69.067
S00287,C010,98.119
S00287,C011,260.898
S00287,C012,362.58
S00287,C013,444.316
S00287,C014,509.118
S00287,C015,685.751
S00287,C016,673.723
S00287,C017,684.218
S00287,C018,796.984
S00287,C019,818.58
S00287,C020,490.583
S00288,C001,732.751
S00288,C002,627.199
S00288,C003,685.727
S00288,C004,631.481
S00288,C005,670.594
S00288,C006,278.159
S00288,C007,121.425
S00288,C008,124.532
S00288,C009,92.766
S00288,C010,205.255
S00288,C011,299.451
S00288,C012,363.924
S00288,C013,439.275
S00288,C014,476.587
S00288,C015,650.375
S00288,C016,520.302
S00288,C017,532.34
S00288,C018,647.57
S00288,C019,674.471
S00288,C020,365.822
S00289,C001,135.828
S00289,C002,29.043
S00289,C003,129.721
S00289,C004,179.994
S00289,C005,293.941
S00289,C006,647.753
S00289,C007,594.407
S00289,C008,672.13
S00289,C009,700.765
S00289,C010,739.642
S00289,C011,639.99
S00289,C012,551.849
S00289,C013,525.27
S00289,C014,435.679
S00289,C015,429.929
S00289,C016,516.113
S00289,C017,358.766
S00289,C018,323.087
S00289,C019,249.936
S00289,C020,284.338
S00290,C001,609.344
S00290,C002,473.234
S00290,C003,428.591
S00290,C004,348.098
S00290,C005,318.984
S00290,C006,623.28
S00290,C007,468.952
S00290,C008,526.024
S00290,C009,404.302
S00290,C010,368.327
S00290,C011,208.565
S00290,C012,93.722
S00290,C013,50.027
S00290,C014,68.143
S00290,C015,241.875
S00290,C016,715.106
S00290,C017,624.267
S00290,C018,683.054
S00290,C019,654.691
S00290,C020,333.134
S00291,C001,904.013
S00291,C002,783.174
S00291,C003,805.429
S00291,C004,736.506
S00291,C005,741.733
S00291,C006,493.914
S00291,C007,346.529
S00291,C008,330.271
S00291,C009,133.066
S00291,C010,66.689
S00291,C011,233.092
S00291,C012,345.316
S00291,C013,425.674
S00291,C014,501.8
S00291,C015,675.225
S00291,C016,745.157
S00291,C017,746.634
S00291,C018,855.705
S00291,C019,871.703
S00291,C020,533.188
S00292,C001,556.44
S00292,C002,420.74
S00292,C003,391.225
S00292,C004,313.77
S00292,C005,305.328
S00292,C006,573.229
S00292,C007,424.837
S00292,C008,486.926
S00292,C009,387.209
S00292,C010,369.741
S00292,C011,226.909
S00292,C012,124.902
S00292,C013,112.092
S00292,C014,87.44
S00292,C015,259.121
S00292,C016,653.332
S00292,C017,561.177
S00292,C018,620.964
S00292,C019,594.573
S00292,C020,270.052
S00293,C001,268.015
S00293,C002,160.648
S00293,C003,34.189
S00293,C004,48.853
S00293,C005,153.588
S00293,C006,713.089
S00293,C007,628.165
S00293,C008,705.648
S00293,C009,692.001
S00293,C010,708.576
S00293,C011,583.05
S00293,C012,480.42
S00293,C013,436.5
S00293,C014,339.527
S00293,C015,296.574
S00293,C016,629.689
S00293,C017,478.857
S00293,C018,460.348
S00293,C019,390.929
S00293,C020,317.592
S00294,C001,782.352
S00294,C002,648.827
S00294,C003,628.38
S00294,C004,550.266
S00294,C005,527.419
S00294,C006,599.864
S00294,C007,431.626
S00294,C008,461.112
S00294,C009,277.77
S00294,C010,194.901
S00294,C011,39.362
S00294,C012,115.598
S00294,C013,184.291
S00294,C014,275.289
S00294,C015,436.692
S00294,C016,773.539
S00294,C017,721.629
S00294,C018,805.929
S00294,C019,796.262
S00294,C020,446.401
S00295,C001,388.737
S00295,C002,289.211
S00295,C003,379.685
S00295,C004,351.122
S00295,C005,433.755
S00295,C006,353.663
S00295,C007,280.129
S00295,C008,357.917
S00295,C009,408.837
S00295,C010,473.99
S00295,C011,430.592
S00295,C012,391.115
S00295,C013,414.225
S00295,C014,373.146
S00295,C015,489.101
S00295,C016,350.699
S00295,C017,262.138
S00295,C018,344.738
S00295,C019,347.33
S00295,C020,47.434
S00296,C001,692.432
S00296,C002,593.043
S00296,C003,662.663
S00296,C004,613.845
S00296,C005,662.475
S00296,C006,225.429
S00296,C007,62.98
S00296,C008,89.131
S00296,C009,151.318
S00296,C010,261.764
S00296,C011,339.286
S00296,C012,389.75
S00296,C013,460.317
S00296,C014,486.264
S00296,C015,655.592
S00296,C016,461.645
S00296,C017,477.709
S00296,C018,594.869
S00296,C019,625.567
S00296,C020,332.706
S00297,C001,618.926
S00297,C002,488.063
S00297,C003,395.474
S00297,C004,315.471
S00297,C005,237.341
S00297,C006,766.657
S00297,C007,618.999
S00297,C008,679.615
S00297,C009,560.314
S00297,C010,515.782
S00297,C011,347.749
S00297,C012,235.58
S00297,C013,154.544
S00297,C014,107.484
S00297,C015,105.953
S00297,C016,822.419
S00297,C017,710.374
S00297,C018,746.075
S00297,C019,701.02
S00297,C020,430.275
S00298,C001,175.385
S00298,C002,99.73
S00298,C003,70.996
S00298,C004,143.442
S00298,C005,247.479
S00298,C006,710.505
S00298,C007,647.023
S00298,C008,725.063
S00298,C009,737.599
S00298,C010,766.836
S00298,C011,654.106
S00298,C012,557.773
S00298,C013,521.192
S00298,C014,426.478
S00298,C015,392.541
S00298,C016,587.51
S00298,C017,430.275
S00298,C018,390.93
S00298,C019,313.964
S00298,C020,333.003
S00299,C001,796.891
S00299,C002,722.662
S00299,C003,819.279
S00299,C004,782.659
S00299,C005,845.944
S00299,C006,133.959
S00299,C007,178.853
S00299,C008,116.061
S00299,C009,307.583
S00299,C010,421.867
S00299,C011,535.354
S00299,C012,594.323
S00299,C013,665.434
S00299,C014,688.255
S00299,C015,853.699
S00299,C016,431.101
S00299,C017,513.214
S00299,C018,637.954
S00299,C019,692.174
S00299,C020,480.508
S00300,C001,689.428
S00300,C002,610.684
S00300,C003,705.663
S00300,C004,669.579
S00300,C005,735.174
S00300,C006,96.841
S00300,C007,79.087
S00300,C008,72.083
S00300,C009,271.044
S00300,C010,386.062
S00300,C011,468.253
S00300,C012,510.504
S00300,C013,575.994
S00300,C014,589.101
S00300,C015,749.657
S00300,C016,368.434
S00300,C017,422.8
S00300,C018,546.741
S00300,C019,593.778
S00300,C020,366.901
S00301,C001,729.87
S00301,C002,653.999
S00301,C003,750.688
S00301,C004,714.963
S00301,C005,780.308
S00301,C006,92.749
S00301,C007,118.526
S00301,C008,78.955
S00301,C009,286.264
S00301,C010,402.387
S00301,C011,497.615
S00301,C012,546.455
S00301,C013,614.158
S00301,C014,630.729
S00301,C015,792.97
S00301,C016,385.564
S00301,C017,453.792
S00301,C018,578.403
S00301,C019,629.194
S00301,C020,412.03
S00302,C001,689.458
S00302,C002,553.495
S00302,C003,495.586
S00302,C004,413.689
S00302,C005,364.564
S00302,C006,689.506
S00302,C007,529.045
S00302,C008,578.992
S00302,C009,432.131
S00302,C010,373.228
S00302,C011,202.796
S00302,C012,102.429
S00302,C013,38.066
S00302,C014,122.392
S00302,C015,254.616
S00302,C016,798.014
S00302,C017,710.534
S00302,C018,769.818
S00302,C019,740.445
S00302,C020,419.327
S00303,C001,551.453
S00303,C002,419.192
S00303,C003,335.439
S00303,C004,253.869
S00303,C005,193.275
S00303,C006,713.552
S00303,C007,572.509
S00303,C008,637.257
S00303,C009,536.342
S00303,C010,506.192
S00303,C011,345.492
S00303,C012,229.979
S00303,C013,158.526
S00303,C014,70.877
S00303,C015,107.155
S00303,C016,755.3
S00303,C017,640.376
S00303,C018,674.819
S00303,C019,630.066
S00303,C020,363.409
S00304,C001,526.844
S00304,C002,393.958
S00304,C003,314.848
S00304,C004,232.897
S00304,C005,182.269
S00304,C006,693.766
S00304,C007,555.604
S00304,C008,621.864
S00304,C009,528.53
S00304,C010,504.086
S00304,C011,347.361
S00304,C012,232.465
S00304,C013,166.991
S00304,C014,71.021
S00304,C015,120.015
S00304,C016,730.005
S00304,C017,614.042
S00304,C018,648.142
S00304,C019,603.646
S00304,C020,338.425
S00305,C001,700.696
S00305,C002,612.002
S00305,C003,695.476
S00305,C004,653.113
S00305,C005,710.609
S00305,C006,157.635
S00305,C007,43.762
S00305,C008,34.648
S00305,C009,210.491
S00305,C010,325.295
S00305,C011,411.071
S00305,C012,459.568
S00305,C013,528.257
S00305,C014,548.586
S00305,C015,714.194
S00305,C016,417.68
S00305,C017,455.818
S00305,C018,577.606
S00305,C019,617.626
S00305,C020,358.107
S00306,C001,376.358
S00306,C002,263.046
S00306,C003,134.273
S00306,C004,69.326
S00306,C005,46.39
S00306,C006,750.861
S00306,C007,644.683
S00306,C008,719.688
S00306,C009,674.172
S00306,C010,673.032
S00306,C011,530.719
S00306,C012,420.074
S00306,C013,363.233
S00306,C014,264.837
S00306,C015,189.85
S00306,C016,705.546
S00306,C017,562.364
S00306,C018,558.012
S00306,C019,493.439
S00306,C020,353.289
S00307,C001,182.223
S00307,C002,215.037
S00307,C003,367.529
S00307,C004,404.101
S00307,C005,519.45
S00307,C006,522.724
S00307,C007,533.145
S00307,C008,602.483
S00307,C009,700.632
S00307,C010,772.686
S00307,C011,722.236
S00307,C012,664.084
S00307,C013,664.761
S00307,C014,594.002
S00307,C015,638.841
S00307,C016,308.777
S00307,C017,153.169
S00307,C018,85.234
S00307,C019,48.939
S00307,C020,305.405
S00308,C001,627.257
S00308,C002,492.87
S00308,C003,418.808
S00308,C004,336.874
S00308,C005,277.443
S00308,C006,714.571
S00308,C007,562.554
S00308,C008,620.535
S00308,C009,495.224
S00308,C010,449.668
S00308,C011,282.011
S00308,C012,169.429
S00308,C013,88.602
S00308,C014,66.283
S00308,C015,165.763
S00308,C016,789.096
S00308,C017,686.423
S00308,C018,732.526
S00308,C019,694.439
S00308,C020,399.183
S00309,C001,379.54
S00309,C002,282.754
S00309,C003,134.328
S00309,C004,106.036
S00309,C005,69.514
S00309,C006,807.227
S00309,C007,705.137
S00309,C008,780.612
S00309,C009,736.926
S00309,C010,734.571
S00309,C011,589.767
S00309,C012,477.705
S00309,C013,416.951
S00309,C014,319.473
S00309,C015,215.179
S00309,C016,747.044
S00309,C017,598.945
S00309,C018,582.773
S00309,C019,512.167
S00309,C020,408.569
S00310,C001,611.004
S00310,C002,489.936
S00310,C003,370.373
S00310,C004,299.666
S00310,C005,194.315
S00310,C006,849.985
S00310,C007,709.756
S00310,C008,774.024
S00310,C009,664.676
S00310,C010,622.942
S00310,C011,455.04
S00310,C012,342.624
S00310,C013,261.819
S00310,C014,201.317
S00310,C015,49.971
S00310,C016,876.765
S00310,C017,751.734
S00310,C018,770.75
S00310,C019,715.455
S00310,C020,488.43
S00311,C001,426.064
S00311,C002,328.178
S00311,C003,416.568
S00311,C004,384.765
S00311,C005,462.675
S00311,C006,320.293
S00311,C007,241.167
S00311,C008,318.987
S00311,C009,374.752
S00311,C010,444.932
S00311,C011,413.256
S00311,C012,383.857
S00311,C013,414.446
S00311,C014,382.312
S00311,C015,508.987
S00311,C016,345.709
S00311,C017,274.669
S00311,C018,367.24
S00311,C019,376.826
S00311,C020,78.846
S00312,C001,487.339
S00312,C002,405.631
S00312,C003,252.958
S00312,C004,235.025
S00312,C005,152.492
S00312,C006,930.552
S00312,C007,820.68
S00312,C008,894.462
S00312,C009,832.25
S00312,C010,815.91
S00312,C011,659.184
S00312,C012,543.808
S00312,C013,471.77
S00312,C014,382.589
S00312,C015,226.522
S00312,C016,876.113
S00312,C017,727.112
S00312,C018,705.537
S00312,C019,631.311
S00312,C020,533.124
S00313,C001,87.857
S00313,C002,213.394
S00313,C003,334.109
S00313,C004,397.518
S00313,C005,508.72
S00313,C006,680.174
S00313,C007,680.678
S00313,C008,752.745
S00313,C009,833.137
S00313,C010,893.984
S00313,C011,821.112
S00313,C012,746.392
S00313,C013,730.865
S00313,C014,646.684
S00313,C015,648.502
S00313,C016,457.405
S00313,C017,308.513
S00313,C018,204.09
S00313,C019,121.115
S00313,C020,416.637
S00314,C001,799.246
S00314,C002,676.373
S00314,C003,696.33
S00314,C004,627.62
S00314,C005,635.55
S00314,C006,455.28
S00314,C007,292.206
S00314,C008,300.704
S00314,C009,99.643
S00314,C010,46.873
S00314,C011,150.082
S00314,C012,250.955
S00314,C013,332.685
S00314,C014,400.771
S00314,C015,576.562
S00314,C016,677.123
S00314,C017,661.211
S00314,C018,764.742
S00314,C019,774.893
S00314,C020,430.546
S00315,C001,488.233
S00315,C002,373.999
S00315,C003,431.338
S00315,C004,382.875
S00315,C005,439.735
S00315,C006,352.558
S00315,C007,228.99
S00315,C008,304.222
S00315,C009,307.132
S00315,C010,362.433
S00315,C011,319.134
S00315,C012,292.593
S00315,C013,330.219
S00315,C014,312.297
S00315,C015,458.77
S00315,C016,433.154
S00315,C017,368.959
S00315,C018,458.227
S00315,C019,460.595
S00315,C020,116.261
S00316,C001,214.41
S00316,C002,240.59
S00316,C003,393.539
S00316,C004,426.119
S00316,C005,540.902
S00316,C006,496.149
S00316,C007,513.794
S00316,C008,581.448
S00316,C009,687.229
S00316,C010,762.968
S00316,C011,719.478
S00316,C012,666.028
S00316,C013,670.622
S00316,C014,603.341
S00316,C015,656.173
S00316,C016,276.651
S00316,C017,121.983
S00316,C018,64.85
S00316,C019,69.852
S00316,C020,303.071
S00317,C001,713.276
S00317,C002,577.183
S00317,C003,529.472
S00317,C004,448.144
S00317,C005,406.503
S00317,C006,665.93
S00317,C007,502.353
S00317,C008,547.911
S00317,C009,391.755
S00317,C010,327.525
S00317,C011,156.965
S00317,C012,71.096
S00317,C013,58.977
S00317,C014,157.359
S00317,C015,301.814
S00317,C016,791.416
S00317,C017,712.62
S00317,C018,778.831
S00317,C019,754.534
S00317,C020,422.478
S00318,C001,735.988
S00318,C002,672.673
S00318,C003,780.807
S00318,C004,751.933
S00318,C005,824.998
S00318,C006,55.362
S00318,C007,184.123
S00318,C008,154.831
S00318,C009,362.029
S00318,C010,478.158
S00318,C011,571.428
S00318,C012,615.585
S00318,C013,680.639
S00318,C014,691.012
S00318,C015,848.152
S00318,C016,345.465
S00318,C017,437.716
S00318,C018,561.86
S00318,C019,621.114
S00318,C020,446.022
S00319,C001,166.724
S00319,C002,192.876
S00319,C003,345.461
S00319,C004,381.937
S00319,C005,497.32
S00319,C006,527.946
S00319,C007,531.321
S00319,C008,602.011
S00319,C009,693.923
S00319,C010,763.368
S00319,C011,708.75
S00319,C012,648.19
S00319,C013,647.057
S00319,C014,574.933
S00319,C015,617.334
S00319,C016,324.152
S00319,C017,166.317
S00319,C018,107.446
S00319,C019,59.338
S00319,C020,292.546
S00320,C001,113.152
S00320,C002,185.07
S00320,C003,329.608
S00320,C004,379.057
S00320,C005,494.256
S00320,C006,595.147
S00320,C007,596.41
S00320,C008,667.921
S00320,C009,753.622
S00320,C010,818.726
S00320,C011,754.887
S00320,C012,687.178
S00320,C013,679.038
S00320,C014,600.732
S00320,C015,624.357
S00320,C016,382.223
S00320,C017,228.146
S00320,C018,139.885
S00320,C019,53.883
S00320,C020,343.001
S00321,C001,708.126
S00321,C002,572.315
S00321,C003,532.907
S00321,C004,452.432
S00321,C005,418.451
S00321,C006,636.655
S00321,C007,472.399
S00321,C008,517.058
S00321,C009,360.749
S00321,C010,298.976
S00321,C011,128.571
S00321,C012,43.209
S00321,C013,70.418
S00321,C014,166.185
S00321,C015,322.092
S00321,C016,768.32
S00321,C017,693.911
S00321,C018,763.863
S00321,C019,742.696
S00321,C020,405.28
S00322,C001,456.043
S00322,C002,353.158
S00322,C003,209.855
S00322,C004,163.49
S00322,C005,57.378
S00322,C006,838.524
S00322,C007,724.077
S00322,C008,797.162
S00322,C009,733.083
S00322,C010,718.496
S00322,C011,564.237
S00322,C012,449.341
S00322,C013,380.439
S00322,C014,287.809
S00322,C015,150.74
S00322,C016,802.009
S00322,C017,658.795
S00322,C018,651.311
S00322,C019,583.786
S00322,C020,443.87
S00323,C001,333.539
S00323,C002,321.608
S00323,C003,468.444
S00323,C004,481.238
S00323,C005,589.669
S00323,C006,369.485
S00323,C007,404.185
S00323,C008,466.326
S00323,C009,593.961
S00323,C010,681.134
S00323,C011,663.357
S00323,C012,629.031
S00323,C013,649.098
S00323,C014,597.744
S00323,C015,683.455
S00323,C016,166.229
S00323,C017,24.522
S00323,C018,141.905
S00323,C019,197.478
S00323,C020,267.767
S00324,C001,610.696
S00324,C002,494.796
S00324,C003,366.327
S00324,C004,301.494
S00324,C005,189.393
S00324,C006,882.981
S00324,C007,745.711
S00324,C008,811.21
S00324,C009,705.681
S00324,C010,665.193
S00324,C011,497.457
S00324,C012,384.841
S00324,C013,304.183
S00324,C014,240.825
S00324,C015,71.918
S00324,C016,898.948
S00324,C017,769.531
S00324,C018,782.129
S00324,C019,723.194
S00324,C020,514.021
S00325,C001,659.842
S00325,C002,523.825
S00325,C003,468.554
S00325,C004,386.851
S00325,C005,342.615
S00325,C006,669.951
S00325,C007,511.644
S00325,C008,564.343
S00325,C009,426.076
S00325,C010,374.845
S00325,C011,206.195
S00325,C012,96.043
S00325,C013,15.048
S00325,C014,95.125
S00325,C015,241.458
S00325,C016,771.285
S00325,C017,681.739
S00325,C018,740.002
S00325,C019,710.315
S00325,C020,390.585
S00326,C001,313.048
S00326,C002,362.758
S00326,C003,515.293
S00326,C004,550.093
S00326,C005,664.937
S00326,C006,495.916
S00326,C007,552.635
S00326,C008,610.58
S00326,C009,746.194
S00326,C010,833.481
S00326,C011,810.119
S00326,C012,767.765
S00326,C013,779.72
S00326,C014,718.166
S00326,C015,778.95
S00326,C016,221.135
S00326,C017,129.36
S00326,C018,62.936
S00326,C019,146.75
S00326,C020,401.858
S00327,C001,228.861
S00327,C002,158.05
S00327,C003,40.534
S00327,C004,121.367
S00327,C005,206.091
S00327,C006,756.829
S00327,C007,683.764
S00327,C008,761.722
S00327,C009,759.652
S00327,C010,780.297
S00327,C011,657.23
S00327,C012,555.017
S00327,C013,510.496
S00327,C014,413.104
S00327,C015,355.605
S00327,C016,645.412
S00327,C017,489.027
S00327,C018,451.217
S00327,C019,373.646
S00327,C020,369.692
S00328,C001,425.87
S00328,C002,309.539
S00328,C003,184.532
S00328,C004,115.86
S00328,C005,21.22
S00328,C006,765.207
S00328,C007,650.116
S00328,C008,723.34
S00328,C009,663.35
S00328,C010,653.857
S00328,C011,504.764
S00328,C012,391.531
S00328,C013,328.869
S00328,C014,231.923
S00328,C015,139.673
S00328,C016,737.614
S00328,C017,598.667
S00328,C018,600.913
S00328,C019,538.949
S00328,C020,372.073
S00329,C001,285.723
S00329,C002,174.127
S00329,C003,52.709
S00329,C004,29.484
S00329,C005,136.81
S00329,C006,710.781
S00329,C007,621.763
S00329,C008,698.956
S00329,C009,680.224
S00329,C010,694.399
S00329,C011,566.713
S00329,C012,463.108
S00329,C013,418.036
S00329,C014,320.809
S00329,C015,277.918
S00329,C016,635.667
S00329,C017,486.632
S00329,C018,472.469
S00329,C019,404.853
S00329,C020,313.54
S00330,C001,524.707
S00330,C002,389.137
S00330,C003,332.361
S00330,C004,251.242
S00330,C005,224.845
S00330,C006,638.655
S00330,C007,498.118
S00330,C008,563.764
S00330,C009,471.782
S00330,C010,452.096
S00330,C011,301.245
S00330,C012,189.272
S00330,C013,138.378
S00330,C014,45.548
S00330,C015,178.214
S00330,C016,688.082
S00330,C017,579.829
S00330,C018,623.629
S00330,C019,585.933
S00330,C020,296.12
S00331,C001,764.267
S00331,C002,654.235
S00331,C003,703.82
S00331,C004,645.57
S00331,C005,676.898
S00331,C006,323.525
S00331,C007,168.9
S00331,C008,165.185
S00331,C009,45.309
S00331,C010,159.393
S00331,C011,268.983
S00331,C012,345.125
S00331,C013,423.572
S00331,C014,469.988
S00331,C015,646.032
S00331,C016,567.376
S00331,C017,575.654
S00331,C018,689.148
S00331,C019,712.935
S00331,C020,393.951
S00332,C001,331.382
S00332,C002,206.72
S00332,C003,114.085
S00332,C004,34.15
S00332,C005,113.333
S00332,C006,683.411
S00332,C007,583.227
S00332,C008,659.344
S00332,C009,628.072
S00332,C010,637.302
S00332,C011,506.283
S00332,C012,401.725
S00332,C013,356.516
S00332,C014,259.585
S00332,C015,233.776
S00332,C016,634.53
S00332,C017,492.694
S00332,C018,493.925
S00332,C019,433.697
S00332,C020,284.838
S00333,C001,76.782
S00333,C002,59.4
S00333,C003,185.834
S00333,C004,241.781
S00333,C005,355.045
S00333,C006,645.411
S00333,C007,608.119
S00333,C008,684.813
S00333,C009,730.496
S00333,C010,777.017
S00333,C011,686.461
S00333,C012,603.09
S00333,C013,580.846
S00333,C014,493.406
S00333,C015,491.973
S00333,C016,486.456
S00333,C017,326.999
S00333,C018,274.302
S00333,C019,195.509
S00333,C020,308.385
S00334,C001,717.762
S00334,C002,610.508
S00334,C003,666.736
S00334,C004,611.776
S00334,C005,650.05
S00334,C006,286.475
S00334,C007,124.07
S00334,C008,138.673
S00334,C009,93.55
S00334,C010,200.432
S00334,C011,283.94
S00334,C012,344.99
S00334,C013,419.692
S00334,C014,455.993
S00334,C015,629.642
S00334,C016,519.005
S00334,C017,524.868
S00334,C018,638.473
S00334,C019,663.079
S00334,C020,349.323
S00335,C001,697.031
S00335,C002,620.845
S00335,C003,718.186
S00335,C004,683.316
S00335,C005,750.212
S00335,C006,83.056
S00335,C007,96.48
S00335,C008,81.675
S00335,C009,284.95
S00335,C010,400.405
S00335,C011,485.08
S00335,C012,527.884
S00335,C013,593.366
S00335,C014,606.094
S00335,C015,766.13
S00335,C016,363.456
S00335,C017,424.362
S00335,C018,548.734
S00335,C019,597.948
S00335,C020,379.712
S00336,C001,452.612
S00336,C002,342.158
S00336,C003,207.196
S00336,C004,148.546
S00336,C005,32.984
S00336,C006,806.63
S00336,C007,689.802
S00336,C008,762.454
S00336,C009,696.746
S00336,C010,682.414
S00336,C011,528.949
S00336,C012,414.302
S00336,C013,346.73
S00336,C014,252.89
S00336,C015,128.383
S00336,C016,778.574
S00336,C017,638.324
S00336,C018,636.992
S00336,C019,572.643
S00336,C020,414.028
S00337,C001,212.856
S00337,C002,144.477
S00337,C003,47.58
S00337,C004,129.613
S00337,C005,219.667
S00337,C006,748.292
S00337,C007,678.299
S00337,C008,756.32
S00337,C009,758.547
S00337,C010,781.571
S00337,C011,661.145
S00337,C012,560.33
S00337,C013,517.719
S00337,C014,420.832
S00337,C015,368.565
S00337,C016,632.251
S00337,C017,475.381
S00337,C018,435.863
S00337,C019,357.905
S00337,C020,363.915
S00338,C001,378.228
S00338,C002,398.458
S00338,C003,550.244
S00338,C004,572.145
S00338,C005,683.589
S00338,C006,403.432
S00338,C007,473.305
S00338,C008,526.159
S00338,C009,674.935
S00338,C010,768.737
S00338,C011,761.953
S00338,C012,731.924
S00338,C013,753.461
S00338,C014,702.145
S00338,C015,783.772
S00338,C016,126.102
S00338,C017,82.128
S00338,C018,132.279
S00338,C019,216.755
S00338,C020,372.252
S00339,C001,580.614
S00339,C002,446.756
S00339,C003,370.883
S00339,C004,288.933
S00339,C005,232.903
S00339,C006,702.439
S00339,C007,556.233
S00339,C008,618.26
S00339,C009,507.53
S00339,C010,472.085
S00339,C011,308.968
S00339,C012,193.595
S00339,C013,119.55
S00339,C014,44.076
S00339,C015,137.606
S00339,C016,760.061
S00339,C017,651.471
S00339,C018,692.535
S00339,C019,651.735
S00339,C020,368.195
S00340,C001,85.498
S00340,C002,176.212
S00340,C003,230.368
S00340,C004,307.702
S00340,C005,406.276
S00340,C006,762.269
S00340,C007,732.659
S00340,C008,808.948
S00340,C009,855.474
S00340,C010,899.153
S00340,C011,801.266
S00340,C012,711.599
S00340,C013,680.937
S00340,C014,588.133
S00340,C015,554.413
S00340,C016,575.991
S00340,C017,418.482
S00340,C018,334.908
S00340,C019,247.786
S00340,C020,433.854
S00341,C001,636.28
S00341,C002,556.069
S00341,C003,651.395
S00341,C004,616.437
S00341,C005,684.373
S00341,C006,114.646
S00341,C007,62.303
S00341,C008,106.555
S00341,C009,276.067
S00341,C010,386.775
S00341,C011,449.187
S00341,C012,480.23
S00341,C013,541.397
S00341,C014,547.676
S00341,C015,704.166
S00341,C016,341.224
S00341,C017,378.976
S00341,C018,501.626
S00341,C019,544.866
S00341,C020,312.812
S00342,C001,729.475
S00342,C002,666.651
S00342,C003,775.356
S00342,C004,746.936
S00342,C005,820.576
S00342,C006,48.666
S00342,C007,182.833
S00342,C008,156.521
S00342,C009,363.864
S00342,C010,479.982
S00342,C011,571.375
S00342,C012,614.291
S00342,C013,678.827
S00342,C014,688.266
S00342,C015,844.74
S00342,C016,338.794
S00342,C017,430.829
S00342,C018,554.962
S00342,C019,614.295
S00342,C020,440.982
S00343,C001,206.122
S00343,C002,227.102
S00343,C003,380.062
S00343,C004,411.987
S00343,C005,526.711
S00343,C006,496.54
S00343,C007,509.477
S00343,C008,578.094
S00343,C009,680.089
S00343,C010,754.361
S00343,C011,708.548
S00343,C012,653.852
S00343,C013,657.616
S00343,C014,589.743
S00343,C015,641.888
S00343,C016,284.542
S00343,C017,127.585
S00343,C018,79.057
S00343,C019,71.871
S00343,C020,291.82
S00344,C001,185.826
S00344,C002,156.478
S00344,C003,101.414
S00344,C004,183.461
S00344,C005,268.654
S00344,C006,774.255
S00344,C007,713.676
S00344,C008,791.701
S00344,C009,803.41
S00344,C010,830.234
S00344,C011,712.944
S00344,C012,613.259
S00344,C013,571.493
S00344,C014,474.697
S00344,C015,418.662
S00344,C016,638.285
S00344,C017,479.318
S00344,C018,426.064
S00344,C019,343.575
S00344,C020,399.821
S00345,C001,203.062
S00345,C002,328.527
S00345,C003,449.066
S00345,C004,513.773
S00345,C005,624.509
S00345,C006,719.514
S00345,C007,744.739
S00345,C008,812.227
S00345,C009,913.51
S00345,C010,982.828
S00345,C011,921.602
S00345,C012,852.638
S00345,C013,841.377
S00345,C014,759.504
S00345,C015,764.806
S00345,C016,461.644
S00345,C017,336.41
S00345,C018,212.729
S00345,C019,164.399
S00345,C020,508.913
S00346,C001,511.228
S00346,C002,396.201
S00346,C003,267.25
S00346,C004,202.438
S00346,C005,90.118
S00346,C006,822.111
S00346,C007,695.843
S00346,C008,765.813
S00346,C009,683.635
S00346,C010,659.336
S00346,C011,499.467
S00346,C012,383.948
S00346,C013,310.461
S00346,C014,223.915
S00346,C015,70.302
S00346,C016,814.761
S00346,C017,679.88
S00346,C018,686.449
S00346,C019,625.454
S00346,C020,438.408
S00347,C001,385.339
S00347,C002,374.376
S00347,C003,520.065
S00347,C004,529.998
S00347,C005,636.637
S00347,C006,332.947
S00347,C007,387.615
S00347,C008,443.818
S00347,C009,586.956
S00347,C010,680.253
S00347,C011,675.844
S00347,C012,650.144
S00347,C013,675.951
S00347,C014,630.542
S00347,C015,725.056
S00347,C016,113.738
S00347,C017,54.104
S00347,C018,175.132
S00347,C019,242.505
S00347,C020,297.51
S00348,C001,671.527
S00348,C002,536.729
S00348,C003,511.097
S00348,C004,432.901
S00348,C005,413.63
S00348,C006,580.606
S00348,C007,417.435
S00348,C008,464.837
S00348,C009,319.912
S00348,C010,273.473
S00348,C011,112.411
S00348,C012,14.329
S00348,C013,91.434
S00348,C014,164.599
S00348,C015,336.231
S00348,C016,711.848
S00348,C017,640.687
S00348,C018,714.326
S00348,C019,696.873
S00348,C020,354.223
S00349,C001,703.358
S00349,C002,627.518
S00349,C003,725.011
S00349,C004,690.131
S00349,C005,756.909
S00349,C006,82.418
S00349,C007,101.709
S00349,C008,81.665
S00349,C009,286.557
S00349,C010,402.234
S00349,C011,488.972
S00349,C012,532.865
S00349,C013,598.733
S00349,C014,612.073
S00349,C015,772.436
S00349,C016,366.489
S00349,C017,429.425
S00349,C018,553.883
S00349,C019,603.614
S00349,C020,386.542
S00350,C001,748.888
S00350,C002,638.41
S00350,C003,687.717
S00350,C004,629.567
S00350,C005,661.441
S00350,C006,321.139
S00350,C007,162.42
S00350,C008,166.177
S00350,C009,53.781
S00350,C010,162.623
S00350,C011,261.792
S00350,C012,334.042
S00350,C013,411.762
S00350,C014,456.244
S00350,C015,631.984
S00350,C016,558.776
S00350,C017,563.598
S00350,C018,676.233
S00350,C019,698.952
S00350,C020,378.297
S00351,C001,587.234
S00351,C002,451.162
S00351,C003,401.493
S00351,C004,320.594
S00351,C005,289.828
S00351,C006,632.347
S00351,C007,481.53
S00351,C008,541.237
S00351,C009,427.379
S00351,C010,395.428
S00351,C011,237.328
S00351,C012,122.798
S00351,C013,70.716
S00351,C014,40.141
S00351,C015,216.465
S00351,C016,711.809
S00351,C017,615.429
S00351,C018,669.59
S00351,C019,638.135
S00351,C020,325.263
S00352,C001,110.716
S00352,C002,25.961
S00352,C003,170.012
S00352,C004,217.167
S00352,C005,332.062
S00352,C006,624.889
S00352,C007,580.999
S00352,C008,658.145
S00352,C009,698.606
S00352,C010,743.539
S00352,C011,651.946
S00352,C012,568.647
S00352,C013,547.104
S00352,C014,460.462
S00352,C015,465.093
S00352,C016,480.64
S00352,C017,322.279
S00352,C018,282.879
S00352,C019,209.913
S00352,C020,277.361
S00353,C001,390.463
S00353,C002,265.147
S00353,C003,309.363
S00353,C004,262.274
S00353,C005,329.169
S00353,C006,452.19
S00353,C007,347.362
S00353,C008,424.065
S00353,C009,419.813
S00353,C010,457.842
S00353,C011,374.664
S00353,C012,309.98
S00353,C013,316.909
S00353,C014,263.539
S00353,C015,374.577
S00353,C016,462.691
S00353,C017,357.844
S00353,C018,417.343
S00353,C019,397.601
S00353,C020,70.538
S00354,C001,83.845
S00354,C002,116.126
S00354,C003,173.446
S00354,C004,247.163
S00354,C005,350.588
S00354,C006,721.706
S00354,C007,681.773
S00354,C008,758.845
S00354,C009,796.736
S00354,C010,837.45
S00354,C011,737.186
S00354,C012,646.983
S00354,C013,616.505
S00354,C014,524.098
S00354,C015,496.559
S00354,C016,556.567
S00354,C017,397.089
S00354,C018,330.62
S00354,C019,245.755
S00354,C020,377.123
S00355,C001,745.192
S00355,C002,644.825
S00355,C003,711.07
S00355,C004,659.927
S00355,C005,703.809
S00355,C006,245.429
S00355,C007,103.917
S00355,C008,85.384
S00355,C009,122.63
S00355,C010,238.521
S00355,C011,341.675
S00355,C012,406.279
S00355,C013,481.093
S00355,C014,515.991
S00355,C015,688.657
S00355,C016,502.625
S00355,C017,527.179
S00355,C018,645.578
S00355,C019,677.77
S00355,C020,383.979
S00356,C001,612.592
S00356,C002,479.419
S00356,C003,398.03
S00356,C004,316.507
S00356,C005,250.896
S00356,C006,730.305
S00356,C007,581.189
S00356,C008,641.127
S00356,C009,521.383
S00356,C010,478.516
S00356,C011,311.551
S00356,C012,198.154
S00356,C013,118.161
S00356,C014,72.131
S00356,C015,135.537
S00356,C016,793.971
S00356,C017,686.392
S00356,C018,727.522
S00356,C019,686.213
S00356,C020,402.383
S00357,C001,660.202
S00357,C002,527.122
S00357,C003,514.325
S00357,C004,438.781
S00357,C005,430.944
S00357,C006,536.778
S00357,C007,373.224
S00357,C008,420.731
S00357,C009,281.211
S00357,C010,245.941
S00357,C011,102.909
S00357,C012,58.258
S00357,C013,131.853
S00357,C014,190.36
S00357,C015,366.346
S00357,C016,674.67
S00357,C017,609.647
S00357,C018,688.332
S00357,C019,675.505
S00357,C020,327.755
S00358,C001,654.867
S00358,C002,582.754
S00358,C003,685.359
S00358,C004,654.257
S00358,C005,726.135
S00358,C006,65.596
S00358,C007,104.854
S00358,C008,120.198
S00358,C009,312.445
S00358,C010,425.879
S00358,C011,496.258
S00358,C012,529.24
S00358,C013,590.456
S00358,C014,595.653
S00358,C015,750.364
S00358,C016,319.881
S00358,C017,378.181
S00358,C018,502.62
S00358,C019,552.71
S00358,C020,348.712
S00359,C001,813.343
S00359,C002,680.908
S00359,C003,665.766
S00359,C004,588.425
S00359,C005,568.242
S00359,C006,593.758
S00359,C007,425.894
S00359,C008,448.588
S00359,C009,255.78
S00359,C010,162.131
S00359,C011,53.016
S00359,C012,155.817
S00359,C013,226.084
S00359,C014,316.47
S00359,C015,478.476
S00359,C016,781.938
S00359,C017,738.086
S00359,C018,826.742
S00359,C019,820.823
S00359,C020,469.467
S00360,C001,578.75
S00360,C002,463.744
S00360,C003,334.156
S00360,C004,270.117
S00360,C005,157.339
S00360,C006,866.348
S00360,C007,732.628
S00360,C008,799.719
S00360,C009,701.701
S00360,C010,666.381
S00360,C011,500.639
S00360,C012,386.44
S00360,C013,307.375
S00360,C014,235.471
S00360,C015,58.675
S00360,C016,874.058
S00360,C017,742.5
S00360,C018,752.595
S00360,C019,692.649
S00360,C020,491.809
S00361,C001,475.994
S00361,C002,371.312
S00361,C003,229.695
S00361,C004,179.932
S00361,C005,68.079
S00361,C006,845.202
S00361,C007,727.594
S00361,C008,799.909
S00361,C009,730.458
S00361,C010,712.618
S00361,C011,556.166
S00361,C012,440.895
S00361,C013,370.056
S00361,C014,279.502
S00361,C015,133.788
S00361,C016,815.253
S00361,C017,673.559
S00361,C018,668.586
S00361,C019,602.04
S00361,C020,452.559
S00362,C001,143.95
S00362,C002,244.729
S00362,C003,381.974
S00362,C004,437.299
S00362,C005,551.535
S00362,C006,630.812
S00362,C007,645.688
S00362,C008,714.888
S00362,C009,810.682
S00362,C010,879.219
S00362,C011,819.26
S00362,C012,752.763
S00362,C013,744.835
S00362,C014,666.103
S00362,C015,685.201
S00362,C016,393.421
S00362,C017,251.296
S00362,C018,137.704
S00362,C019,65.314
S00362,C020,405.536
S00363,C001,579.035
S00363,C002,443.52
S00363,C003,382.576
S00363,C004,300.8
S00363,C005,260.427
S00363,C006,661.174
S00363,C007,512.959
S00363,C008,574.124
S00363,C009,463.079
S00363,C010,430.388
S00363,C011,270.247
S00363,C012,154.881
S00363,C013,89.88
S00363,C014,9.165
S00363,C015,180.751
S00363,C016,729.327
S00363,C017,626.857
S00363,C018,674.898
S00363,C019,639.076
S00363,C020,339.282
S00364,C001,144.615
S00364,C002,192.291
S00364,C003,342.489
S00364,C004,385.092
S00364,C005,500.735
S00364,C006,558.063
S00364,C007,562.195
S00364,C008,632.969
S00364,C009,723.49
S00364,C010,791.544
S00364,C011,733.528
S00364,C012,670.102
S00364,C013,666.088
S00364,C014,591.269
S00364,C015,625.52
S00364,C016,347.005
S00364,C017,191.532
S00364,C018,113.339
S00364,C019,40.219
S00364,C020,318.536
S00365,C001,376.035
S00365,C002,374.392
S00365,C003,522.594
S00365,C004,536.515
S00365,C005,644.985
S00365,C006,355.916
S00365,C007,413.836
S00365,C008,469.564
S00365,C009,613.17
S00365,C010,706.086
S00365,C011,699.677
S00365,C012,671.798
S00365,C013,695.736
S00365,C014,647.89
S00365,C015,737.635
S00365,C016,115.553
S00365,C017,44.062
S00365,C018,154.626
S00365,C019,227.028
S00365,C020,315.71
S00366,C001,316.315
S00366,C002,316.642
S00366,C003,466.439
S00366,C004,484.517
S00366,C005,595.086
S00366,C006,397.867
S00366,C007,435.344
S00366,C008,497.27
S00366,C009,624.592
S00366,C010,710.871
S00366,C011,689.904
S00366,C012,652.496
S00366,C013,669.882
S00366,C014,615.305
S00366,C015,694.303
S00366,C016,175.645
S00366,C017,16.799
S00366,C018,111.296
S00366,C019,172.073
S00366,C020,288.691
S00367,C001,607.775
S00367,C002,472.887
S00367,C003,449.763
S00367,C004,372.757
S00367,C005,362.209
S00367,C006,560.499
S00367,C007,403.864
S00367,C008,459.735
S00367,C009,340.686
S00367,C010,313.994
S00367,C011,167.794
S00367,C012,71.752
S00367,C013,96.185
S00367,C014,125.64
S00367,C015,302.708
S00367,C016,667.906
S00367,C017,587.82
S00367,C018,656.474
S00367,C019,636.08
S00367,C020,298.25
S00368,C001,670.671
S00368,C002,535.18
S00368,C003,469.955
S00368,C004,387.909
S00368,C005,333.378
S00368,C006,705.045
S00368,C007,547.29
S00368,C008,600.218
S00368,C009,460.412
S00368,C010,405.554
S00368,C011,235.571
S00368,C012,129.717
S00368,C013,50.847
S00368,C014,100.635
S00368,C015,220.037
S00368,C016,801.014
S00368,C017,707.466
S00368,C018,761.576
S00368,C019,728.592
S00368,C020,416.887
S00369,C001,858.529
S00369,C002,728.694
S00369,C003,724.136
S00369,C004,648.663
S00369,C005,634.835
S00369,C006,575.043
S00369,C007,410.486
S00369,C008,420.868
S00369,C009,216.743
S00369,C010,106.695
S00369,C011,109.187
S00369,C012,223.067
S00369,C013,296.854
S00369,C014,384.604
S00369,C015,549.523
S00369,C016,786.608
S00369,C017,757.183
S00369,C018,853.083
S00369,C019,853.986
S00369,C020,502.742
S00370,C001,227.78
S00370,C002,145.109
S00370,C003,23.721
S00370,C004,105.664
S00370,C005,198.809
S00370,C006,737.462
S00370,C007,663.135
S00370,C008,741.072
S00370,C009,738.801
S00370,C010,760.007
S00370,C011,638.111
S00370,C012,536.767
S00370,C013,493.764
S00370,C014,396.84
S00370,C015,346.736
S00370,C016,630.76
S00370,C017,475.318
S00370,C018,442.016
S00370,C019,366.414
S00370,C020,349.199
S00371,C001,512.729
S00371,C002,400.505
S00371,C003,267.445
S00371,C004,206.464
S00371,C005,91.598
S00371,C006,836.973
S00371,C007,711.794
S00371,C008,782.04
S00371,C009,700.743
S00371,C010,676.401
S00371,C011,516.271
S00371,C012,400.753
S00371,C013,326.841
S00371,C014,240.929
S00371,C015,82.663
S00371,C016,825.619
S00371,C017,689.184
S00371,C018,692.997
S00371,C019,630.495
S00371,C020,451.565
S00372,C001,463.488
S00372,C002,438.555
S00372,C003,577.455
S00372,C004,577.678
S00372,C005,678.322
S00372,C006,252.231
S00372,C007,327.049
S00372,C008,375.149
S00372,C009,535.337
S00372,C010,635.854
S00372,C011,651.143
S00372,C012,639.74
S00372,C013,675.156
S00372,C014,641.267
S00372,C015,752.91
S00372,C016,85.881
S00372,C017,137.504
S00372,C018,258.479
S00372,C019,325.874
S00372,C020,311.874
S00373,C001,279.407
S00373,C002,327.132
S00373,C003,479.62
S00373,C004,514.956
S00373,C005,629.946
S00373,C006,499.86
S00373,C007,545.651
S00373,C008,606.677
S00373,C009,733.989
S00373,C010,817.977
S00373,C011,788.315
S00373,C012,742.293
S00373,C013,751.732
S00373,C014,688.036
S00373,C015,745.267
S00373,C016,238.043
S00373,C017,121.164
S00373,C018,27.34
S00373,C019,113.092
S00373,C020,376.474
S00374,C001,718.532
S00374,C002,638.237
S00374,C003,730.674
S00374,C004,692.737
S00374,C005,755.572
S00374,C006,111.829
S00374,C007,89.952
S00374,C008,52.574
S00374,C009,259.15
S00374,C010,375.126
S00374,C011,467.497
S00374,C012,516.206
S00374,C013,584.21
S00374,C014,601.95
S00374,C015,765.304
S00374,C016,394.725
S00374,C017,452.462
S00374,C018,576.499
S00374,C019,623.681
S00374,C020,391.812
S00375,C001,203.306
S00375,C002,267.175
S00375,C003,416.743
S00375,C004,459.94
S00375,C005,575.582
S00375,C006,553.189
S00375,C007,579.531
S00375,C008,645.791
S00375,C009,755.192
S00375,C010,831.001
S00375,C011,785.257
S00375,C012,728.682
S00375,C013,729.725
S00375,C014,658.546
S00375,C015,699.153
S00375,C016,309.92
S00375,C017,170.793
S00375,C018,54.547
S00375,C019,38.23
S00375,C020,368.378
S00376,C001,223.421
S00376,C002,163.871
S00376,C003,58.516
S00376,C004,138.965
S00376,C005,219.87
S00376,C006,769.084
S00376,C007,698.493
S00376,C008,776.497
S00376,C009,776.631
S00376,C010,797.961
S00376,C011,675.209
S00376,C012,572.967
S00376,C013,528.163
S00376,C014,430.658
S00376,C015,369.927
S00376,C016,651.683
S00376,C017,494.415
S00376,C018,452.167
S00376,C019,372.934
S00376,C020,384.178
S00377,C001,637.281
S00377,C002,501.164
S00377,C003,453.739
S00377,C004,372.756
S00377,C005,337.932
S00377,C006,638.81
S00377,C007,481.638
S00377,C008,535.885
S00377,C009,404.299
S00377,C010,360.368
S00377,C011,195.574
S00377,C012,80.437
S00377,C013,22.157
S00377,C014,85.384
S00377,C015,249.905
S00377,C016,738.919
S00377,C017,650.581
S00377,C018,710.715
S00377,C019,682.866
S00377,C020,359.373
S00378,C001,326.618
S00378,C002,375.0
S00378,C003,527.672
S00378,C004,561.572
S00378,C005,676.242
S00378,C006,489.793
S00378,C007,550.427
S00378,C008,607.155
S00378,C009,745.88
S00378,C010,834.475
S00378,C011,813.868
S00378,C012,773.259
S00378,C013,786.478
S00378,C014,726.104
S00378,C015,789.118
S00378,C016,211.312
S00378,C017,129.598
S00378,C018,75.846
S00378,C019,160.292
S00378,C020,407.588
S00379,C001,199.929
S00379,C002,78.777
S00379,C003,82.168
S00379,C004,115.825
S00379,C005,230.852
S00379,C006,654.925
S00379,C007,585.151
S00379,C008,663.2
S00379,C009,672.834
S00379,C010,702.829
S00379,C011,593.15
S00379,C012,499.728
S00379,C013,467.927
S00379,C014,375.931
S00379,C015,364.935
S00379,C016,551.697
S00379,C017,398.566
S00379,C018,377.618
S00379,C019,309.509
S00379,C020,270.729
S00380,C001,592.459
S00380,C002,457.411
S00380,C003,390.483
S00380,C004,308.459
S00380,C005,260.215
S00380,C006,681.579
S00380,C007,532.473
S00380,C008,592.85
S00380,C009,477.597
S00380,C010,440.752
S00380,C011,277.603
S00380,C012,162.193
S00380,C013,89.569
S00380,C014,26.643
S00380,C015,168.868
S00380,C016,750.162
S00380,C017,646.777
S00380,C018,693.303
S00380,C019,656.128
S00380,C020,359.802
S00381,C001,792.5
S00381,C002,662.152
S00381,C003,657.473
S00381,C004,582.428
S00381,C005,571.698
S00381,C006,546.505
S00381,C007,378.825
S00381,C008,400.928
S00381,C009,209.876
S00381,C010,125.206
S00381,C011,47.852
S00381,C012,163.067
S00381,C013,241.265
S00381,C014,323.733
S00381,C015,493.014
S00381,C016,739.698
S00381,C017,701.345
S00381,C018,793.644
S00381,C019,791.607
S00381,C020,439.902
S00382,C001,906.529
S00382,C002,785.887
S00382,C003,808.574
S00382,C004,739.76
S00382,C005,745.228
S00382,C006,493.572
S00382,C007,346.922
S00382,C008,329.826
S00382,C009,133.787
S00382,C010,70.217
S00382,C011,236.808
S00382,C012,349.006
S00382,C013,429.378
S00382,C014,505.429
S00382,C015,678.897
S00382,C016,745.789
S00382,C017,748.031
S00382,C018,857.357
S00382,C019,873.676
S00382,C020,535.585
S00383,C001,855.15
S00383,C002,735.171
S00383,C003,760.876
S00383,C004,693.38
S00383,C005,703.125
S00383,C006,455.563
S00383,C007,302.8
S00383,C008,293.522
S00383,C009,88.827
S00383,C010,42.019
S00383,C011,209.634
S00383,C012,316.23
S00383,C013,397.748
S00383,C014,468.132
S00383,C015,643.543
S00383,C016,699.482
S00383,C017,697.76
S00383,C018,806.263
S00383,C019,821.984
S00383,C020,483.982
S00384,C001,801.915
S00384,C002,676.718
S00384,C003,689.918
S00384,C004,619.254
S00384,C005,621.922
S00384,C006,482.548
S00384,C007,317.94
S00384,C008,329.73
S00384,C009,130.204
S00384,C010,53.238
S00384,C011,122.8
S00384,C012,228.668
S00384,C013,310.07
S00384,C014,382.572
S00384,C015,557.048
S00384,C016,697.803
S00384,C017,676.097
S00384,C018,776.894
S00384,C019,783.834
S00384,C020,436.272
S00385,C001,216.487
S00385,C002,313.351
S00385,C003,453.938
S00385,C004,507.037
S00385,C005,621.871
S00385,C006,624.421
S00385,C007,658.228
S00385,C008,723.249
S00385,C009,835.557
S00385,C010,911.199
S00385,C011,862.826
S00385,C012,802.981
S00385,C013,800.316
S00385,C014,725.349
S00385,C015,753.049
S00385,C016,363.573
S00385,C017,241.723
S00385,C018,116.992
S00385,C019,95.909
S00385,C020,446.04
S00386,C001,397.876
S00386,C002,275.393
S00386,C003,325.85
S00386,C004,280.327
S00386,C005,347.804
S00386,C006,433.588
S00386,C007,329.332
S00386,C008,406.226
S00386,C009,406.868
S00386,C010,448.669
S00386,C011,371.959
S00386,C012,312.611
S00386,C013,324.164
S00386,C014,275.375
S00386,C015,391.321
S00386,C016,449.115
S00386,C017,348.751
S00386,C018,413.174
S00386,C019,397.322
S00386,C020,58.116
S00387,C001,668.077
S00387,C002,591.471
S00387,C003,689.321
S00387,C004,655.211
S00387,C005,723.497
S00387,C006,85.639
S00387,C007,82.732
S00387,C008,93.768
S00387,C009,286.351
S00387,C010,400.287
S00387,C011,475.015
S00387,C012,512.103
S00387,C013,575.391
S00387,C014,584.523
S00387,C015,742.387
S00387,C016,345.889
S00387,C017,399.124
S00387,C018,523.129
S00387,C019,570.696
S00387,C020,351.063
S00388,C001,339.331
S00388,C002,247.82
S00388,C003,96.191
S00388,C004,90.463
S00388,C005,103.639
S00388,C006,794.492
S00388,C007,699.768
S00388,C008,776.235
S00388,C009,743.686
S00388,C010,747.648
S00388,C011,608.273
S00388,C012,498.364
S00388,C013,441.92
S00388,C014,343.554
S00388,C015,253.177
S00388,C016,720.54
S00388,C017,569.813
S00388,C018,548.006
S00388,C019,475.427
S00388,C020,396.103
S00389,C001,720.362
S00389,C002,654.711
S00389,C003,761.224
S00389,C004,731.522
S00389,C005,803.899
S00389,C006,44.359
S00389,C007,163.408
S00389,C008,139.078
S00389,C009,346.363
S00389,C010,462.424
S00389,C011,552.198
S00389,C012,594.87
S00389,C013,659.503
S00389,C014,669.437
S00389,C015,826.545
S00389,C016,341.401
S00389,C017,426.693
S00389,C018,551.218
S00389,C019,608.455
S00389,C020,425.721
S00390,C001,430.198
S00390,C002,319.249
S00390,C003,388.509
S00390,C004,347.975
S00390,C005,417.485
S00390,C006,364.024
S00390,C007,263.354
S00390,C008,341.006
S00390,C009,364.344
S00390,C010,421.595
S00390,C011,371.775
S00390,C012,333.222
S00390,C013,360.002
S00390,C014,326.356
S00390,C015,455.791
S00390,C016,400.736
S00390,C017,320.559
S00390,C018,403.216
S00390,C019,402.317
S00390,C020,58.395
S00391,C001,758.388
S00391,C002,628.371
S00391,C003,626.258
S00391,C004,552.088
S00391,C005,545.33
S00391,C006,524.853
S00391,C007,356.642
S00391,C008,384.279
S00391,C009,203.638
S00391,C010,137.288
S00391,C011,39.817
S00391,C012,143.138
S00391,C013,224.063
S00391,C014,300.526
S00391,C015,472.988
S00391,C016,709.788
S00391,C017,668.421
S00391,C018,759.763
S00391,C019,757.231
S00391,C020,405.507
S00392,C001,802.759
S00392,C002,668.857
S00392,C003,645.301
S00392,C004,566.553
S00392,C005,540.052
S00392,C006,619.774
S00392,C007,451.527
S00392,C008,478.967
S00392,C009,291.456
S00392,C010,201.94
S00392,C011,60.502
S00392,C012,130.934
S00392,C013,193.516
S00392,C014,287.471
S00392,C015,444.343
S00392,C016,796.101
S00392,C017,744.484
S00392,C018,828.527
S00392,C019,818.358
S00392,C020,468.821
S00393,C001,378.395
S00393,C002,258.377
S00393,C003,317.723
S00393,C004,277.251
S00393,C005,351.283
S00393,C006,430.739
S00393,C007,334.454
S00393,C008,412.004
S00393,C009,422.445
S00393,C010,467.71
S00393,C011,393.954
S00393,C012,334.883
S00393,C013,345.23
S00393,C014,293.591
S00393,C015,402.856
S00393,C016,432.697
S00393,C017,328.399
S00393,C018,391.005
S00393,C019,375.017
S00393,C020,40.647
S00394,C001,752.915
S00394,C002,701.935
S00394,C003,819.388
S00394,C004,796.694
S00394,C005,875.958
S00394,C006,96.466
S00394,C007,255.657
S00394,C008,229.817
S00394,C009,436.814
S00394,C010,552.925
S00394,C011,645.525
S00394,C012,686.521
S00394,C013,749.543
S00394,C014,755.2
S00394,C015,907.775
S00394,C016,322.222
S00394,C017,437.885
S00394,C018,558.737
S00394,C019,625.612
S00394,C020,491.647
S00395,C001,699.521
S00395,C002,633.398
S00395,C003,740.05
S00395,C004,710.728
S00395,C005,783.814
S00395,C006,30.726
S00395,C007,150.575
S00395,C008,136.414
S00395,C009,342.206
S00395,C010,457.899
S00395,C011,541.834
S00395,C012,581.16
S00395,C013,644.498
S00395,C014,652.34
S00395,C015,808.12
S00395,C016,327.722
S00395,C017,408.052
S00395,C018,532.713
S00395,C019,588.846
S00395,C020,404.85
S00396,C001,189.979
S00396,C002,248.403
S00396,C003,398.545
S00396,C004,440.853
S00396,C005,556.49
S00396,C006,548.921
S00396,C007,569.887
S00396,C008,637.291
S00396,C009,742.521
S00396,C010,816.743
S00396,C011,768.592
S00396,C012,710.818
S00396,C013,711.096
S00396,C014,639.444
S00396,C015,679.712
S00396,C016,313.991
S00396,C017,168.762
S00396,C018,63.306
S00396,C019,23.82
S00396,C020,351.693
S00397,C001,63.253
S00397,C002,110.736
S00397,C003,187.991
S00397,C004,258.611
S00397,C005,364.814
S00397,C006,706.468
S00397,C007,670.488
S00397,C008,747.222
S00397,C009,790.211
S00397,C010,833.69
S00397,C011,737.216
S00397,C012,649.29
S00397,C013,621.359
S00397,C014,530.253
S00397,C015,509.247
S00397,C016,536.689
S00397,C017,377.329
S00397,C018,309.292
S00397,C019,224.333
S00397,C020,369.016
S00398,C001,711.359
S00398,C002,575.622
S00398,C003,537.386
S00398,C004,457.034
S00398,C005,423.829
S00398,C006,633.959
S00398,C007,469.367
S00398,C008,513.396
S00398,C009,355.832
S00398,C010,293.317
S00398,C011,122.855
S00398,C012,42.235
S00398,C013,76.129
S00398,C014,171.452
S00398,C015,327.949
S00398,C016,767.782
S00398,C017,694.515
S00398,C018,765.287
S00398,C019,744.751
S00398,C020,406.325
S00399,C001,313.85
S00399,C002,351.082
S00399,C003,504.042
S00399,C004,534.554
S00399,C005,648.612
S00399,C006,466.188
S00399,C007,520.056
S00399,C008,578.513
S00399,C009,713.372
S00399,C010,800.894
S00399,C011,779.085
S00399,C012,738.523
S00399,C013,752.227
S00399,C014,692.723
S00399,C015,758.777
S00399,C016,198.951
S00399,C017,96.537
S00399,C018,61.756
S00399,C019,148.675
S00399,C020,372.947
S00400,C001,334.243
S00400,C002,230.587
S00400,C003,323.804
S00400,C004,300.968
S00400,C005,391.131
S00400,C006,407.191
S00400,C007,338.978
S00400,C008,416.778
S00400,C009,460.466
S00400,C010,518.491
S00400,C011,459.276
S00400,C012,406.082
S00400,C013,417.794
S00400,C014,363.768
S00400,C015,460.915
S00400,C016,368.888
S00400,C017,256.645
S00400,C018,319.69
S00400,C019,309.223
S00400,C020,42.526
S00401,C001,663.374
S00401,C002,528.704
S00401,C003,504.582
S00401,C004,426.733
S00401,C005,409.453
S00401,C006,573.788
S00401,C007,411.148
S00401,C008,459.518
S00401,C009,317.778
S00401,C010,274.597
S00401,C011,116.457
S00401,C012,22.386
S00401,C013,93.767
S00401,C014,161.908
S00401,C015,335.054
S00401,C016,703.22
S00401,C017,631.71
S00401,C018,705.347
S00401,C019,688.042
S00401,C020,345.225
S00402,C001,803.596
S00402,C002,670.509
S00402,C003,652.045
S00402,C004,574.155
S00402,C005,551.778
S00402,C006,601.653
S00402,C007,433.496
S00402,C008,458.994
S00402,C009,269.57
S00402,C010,179.451
S00402,C011,48.042
S00402,C012,139.882
S00402,C013,208.142
S00402,C014,299.621
S00402,C015,460.273
S00402,C016,783.575
S00402,C017,735.906
S00402,C018,822.433
S00402,C019,814.587
S00402,C020,463.864
S00403,C001,378.651
S00403,C002,377.437
S00403,C003,525.683
S00403,C004,539.627
S00403,C005,648.084
S00403,C006,355.177
S00403,C007,414.376
S00403,C008,469.719
S00403,C009,614.175
S00403,C010,707.395
S00403,C011,701.627
S00403,C012,674.117
S00403,C013,698.277
S00403,C014,650.64
S00403,C015,740.638
S00403,C016,112.73
S00403,C017,46.975
S00403,C018,156.094
S00403,C019,229.142
S00403,C020,318.371
S00404,C001,694.687
S00404,C002,615.78
S00404,C003,710.421
S00404,C004,674.064
S00404,C005,739.241
S00404,C006,98.308
S00404,C007,81.007
S00404,C008,68.629
S00404,C009,269.43
S00404,C010,384.685
S00404,C011,468.722
S00404,C012,512.108
S00404,C013,578.042
S00404,C014,591.932
S00404,C015,752.966
S00404,C016,372.633
S00404,C017,427.889
S00404,C018,551.869
S00404,C019,599.027
S00404,C020,371.624
S00405,C001,606.475
S00405,C002,470.371
S00405,C003,426.566
S00405,C004,346.198
S00405,C005,318.196
S00405,C006,620.212
S00405,C007,466.137
S00405,C008,523.46
S00405,C009,402.801
S00405,C010,367.807
S00405,C011,208.828
S00405,C012,94.337
S00405,C013,53.383
S00405,C014,68.143
S00405,C015,242.751
S00405,C016,711.557
S00405,C017,620.712
S00405,C018,679.603
S00405,C019,651.379
S00405,C020,329.575
S00406,C001,538.812
S00406,C002,426.747
S00406,C003,293.314
S00406,C004,232.704
S00406,C005,117.846
S00406,C006,854.979
S00406,C007,726.909
S00406,C008,796.139
S00406,C009,708.802
S00406,C010,680.277
S00406,C011,517.709
S00406,C012,402.413
S00406,C013,326.164
S00406,C014,245.108
S00406,C015,74.692
S00406,C016,849.158
S00406,C017,713.854
S00406,C018,718.873
S00406,C019,656.674
S00406,C020,472.59
S00407,C001,658.986
S00407,C002,569.768
S00407,C003,654.154
S00407,C004,612.975
S00407,C005,672.899
S00407,C006,159.681
S00407,C007,8.616
S00407,C008,76.881
S00407,C009,221.908
S00407,C010,332.65
S00407,C011,400.852
S00407,C012,439.487
S00407,C013,504.662
S00407,C014,518.948
S00407,C015,681.457
S00407,C016,393.24
S00407,C017,420.508
S00407,C018,540.967
S00407,C019,578.491
S00407,C020,316.327
S00408,C001,435.34
S00408,C002,419.353
S00408,C003,562.285
S00408,C004,567.614
S00408,C005,671.451
S00408,C006,289.951
S00408,C007,360.876
S00408,C008,411.271
S00408,C009,566.811
S00408,C010,665.08
S00408,C011,673.24
S00408,C012,656.161
S00408,C013,687.664
S00408,C014,648.748
S00408,C015,752.822
S00408,C016,76.698
S00408,C017,104.422
S00408,C018,222.322
S00408,C019,292.537
S00408,C020,316.299
S00409,C001,615.171
S00409,C002,480.354
S00409,C003,410.261
S00409,C004,328.22
S00409,C005,274.058
S00409,C006,698.317
S00409,C007,546.978
S00409,C008,605.62
S00409,C009,483.428
S00409,C010,440.976
S00409,C011,274.81
S00409,C012,160.695
S00409,C013,82.081
S00409,C014,50.113
S00409,C015,170.65
S00409,C016,772.206
S00409,C017,670.053
S00409,C018,717.117
S00409,C019,679.916
S00409,C020,382.473
S00410,C001,551.098
S00410,C002,426.355
S00410,C003,316.162
S00410,C004,240.523
S00410,C005,147.505
S00410,C006,786.353
S00410,C007,650.349
S00410,C008,716.917
S00410,C009,619.86
S00410,C010,588.252
S00410,C011,425.166
S00410,C012,309.908
S00410,C013,233.798
S00410,C014,154.108
S00410,C015,25.086
S00410,C016,807.084
S00410,C017,682.049
S00410,C018,702.815
S00410,C019,649.384
S00410,C020,419.461
S00411,C001,346.603
S00411,C002,230.937
S00411,C003,109.055
S00411,C004,36.922
S00411,C005,78.768
S00411,C006,726.807
S00411,C007,625.311
S00411,C008,701.111
S00411,C009,664.21
S00411,C010,668.579
S00411,C011,531.605
S00411,C012,423.501
S00411,C013,371.628
S00411,C014,273.216
S00411,C015,216.901
S00411,C016,674.668
S00411,C017,530.503
S00411,C018,525.417
S00411,C019,461.124
S00411,C020,328.27
S00412,C001,305.621
S00412,C002,198.799
S00412,C003,62.578
S00412,C004,33.745
S00412,C005,115.883
S00412,C006,734.004
S00412,C007,641.811
S00412,C008,718.675
S00412,C009,693.909
S00412,C010,704.127
S00412,C011,571.991
S00412,C012,465.92
S00412,C013,416.829
S00412,C014,318.703
S00412,C015,261.54
S00412,C016,662.085
S00412,C017,513.122
S00412,C018,497.971
S00412,C019,429.302
S00412,C020,335.942
S00413,C001,501.196
S00413,C002,383.294
S00413,C003,259.375
S00413,C004,190.58
S00413,C005,83.571
S00413,C006,800.734
S00413,C007,674.401
S00413,C008,744.452
S00413,C009,663.618
S00413,C010,640.947
S00413,C011,482.385
S00413,C012,366.93
S00413,C013,294.995
S00413,C014,206.081
S00413,C015,67.379
S00413,C016,795.571
S00413,C017,661.951
S00413,C018,670.997
S00413,C019,611.522
S00413,C020,417.781
S00414,C001,267.318
S00414,C002,300.424
S00414,C003,453.382
S00414,C004,484.678
S00414,C005,599.049
S00414,C006,476.692
S00414,C007,513.954
S00414,C008,576.937
S00414,C009,699.053
S00414,C010,781.52
S00414,C011,750.08
S00414,C012,703.843
S00414,C013,713.657
S00414,C014,650.774
S00414,C015,711.344
S00414,C016,231.053
S00414,C017,93.693
S00414,C018,31.262
S00414,C019,105.899
S00414,C020,338.007
S00415,C001,742.28
S00415,C002,620.322
S00415,C003,644.775
S00415,C004,578.072
S00415,C005,592.423
S00415,C006,420.722
S00415,C007,253.675
S00415,C008,275.217
S00415,C009,101.88
S00415,C010,104.318
S00415,C011,149.12
S00415,C012,228.927
S00415,C013,309.415
S00415,C014,366.716
S00415,C015,543.752
S00415,C016,627.666
S00415,C017,606.036
S00415,C018,708.157
S00415,C019,717.445
S00415,C020,373.063
S00416,C001,765.849
S00416,C002,633.205
S00416,C003,618.485
S00416,C004,541.539
S00416,C005,524.305
S00416,C006,572.929
S00416,C007,404.707
S00416,C008,435.039
S00416,C009,254.864
S00416,C010,179.033
S00416,C011,12.471
S00416,C012,112.356
S00416,C013,188.061
S00416,C014,273.898
S00416,C015,440.481
S00416,C016,747.411
S00416,C017,697.503
S00416,C018,783.469
S00416,C019,775.593
S00416,C020,424.827
S00417,C001,714.132
S00417,C002,583.623
S00417,C003,581.187
S00417,C004,507.386
S00417,C005,503.291
S00417,C006,513.305
S00417,C007,345.592
S00417,C008,381.921
S00417,C009,219.479
S00417,C010,173.495
S00417,C011,54.782
S00417,C012,112.173
S00417,C013,193.744
S00417,C014,262.174
S00417,C015,437.089
S00417,C016,682.049
S00417,C017,633.307
S00417,C018,721.357
S00417,C019,716.267
S00417,C020,364.638
S00418,C001,646.513
S00418,C002,511.045
S00418,C003,446.411
S00418,C004,364.38
S00418,C005,312.485
S00418,C006,693.7
S00418,C007,538.123
S00418,C008,593.306
S00418,C009,460.634
S00418,C010,411.514
S00418,C011,243.06
S00418,C012,131.979
S00418,C013,50.283
S00418,C014,76.482
S00418,C015,205.395
S00418,C016,782.517
S00418,C017,686.566
S00418,C018,739.042
S00418,C019,705.235
S00418,C020,396.52
S00419,C001,501.316
S00419,C002,392.242
S00419,C003,255.26
S00419,C004,198.684
S00419,C005,83.076
S00419,C006,843.95
S00419,C007,721.498
S00419,C008,792.526
S00419,C009,715.329
S00419,C010,693.108
S00419,C011,534.063
S00419,C012,418.561
S00419,C013,345.519
S00419,C014,258.053
S00419,C015,103.03
S00419,C016,825.425
S00419,C017,686.808
S00419,C018,687.012
S00419,C019,622.767
S00419,C020,455.482
S00420,C001,563.534
S00420,C002,435.375
S00420,C003,334.691
S00420,C004,256.071
S00420,C005,173.564
S00420,C006,764.796
S00420,C007,625.213
S00420,C008,690.302
S00420,C009,587.983
S00420,C010,554.201
S00420,C011,390.452
S00420,C012,275.325
S00420,C013,198.793
S00420,C014,121.756
S00420,C015,55.58
S00420,C016,797.256
S00420,C017,676.951
S00420,C018,703.914
S00420,C019,654.101
S00420,C020,406.852
S00421,C001,794.454
S00421,C002,687.817
S00421,C003,742.422
S00421,C004,685.759
S00421,C005,719.331
S00421,C006,311.021
S00421,C007,171.433
S00421,C008,147.477
S00421,C009,66.604
S00421,C010,180.089
S00421,C011,307.028
S00421,C012,387.437
S00421,C013,466.412
S00421,C014,513.663
S00421,C015,689.698
S00421,C016,571.059
S00421,C017,591.086
S00421,C018,707.62
S00421,C019,735.9
S00421,C020,426.606
S00422,C001,726.734
S00422,C002,672.923
S00422,C003,788.832
S00422,C004,765.337
S00422,C005,844.098
S00422,C006,64.608
S00422,C007,226.976
S00422,C008,207.233
S00422,C009,414.562
S00422,C010,530.637
S00422,C011,618.27
S00422,C012,656.854
S00422,C013,719.057
S00422,C014,723.678
S00422,C015,875.82
S00422,C016,308.518
S00422,C017,415.954
S00422,C018,538.191
S00422,C019,602.748
S00422,C020,460.072
S00423,C001,374.489
S00423,C002,335.55
S00423,C003,471.783
S00423,C004,471.744
S00423,C005,573.55
S00423,C006,309.745
S00423,C007,330.829
S00423,C008,394.84
S00423,C009,519.791
S00423,C010,608.145
S00423,C011,596.667
S00423,C012,569.362
S00423,C013,595.602
S00423,C014,552.241
S00423,C015,653.438
S00423,C016,176.098
S00423,C017,97.111
S00423,C018,214.047
S00423,C019,258.7
S00423,C020,219.019
S00424,C001,21.581
S00424,C002,118.232
S00424,C003,224.754
S00424,C004,290.047
S00424,C005,399.891
S00424,C006,681.062
S00424,C007,654.532
S00424,C008,730.302
S00424,C009,784.521
S00424,C010,833.769
S00424,C011,745.28
S00424,C012,662.11
S00424,C013,639.161
S00424,C014,550.808
S00424,C015,541.378
S00424,C016,499.213
S00424,C017,340.534
S00424,C018,266.766
S00424,C019,181.097
S00424,C020,361.88
S00425,C001,581.026
S00425,C002,446.399
S00425,C003,376.22
S00425,C004,294.172
S00425,C005,244.121
S00425,C006,686.935
S00425,C007,539.79
S00425,C008,601.382
S00425,C009,490.07
S00425,C010,455.305
S00425,C011,293.019
S00425,C012,177.524
S00425,C013,105.75
S00425,C014,27.758
S00425,C015,154.644
S00425,C016,749.008
S00425,C017,642.856
S00425,C018,686.714
S00425,C019,647.858
S00425,C020,357.673
S00426,C001,423.873
S00426,C002,313.034
S00426,C003,383.218
S00426,C004,343.462
S00426,C005,414.173
S00426,C006,367.167
S00426,C007,268.53
S00426,C008,346.271
S00426,C009,370.671
S00426,C010,427.715
S00426,C011,376.741
S00426,C012,336.766
S00426,C013,362.298
S00426,C014,326.999
S00426,C015,454.438
S00426,C016,399.02
S00426,C017,316.67
S00426,C018,398.161
S00426,C019,396.558
S00426,C020,52.082
S00427,C001,439.479
S00427,C002,323.095
S00427,C003,197.776
S00427,C004,129.488
S00427,C005,26.973
S00427,C006,772.546
S00427,C007,655.377
S00427,C008,728.09
S00427,C009,664.297
S00427,C010,652.407
S00427,C011,501.412
S00427,C012,387.551
S00427,C013,323.053
S00427,C014,227.016
S00427,C015,126.739
S00427,C016,748.816
S00427,C017,610.711
S00427,C018,614.016
S00427,C019,552.384
S00427,C020,380.862
S00428,C001,58.264
S00428,C002,97.772
S00428,C003,188.355
S00428,C004,255.715
S00428,C005,364.181
S00428,C006,690.245
S00428,C007,654.664
S00428,C008,731.328
S00428,C009,775.742
S00428,C010,820.328
S00428,C011,725.74
S00428,C012,639.147
S00428,C013,612.837
S00428,C014,522.686
S00428,C015,506.935
S00428,C016,521.91
S00428,C017,362.447
S00428,C018,297.159
S00428,C019,213.124
S00428,C020,354.129
S00429,C001,639.61
S00429,C002,528.167
S00429,C003,393.617
S00429,C004,334.131
S00429,C005,219.262
S00429,C006,928.867
S00429,C007,791.498
S00429,C008,856.744
S00429,C009,748.675
S00429,C010,705.212
S00429,C011,536.384
S00429,C012,425.214
S00429,C013,343.888
S00429,C014,285.204
S00429,C015,117.629
S00429,C016,941.812
S00429,C017,810.372
S00429,C018,819.197
S00429,C019,757.919
S00429,C020,558.461
S00430,C001,829.342
S00430,C002,710.107
S00430,C003,738.367
S00430,C004,671.905
S00430,C005,684.673
S00430,C006,433.955
S00430,C007,278.552
S00430,C008,273.339
S00430,C009,66.236
S00430,C010,51.049
S00430,C011,203.581
S00430,C012,305.145
S00430,C013,386.885
S00430,C014,453.316
S00430,C015,629.59
S00430,C016,673.927
S00430,C017,670.898
S00430,C018,779.286
S00430,C019,795.134
S00430,C020,457.895
S00431,C001,585.172
S00431,C002,450.371
S00431,C003,381.479
S00431,C004,299.436
S00431,C005,250.15
S00431,C006,684.715
S00431,C007,536.836
S00431,C008,597.988
S00431,C009,485.243
S00431,C010,449.745
S00431,C011,287.16
S00431,C012,171.687
S00431,C013,99.663
S00431,C014,26.021
S00431,C015,160.032
S00431,C016,749.224
S00431,C017,644.113
S00431,C018,688.992
S00431,C019,650.779
S00431,C020,358.213
S00432,C001,588.355
S00432,C002,454.885
S00432,C003,376.193
S00432,C004,294.396
S00432,C005,234.332
S00432,C006,713.054
S00432,C007,566.332
S00432,C008,627.955
S00432,C009,515.11
S00432,C010,477.672
S00432,C011,313.322
S00432,C012,198.284
S00432,C013,122.051
S00432,C014,54.14
S00432,C015,132.079
S00432,C016,771.101
S00432,C017,662.173
S00432,C018,702.564
S00432,C019,661.16
S00432,C020,379.199
S00433,C001,746.812
S00433,C002,616.207
S00433,C003,612.045
S00433,C004,537.506
S00433,C005,529.859
S00433,C006,528.579
S00433,C007,360.339
S00433,C008,390.852
S00433,C009,214.954
S00433,C010,152.647
S00433,C011,32.009
S00433,C012,127.715
S00433,C013,208.846
S00433,C014,284.85
S00433,C015,457.394
S00433,C016,707.47
S00433,C017,662.714
S00433,C018,752.333
S00433,C019,748.261
S00433,C020,396.544
S00434,C001,860.275
S00434,C002,745.536
S00434,C003,782.914
S00434,C004,719.169
S00434,C005,737.479
S00434,C006,410.854
S00434,C007,268.769
S00434,C008,246.896
S00434,C009,66.108
S00434,C010,102.722
S00434,C011,264.17
S00434,C012,364.961
S00434,C013,446.679
S00434,C014,510.643
S00434,C015,687.382
S00434,C016,668.85
S00434,C017,680.173
S00434,C018,793.239
S00434,C019,815.305
S00434,C020,488.318
S00435,C001,359.582
S00435,C002,251.683
S00435,C003,335.211
S00435,C004,305.92
S00435,C005,390.031
S00435,C006,398.902
S00435,C007,320.747
S00435,C008,398.778
S00435,C009,434.89
S00435,C010,491.357
S00435,C011,432.201
S00435,C012,381.002
S00435,C013,395.489
S00435,C014,345.529
S00435,C015,451.171
S00435,C016,381.493
S00435,C017,277.282
S00435,C018,345.391
S00435,C019,336.589
S00435,C020,15.325
S00436,C001,85.098
S00436,C002,168.31
S00436,C003,308.01
S00436,C004,361.169
S00436,C005,475.71
S00436,C006,616.51
S00436,C007,611.921
S00436,C008,684.513
S00436,C009,763.659
S00436,C010,825.461
S00436,C011,756.081
S00436,C012,684.771
S00436,C013,673.319
S00436,C014,592.522
S00436,C015,608.781
S00436,C016,409.285
S00436,C017,254.033
S00436,C018,167.914
S00436,C019,81.463
S00436,C020,348.331
S00437,C001,358.276
S00437,C002,245.166
S00437,C003,320.961
S00437,C004,288.703
S00437,C005,370.895
S00437,C006,415.932
S00437,C007,332.236
S00437,C008,410.273
S00437,C009,437.276
S00437,C010,489.305
S00437,C011,423.485
S00437,C012,368.004
S00437,C013,379.583
S00437,C014,327.25
S00437,C015,431.199
S00437,C016,401.035
S00437,C017,294.089
S00437,C018,357.689
S00437,C019,344.597
S00437,C020,17.914
S00438,C001,81.384
S00438,C002,195.483
S00438,C003,323.917
S00438,C004,383.723
S00438,C005,496.441
S00438,C006,655.049
S00438,C007,654.082
S00438,C008,726.279
S00438,C009,806.584
S00438,C010,867.95
S00438,C011,796.606
S00438,C012,723.269
S00438,C013,709.361
S00438,C014,626.466
S00438,C015,633.851
S00438,C016,437.245
S00438,C017,285.981
S00438,C018,186.81
S00438,C019,101.094
S00438,C020,390.674
S00439,C001,369.616
S00439,C002,260.777
S00439,C003,124.809
S00439,C004,70.357
S00439,C005,52.342
S00439,C006,763.22
S00439,C007,659.353
S00439,C008,734.688
S00439,C009,691.559
S00439,C010,691.163
S00439,C011,549.07
S00439,C012,438.381
S00439,C013,381.158
S00439,C014,282.83
S00439,C015,201.271
S00439,C016,711.578
S00439,C017,566.488
S00439,C018,558.089
S00439,C019,491.512
S00439,C020,364.963
S00440,C001,570.661
S00440,C002,437.02
S00440,C003,360.182
S00440,C004,278.248
S00440,C005,222.551
S00440,C006,701.673
S00440,C007,556.923
S00440,C008,619.803
S00440,C009,512.3
S00440,C010,478.895
S00440,C011,316.829
S00440,C012,201.334
S00440,C013,128.801
S00440,C014,46.488
S00440,C015,131.489
S00440,C016,755.136
S00440,C017,645.031
S00440,C018,684.677
S00440,C019,643.084
S00440,C020,363.062
S00441,C001,421.749
S00441,C002,427.735
S00441,C003,576.815
S00441,C004,591.517
S00441,C005,699.961
S00441,C006,349.733
S00441,C007,429.459
S00441,C008,478.237
S00441,C009,635.652
S00441,C010,733.413
S00441,C011,737.485
S00441,C012,715.491
S00441,C013,742.836
S00441,C014,698.172
S00441,C015,791.49
S00441,C016,71.586
S00441,C017,96.852
S00441,C018,184.373
S00441,C019,265.356
S00441,C020,365.084
S00442,C001,644.589
S00442,C002,508.577
S00442,C003,467.155
S00442,C004,386.803
S00442,C005,356.596
S00442,C006,622.769
S00442,C007,464.03
S00442,C008,516.816
S00442,C009,382.343
S00442,C010,338.05
S00442,C011,173.969
S00442,C012,58.518
S00442,C013,33.042
S00442,C014,104.29
S00442,C015,271.974
S00442,C016,730.505
S00442,C017,646.347
S00442,C018,710.035
S00442,C019,684.853
S00442,C020,355.439
S00443,C001,810.47
S00443,C002,675.934
S00443,C003,647.464
S00443,C004,567.934
S00443,C005,536.98
S00443,C006,641.058
S00443,C007,472.805
S00443,C008,500.841
S00443,C009,313.259
S00443,C010,222.028
S00443,C011,80.855
S00443,C012,133.599
S00443,C013,188.338
S00443,C014,284.633
S00443,C015,436.298
S00443,C016,814.324
S00443,C017,759.999
S00443,C018,842.108
S00443,C019,830.068
S00443,C020,481.821
S00444,C001,351.216
S00444,C002,263.407
S00444,C003,370.676
S00444,C004,352.836
S00444,C005,444.932
S00444,C006,360.993
S00444,C007,309.556
S00444,C008,385.974
S00444,C009,453.155
S00444,C010,521.946
S00444,C011,480.068
S00444,C012,437.997
S00444,C013,457.263
S00444,C014,409.946
S00444,C015,513.774
S00444,C016,317.194
S00444,C017,215.863
S00444,C018,295.092
S00444,C019,299.181
S00444,C020,76.831
S00445,C001,625.228
S00445,C002,562.85
S00445,C003,674.802
S00445,C004,650.094
S00445,C005,729.053
S00445,C006,56.758
S00445,C007,153.378
S00445,C008,175.804
S00445,C009,365.432
S00445,C010,477.521
S00445,C011,538.454
S00445,C012,562.89
S00445,C013,619.579
S00445,C014,616.692
S00445,C015,764.217
S00445,C016,265.146
S00445,C017,333.658
S00445,C018,458.407
S00445,C019,513.55
S00445,C020,344.728
S00446,C001,687.072
S00446,C002,604.805
S00446,C003,696.121
S00446,C004,658.067
S00446,C005,721.324
S00446,C006,117.311
S00446,C007,59.292
S00446,C008,58.764
S00446,C009,251.255
S00446,C010,365.887
S00446,C011,447.115
S00446,C012,490.158
S00446,C013,556.265
S00446,C014,570.961
S00446,C015,732.846
S00446,C016,381.245
S00446,C017,428.424
S00446,C018,551.649
S00446,C019,595.978
S00446,C020,357.278
S00447,C001,591.283
S00447,C002,469.671
S00447,C003,351.472
S00447,C004,279.89
S00447,C005,176.197
S00447,C006,833.471
S00447,C007,694.866
S00447,C008,760.005
S00447,C009,654.821
S00447,C010,616.298
S00447,C011,449.631
S00447,C012,336.021
S00447,C013,256.211
S00447,C014,189.497
S00447,C015,29.416
S00447,C016,857.047
S00447,C017,731.442
S00447,C018,750.173
S00447,C019,694.961
S00447,C020,469.305
S00448,C001,333.116
S00448,C002,200.552
S00448,C003,145.605
S00448,C004,77.15
S00448,C005,151.042
S00448,C006,636.735
S00448,C007,535.35
S00448,C008,611.484
S00448,C009,583.253
S00448,C010,596.457
S00448,C011,471.4
S00448,C012,371.118
S00448,C013,333.556
S00448,C014,240.241
S00448,C015,248.873
S00448,C016,597.632
S00448,C017,460.521
S00448,C018,471.972
S00448,C019,418.134
S00448,C020,238.686
S00449,C001,525.885
S00449,C002,393.966
S00449,C003,309.788
S00449,C004,228.128
S00449,C005,171.66
S00449,C006,706.087
S00449,C007,568.795
S00449,C008,635.343
S00449,C009,542.497
S00449,C010,517.569
S00449,C011,360.101
S00449,C012,244.981
S00449,C013,177.705
S00449,C014,83.451
S00449,C015,106.637
S00449,C016,738.605
S00449,C017,620.758
S00449,C018,652.417
S00449,C019,606.314
S00449,C020,347.573
S00450,C001,643.667
S00450,C002,507.98
S00450,C003,446.495
S00450,C004,364.54
S00450,C005,315.947
S00450,C006,683.118
S00450,C007,527.331
S00450,C008,582.427
S00450,C009,450.167
S00450,C010,402.087
S00450,C011,234.168
S00450,C012,122.142
S00450,C013,40.803
S00450,C014,74.174
S00450,C015,212.786
S00450,C016,773.702
S00450,C017,679.002
S00450,C018,732.816
S00450,C019,700.046
S00450,C020,388.604
S00451,C001,867.187
S00451,C002,742.95
S00451,C003,757.021
S00451,C004,686.05
S00451,C005,686.414
S00451,C006,507.305
S00451,C007,349.756
S00451,C008,347.058
S00451,C009,139.825
S00451,C010,25.656
S00451,C011,172.51
S00451,C012,285.698
S00451,C013,365.538
S00451,C014,443.665
S00451,C015,615.964
S00451,C016,741.395
S00451,C017,729.941
S00451,C018,834.284
S00451,C019,844.629
S00451,C020,499.602
S00452,C001,581.099
S00452,C002,548.064
S00452,C003,680.292
S00452,C004,671.897
S00452,C005,765.405
S00452,C006,159.656
S00452,C007,286.121
S00452,C008,311.678
S00452,C009,500.033
S00452,C010,610.183
S00452,C011,656.532
S00452,C012,665.913
S00452,C013,713.27
S00452,C014,694.641
S00452,C015,824.255
S00452,C016,140.07
S00452,C017,255.62
S00452,C018,373.763
S00452,C019,444.084
S00452,C020,383.055
S00453,C001,518.047
S00453,C002,389.278
S00453,C003,292.382
S00453,C004,212.434
S00453,C005,141.168
S00453,C006,735.371
S00453,C007,601.234
S00453,C008,668.887
S00453,C009,579.328
S00453,C010,554.654
S00453,C011,396.426
S00453,C012,281.091
S00453,C013,211.37
S00453,C014,119.862
S00453,C015,76.278
S00453,C016,756.431
S00453,C017,633.404
S00453,C018,658.239
S00453,C019,607.882
S00453,C020,367.97
S00454,C001,691.431
S00454,C002,558.891
S00454,C003,547.683
S00454,C004,472.124
S00454,C005,462.864
S00454,C006,538.051
S00454,C007,372.01
S00454,C008,414.15
S00454,C009,261.315
S00454,C010,216.541
S00454,C011,69.977
S00454,C012,69.412
S00454,C013,150.431
S00454,C014,219.094
S00454,C015,393.421
S00454,C016,689.821
S00454,C017,631.09
S00454,C018,713.239
S00454,C019,702.974
S00454,C020,353.321
S00455,C001,82.053
S00455,C002,54.196
S00455,C003,185.977
S00455,C004,239.851
S00455,C005,353.645
S00455,C006,638.612
S00455,C007,600.899
S00455,C008,677.609
S00455,C009,723.356
S00455,C010,770.128
S00455,C011,680.157
S00455,C012,597.283
S00455,C013,575.669
S00455,C014,488.685
S00455,C015,489.512
S00455,C016,481.466
S00455,C017,322.101
S00455,C018,271.763
S00455,C019,194.132
S00455,C020,301.197
S00456,C001,384.869
S00456,C002,263.255
S00456,C003,152.718
S00456,C004,74.123
S00456,C005,62.679
S00456,C006,719.615
S00456,C007,609.697
S00456,C008,684.165
S00456,C009,635.735
S00456,C010,634.477
S00456,C011,493.134
S00456,C012,383.284
S00456,C013,328.818
S00456,C014,230.294
S00456,C015,178.092
S00456,C016,686.153
S00456,C017,547.106
S00456,C018,551.078
S00456,C019,490.972
S00456,C020,323.998
S00457,C001,476.213
S00457,C002,352.85
S00457,C003,241.502
S00457,C004,165.388
S00457,C005,81.168
S00457,C006,754.646
S00457,C007,629.237
S00457,C008,699.81
S00457,C009,624.005
S00457,C010,606.235
S00457,C011,451.751
S00457,C012,337.056
S00457,C013,270.185
S00457,C014,175.661
S00457,C015,87.674
S00457,C016,752.025
S00457,C017,620.676
S00457,C018,634.427
S00457,C019,578.088
S00457,C020,372.179
S00458,C001,372.031
S00458,C002,382.444
S00458,C003,532.981
S00458,C004,551.536
S00458,C005,661.848
S00458,C006,382.944
S00458,C007,446.347
S00458,C008,500.911
S00458,C009,646.458
S00458,C010,739.481
S00458,C011,731.973
S00458,C012,702.327
S00458,C013,724.553
S00458,C014,674.38
S00458,C015,759.058
S00458,C016,120.881
S00458,C017,56.28
S00458,C018,136.189
S00458,C019,215.626
S00458,C020,343.596
S00459,C001,658.147
S00459,C002,526.348
S00459,C003,520.572
S00459,C004,446.661
S00459,C005,444.498
S00459,C006,513.545
S00459,C007,349.496
S00459,C008,396.575
S00459,C009,259.352
S00459,C010,230.624
S00459,C011,102.561
S00459,C012,82.13
S00459,C013,155.512
S00459,C014,209.006
S00459,C015,385.794
S00459,C016,656.612
S00459,C017,595.766
S00459,C018,677.542
S00459,C019,667.555
S00459,C020,317.663
S00460,C001,500.268
S00460,C002,383.772
S00460,C003,257.375
S00460,C004,190.416
S00460,C005,80.599
S00460,C006,807.696
S00460,C007,682.12
S00460,C008,752.375
S00460,C009,672.341
S00460,C010,649.848
S00460,C011,491.259
S00460,C012,375.798
S00460,C013,303.708
S00460,C014,214.98
S00460,C015,72.505
S00460,C016,800.025
S00460,C017,665.458
S00460,C018,672.924
S00460,C019,612.583
S00460,C020,423.582
S00461,C001,712.116
S00461,C002,576.644
S00461,C003,542.208
S00461,C004,462.341
S00461,C005,432.342
S00461,C006,621.646
S00461,C007,456.592
S00461,C008,499.803
S00461,C009,341.287
S00461,C010,279.269
S00461,C011,108.997
S00461,C012,35.507
S00461,C013,87.079
S00461,C014,179.746
S00461,C015,339.671
S00461,C016,759.292
S00461,C017,688.495
S00461,C018,761.184
S00461,C019,742.245
S00461,C020,401.467
S00462,C001,738.549
S00462,C002,602.473
S00462,C003,554.883
S00462,C004,473.49
S00462,C005,430.27
S00462,C006,675.963
S00462,C007,510.914
S00462,C008,553.475
S00462,C009,390.062
S00462,C010,319.176
S00462,C011,149.94
S00462,C012,84.229
S00462,C013,84.29
S00462,C014,182.375
S00462,C015,321.814
S00462,C016,809.24
S00462,C017,733.493
S00462,C018,801.551
S00462,C019,778.383
S00462,C020,444.078
S00463,C001,76.521
S00463,C002,212.411
S00463,C003,309.422
S00463,C004,380.221
S00463,C005,486.471
S00463,C006,730.12
S00463,C007,721.493
S00463,C008,795.171
S00463,C009,864.458
S00463,C010,919.297
S00463,C011,836.635
S00463,C012,755.62
S00463,C013,733.738
S00463,C014,645.446
S00463,C015,631.082
S00463,C016,515.397
S00463,C017,364.178
S00463,C018,263.282
S00463,C019,178.958
S00463,C020,443.328
S00464,C001,780.136
S00464,C002,677.415
S00464,C003,738.896
S00464,C004,685.231
S00464,C005,724.293
S00464,C006,276.086
S00464,C007,142.251
S00464,C008,112.323
S00464,C009,99.208
S00464,C010,214.382
S00464,C011,333.807
S00464,C012,407.97
S00464,C013,485.353
S00464,C014,527.077
S00464,C015,701.807
S00464,C016,539.898
S00464,C017,565.68
S00464,C018,683.895
S00464,C019,715.331
S00464,C020,416.092
S00465,C001,788.216
S00465,C002,694.543
S00465,C003,768.902
S00465,C004,720.863
S00465,C005,768.701
S00465,C006,221.057
S00465,C007,128.904
S00465,C008,63.397
S00465,C009,170.35
S00465,C010,284.292
S00465,C011,404.149
S00465,C012,473.527
S00465,C013,549.048
S00465,C014,584.334
S00465,C015,756.627
S00465,C016,502.684
S00465,C017,547.514
S00465,C018,669.488
S00465,C019,709.042
S00465,C020,436.177
S00466,C001,545.84
S00466,C002,413.621
S00466,C003,329.924
S00466,C004,248.323
S00466,C005,188.716
S00466,C006,711.46
S00466,C007,571.193
S00466,C008,636.337
S00466,C009,537.171
S00466,C010,508.193
S00466,C011,348.202
S00466,C012,232.726
S00466,C013,162.241
S00466,C014,72.633
S00466,C015,106.926
S00466,C016,751.317
S00466,C017,635.811
S00466,C018,669.73
S00466,C019,624.734
S00466,C020,359.548
S00467,C001,810.854
S00467,C002,679.843
S00467,C003,671.692
S00467,C004,595.76
S00467,C005,581.313
S00467,C006,566.844
S00467,C007,399.438
S00467,C008,419.688
S00467,C009,225.077
S00467,C010,131.925
S00467,C011,55.68
S00467,C012,169.843
S00467,C013,245.061
S00467,C014,331.367
S00467,C015,497.678
S00467,C016,761.762
S00467,C017,723.146
S00467,C018,814.913
S00467,C019,812.104
S00467,C020,460.359
S00468,C001,505.227
S00468,C002,472.452
S00468,C003,606.725
S00468,C004,601.542
S00468,C005,698.236
S00468,C006,205.699
S00468,C007,291.86
S00468,C008,334.611
S00468,C009,503.557
S00468,C010,607.587
S00468,C011,633.917
S00468,C012,630.687
S00468,C013,671.272
S00468,C014,644.1
S00468,C015,764.66
S00468,C016,108.547
S00468,C017,183.681
S00468,C018,305.532
S00468,C019,371.585
S00468,C020,321.708
S00469,C001,823.568
S00469,C002,691.836
S00469,C003,679.94
S00469,C004,603.163
S00469,C005,585.088
S00469,C006,586.306
S00469,C007,418.958
S00469,C008,438.658
S00469,C009,242.548
S00469,C010,145.022
S00469,C011,63.689
S00469,C012,172.598
S00469,C013,244.425
S00469,C014,333.782
S00469,C015,496.981
S00469,C016,780.775
S00469,C017,740.812
S00469,C018,831.553
S00469,C019,827.562
S00469,C020,475.875
S00470,C001,387.55
S00470,C002,296.716
S00470,C003,145.436
S00470,C004,126.843
S00470,C005,85.66
S00470,C006,829.545
S00470,C007,728.071
S00470,C008,803.579
S00470,C009,759.336
S00470,C010,755.919
S00470,C011,609.792
S00470,C012,497.145
S00470,C013,434.81
S00470,C014,337.941
S00470,C015,224.295
S00470,C016,765.833
S00470,C017,616.536
S00470,C018,596.955
S00470,C019,524.663
S00470,C020,430.809
S00471,C001,55.926
S00471,C002,146.717
S00471,C003,280.857
S00471,C004,337.069
S00471,C005,450.791
S00471,C006,633.971
S00471,C007,622.102
S00471,C008,695.871
S00471,C009,767.211
S00471,C010,825.227
S00471,C011,749.94
S00471,C012,674.978
S00471,C013,660.165
S00471,C014,577.031
S00471,C015,586.285
S00471,C016,435.446
S00471,C017,278.563
S00471,C018,197.594
S00471,C019,111.586
S00471,C020,348.009
S00472,C001,519.976
S00472,C002,416.286
S00472,C003,273.835
S00472,C004,224.688
S00472,C005,111.137
S00472,C006,879.644
S00472,C007,757.407
S00472,C008,828.356
S00472,C009,749.397
S00472,C010,724.956
S00472,C011,564.187
S00472,C012,448.699
S00472,C013,373.821
S00472,C014,289.408
S00472,C015,124.236
S00472,C016,857.544
S00472,C017,717.143
S00472,C018,713.455
S00472,C019,647.011
S00472,C020,490.273
S00473,C001,654.428
S00473,C002,518.327
S00473,C003,467.1
S00473,C004,385.695
S00473,C005,345.691
S00473,C006,655.663
S00473,C007,497.284
S00473,C008,550.065
S00473,C009,413.018
S00473,C010,363.824
S00473,C011,196.201
S00473,C012,83.949
S00473,C013,3.543
S00473,C014,94.984
S00473,C015,249.674
S00473,C016,758.652
S00473,C017,670.574
S00473,C018,730.376
S00473,C019,701.965
S00473,C020,379.367
S00474,C001,729.437
S00474,C002,614.16
S00474,C003,654.743
S00474,C004,593.63
S00474,C005,620.354
S00474,C006,354.009
S00474,C007,188.514
S00474,C008,206.859
S00474,C009,67.29
S00474,C010,142.519
S00474,C011,216.463
S00474,C012,285.827
S00474,C013,363.641
S00474,C014,409.869
S00474,C015,586.136
S00474,C016,573.497
S00474,C017,564.9
S00474,C018,673.003
S00474,C019,689.794
S00474,C020,357.371
S00475,C001,266.901
S00475,C002,169.23
S00475,C003,21.018
S00475,C004,64.904
S00475,C005,156.126
S00475,C006,734.412
S00475,C007,650.892
S00475,C008,728.43
S00475,C009,714.924
S00475,C010,730.734
S00475,C011,603.723
S00475,C012,500.004
S00475,C013,454.087
S00475,C014,356.51
S00475,C015,303.222
S00475,C016,645.484
S00475,C017,493.085
S00475,C018,469.43
S00475,C019,397.427
S00475,C020,339.771
S00476,C001,751.916
S00476,C002,619.441
S00476,C003,606.136
S00476,C004,529.576
S00476,C005,514.338
S00476,C006,562.907
S00476,C007,394.796
S00476,C008,427.057
S00476,C009,251.084
S00476,C010,181.327
S00476,C011,11.692
S00476,C012,103.828
S00476,C013,181.931
S00476,C014,264.996
S00476,C015,433.57
S00476,C016,734.313
S00476,C017,683.461
S00476,C018,769.165
S00476,C019,761.239
S00476,C020,410.471
S00477,C001,638.758
S00477,C002,548.099
S00477,C003,631.56
S00477,C004,590.308
S00477,C005,650.612
S00477,C006,171.335
S00477,C007,21.083
S00477,C008,98.793
S00477,C009,224.595
S00477,C010,332.049
S00477,C011,390.65
S00477,C012,424.317
S00477,C013,487.747
S00477,C014,499.432
S00477,C015,660.673
S00477,C016,387.687
S00477,C017,406.916
S00477,C018,526.071
S00477,C019,561.301
S00477,C020,293.898
S00478,C001,701.391
S00478,C002,586.104
S00478,C003,627.824
S00478,C004,567.547
S00478,C005,596.698
S00478,C006,346.008
S00478,C007,178.246
S00478,C008,207.139
S00478,C009,94.931
S00478,C010,164.63
S00478,C011,216.643
S00478,C012,275.248
S00478,C013,350.791
S00478,C014,391.572
S00478,C015,566.94
S00478,C016,554.148
S00478,C017,540.589
S00478,C018,647.349
S00478,C019,662.886
S00478,C020,329.321
S00479,C001,598.522
S00479,C002,462.481
S00479,C003,410.891
S00479,C004,329.724
S00479,C005,295.628
S00479,C006,640.391
S00479,C007,488.337
S00479,C008,547.037
S00479,C009,429.143
S00479,C010,393.956
S00479,C011,233.52
S00479,C012,118.24
S00479,C013,60.135
S00479,C014,43.368
S00479,C015,216.288
S00479,C016,722.803
S00479,C017,627.122
S00479,C018,681.548
S00479,C019,650.063
S00479,C020,336.806
S00480,C001,453.414
S00480,C002,352.116
S00480,C003,433.483
S00480,C004,396.995
S00480,C005,469.144
S00480,C006,312.202
S00480,C007,219.595
S00480,C008,297.648
S00480,C009,345.594
S00480,C010,415.558
S00480,C011,387.304
S00480,C012,363.027
S00480,C013,397.996
S00480,C014,372.182
S00480,C015,506.723
S00480,C016,363.216
S00480,C017,300.863
S00480,C018,395.962
S00480,C019,406.311
S00480,C020,94.962
S00481,C001,537.358
S00481,C002,416.72
S00481,C003,297.425
S00481,C004,226.013
S00481,C005,122.933
S00481,C006,806.466
S00481,C007,674.336
S00481,C008,742.347
S00481,C009,650.982
S00481,C010,621.912
S00481,C011,459.756
S00481,C012,344.361
S00481,C013,268.934
S00481,C014,186.73
S00481,C015,27.65
S00481,C016,815.214
S00481,C017,685.668
S00481,C018,700.119
S00481,C019,643.17
S00481,C020,431.669
S00482,C001,527.181
S00482,C002,529.494
S00482,C003,676.366
S00482,C004,685.776
S00482,C005,790.998
S00482,C006,306.771
S00482,C007,423.736
S00482,C008,457.004
S00482,C009,637.363
S00482,C010,743.568
S00482,C011,771.112
S00482,C012,764.016
S00482,C013,800.439
S00482,C014,765.952
S00482,C015,873.133
S00482,C016,43.864
S00482,C017,199.439
S00482,C018,285.953
S00482,C019,369.379
S00482,C020,434.962
S00483,C001,203.04
S00483,C002,246.101
S00483,C003,398.219
S00483,C004,435.852
S00483,C005,551.246
S00483,C006,522.192
S00483,C007,542.589
S00483,C008,609.898
S00483,C009,716.221
S00483,C010,791.51
S00483,C011,746.148
S00483,C012,690.755
S00483,C013,693.34
S00483,C014,623.936
S00483,C015,670.624
S00483,C016,292.838
S00483,C017,143.588
S00483,C018,54.492
S00483,C019,44.889
S00483,C020,329.361
S00484,C001,739.341
S00484,C002,604.043
S00484,C003,570.685
S00484,C004,490.816
S00484,C005,459.838
S00484,C006,628.01
S00484,C007,461.478
S00484,C008,500.773
S00484,C009,333.44
S00484,C010,263.281
S00484,C011,93.284
S00484,C012,60.459
S00484,C013,112.441
S00484,C014,207.31
S00484,C015,363.792
S00484,C016,775.497
S00484,C017,708.971
S00484,C018,784.17
S00484,C019,766.962
S00484,C020,423.834
S00485,C001,719.514
S00485,C002,604.242
S00485,C003,645.234
S00485,C004,584.414
S00485,C005,611.988
S00485,C006,350.869
S00485,C007,184.388
S00485,C008,206.444
S00485,C009,77.013
S00485,C010,150.159
S00485,C011,216.188
S00485,C012,281.883
S00485,C013,358.966
S00485,C014,403.329
S00485,C015,579.321
S00485,C016,566.515
S00485,C017,556.223
S00485,C018,663.876
S00485,C019,680.245
S00485,C020,347.446
S00486,C001,131.858
S00486,C002,215.543
S00486,C003,358.284
S00486,C004,409.377
S00486,C005,524.401
S00486,C006,602.947
S00486,C007,612.224
S00486,C008,682.342
S00486,C009,774.661
S00486,C010,842.341
S00486,C011,782.025
S00486,C012,716.024
S00486,C013,709.025
S00486,C014,631.332
S00486,C015,655.217
S00486,C016,376.933
S00486,C017,228.063
S00486,C018,125.89
S00486,C019,40.447
S00486,C020,368.3
S00487,C001,76.132
S00487,C002,93.833
S00487,C003,171.21
S00487,C004,240.248
S00487,C005,347.538
S00487,C006,697.557
S00487,C007,657.754
S00487,C008,734.769
S00487,C009,774.302
S00487,C010,816.46
S00487,C011,718.702
S00487,C012,630.292
S00487,C013,602.088
S00487,C014,510.956
S00487,C015,491.18
S00487,C016,535.26
S00487,C017,375.7
S00487,C018,313.646
S00487,C019,230.242
S00487,C020,353.961
S00488,C001,179.054
S00488,C002,237.368
S00488,C003,387.257
S00488,C004,430.078
S00488,C005,545.721
S00488,C006,552.946
S00488,C007,570.564
S00488,C008,638.702
S00488,C009,740.936
S00488,C010,813.858
S00488,C011,763.486
S00488,C012,704.37
S00488,C013,703.596
S00488,C014,631.113
S00488,C015,669.607
S00488,C016,322.269
S00488,C017,174.604
S00488,C018,73.977
S00488,C019,14.222
S00488,C020,346.727
S00489,C001,879.939
S00489,C002,757.676
S00489,C003,776.869
S00489,C004,707.235
S00489,C005,711.024
S00489,C006,493.44
S00489,C007,340.328
S00489,C008,331.221
S00489,C009,126.614
S00489,C010,36.294
S00489,C011,201.93
S00489,C012,313.917
S00489,C013,394.326
S00489,C014,470.494
S00489,C015,643.824
S00489,C016,736.145
S00489,C017,731.381
S00489,C018,838.336
S00489,C019,851.795
S00489,C020,510.214
S00490,C001,496.765
S00490,C002,403.083
S00490,C003,253.891
S00490,C004,219.46
S00490,C005,119.008
S00490,C006,900.1
S00490,C007,784.519
S00490,C008,857.138
S00490,C009,787.722
S00490,C010,768.147
S00490,C011,609.853
S00490,C012,494.368
S00490,C013,421.358
S00490,C014,333.605
S00490,C015,175.046
S00490,C016,860.824
S00490,C017,715.701
S00490,C018,702.967
S00490,C019,632.479
S00490,C020,505.451
S00491,C001,191.475
S00491,C002,258.062
S00491,C003,406.875
S00491,C004,451.295
S00491,C005,566.929
S00491,C006,561.172
S00491,C007,584.575
S00491,C008,651.546
S00491,C009,758.117
S00491,C010,832.607
S00491,C011,784.424
S00491,C012,726.269
S00491,C013,726.006
S00491,C014,653.728
S00491,C015,691.7
S00491,C016,320.865
S00491,C017,179.572
S00491,C018,66.123
S00491,C019,27.628
S00491,C020,367.536
S00492,C001,207.703
S00492,C002,300.971
S00492,C003,442.847
S00492,C004,494.843
S00492,C005,609.855
S00492,C006,614.395
S00492,C007,645.909
S00492,C008,711.411
S00492,C009,822.21
S00492,C010,897.394
S00492,C011,848.558
S00492,C012,788.675
S00492,C013,786.142
S00492,C014,711.397
S00492,C015,740.254
S00492,C016,357.173
S00492,C017,231.356
S00492,C018,107.021
S00492,C019,81.629
S00492,C020,431.794
S00493,C001,853.964
S00493,C002,735.191
S00493,C003,763.82
S00493,C004,697.248
S00493,C005,709.25
S00493,C006,443.292
S00493,C007,292.337
S00493,C008,280.746
S00493,C009,78.223
S00493,C010,56.048
S00493,C011,221.279
S00493,C012,326.135
S00493,C013,407.796
S00493,C014,476.355
S00493,C015,652.246
S00493,C016,690.144
S00493,C017,691.236
S00493,C018,800.822
S00493,C019,818.001
S00493,C020,482.304
S00494,C001,776.685
S00494,C002,645.186
S00494,C003,635.903
S00494,C004,559.981
S00494,C005,546.475
S00494,C006,557.359
S00494,C007,389.168
S00494,C008,415.854
S00494,C009,230.838
S00494,C010,152.053
S00494,C011,20.791
S00494,C012,136.3
S00494,C013,213.853
S00494,C014,297.452
S00494,C015,465.834
S00494,C016,740.848
S00494,C017,696.601
S00494,C018,785.809
S00494,C019,780.904
S00494,C020,429.303
S00495,C001,487.666
S00495,C002,474.527
S00495,C003,617.285
S00495,C004,621.457
S00495,C005,724.138
S00495,C006,267.408
S00495,C007,363.248
S00495,C008,404.593
S00495,C009,574.773
S00495,C010,678.076
S00495,C011,699.153
S00495,C012,689.906
S00495,C013,725.92
S00495,C014,691.946
S00495,C015,801.878
S00495,C016,37.746
S00495,C017,154.819
S00495,C018,264.237
S00495,C019,339.97
S00495,C020,361.875
S00496,C001,753.497
S00496,C002,643.507
S00496,C003,693.546
S00496,C004,635.615
S00496,C005,667.781
S00496,C006,318.999
S00496,C007,161.886
S00496,C008,162.724
S00496,C009,52.781
S00496,C010,164.156
S00496,C011,266.899
S00496,C012,340.088
S00496,C013,417.944
S00496,C014,462.667
S00496,C015,638.424
S00496,C016,559.324
S00496,C017,565.928
S00496,C018,679.069
S00496,C019,702.472
S00496,C020,383.188
S00497,C001,54.298
S00497,C002,177.246
S00497,C003,299.277
S00497,C004,361.537
S00497,C005,473.177
S00497,C006,668.302
S00497,C007,660.664
S00497,C008,733.965
S00497,C009,807.324
S00497,C010,865.357
S00497,C011,788.908
S00497,C012,712.49
S00497,C013,695.732
S00497,C014,610.961
S00497,C015,612.395
S00497,C016,458.764
S00497,C017,305.022
S00497,C018,211.453
S00497,C019,124.642
S00497,C020,388.182
S00498,C001,652.51
S00498,C002,567.561
S00498,C003,657.157
S00498,C004,618.79
S00498,C005,682.363
S00498,C006,135.689
S00498,C007,33.789
S00498,C008,83.589
S00498,C009,246.485
S00498,C010,357.766
S00498,C011,425.022
S00498,C012,461.003
S00498,C013,524.672
S00498,C014,535.717
S00498,C015,695.813
S00498,C016,370.734
S00498,C017,404.225
S00498,C018,525.951
S00498,C019,566.486
S00498,C020,318.38
S00499,C001,806.344
S00499,C002,677.642
S00499,C003,679.009
S00499,C004,605.256
S00499,C005,598.555
S00499,C006,529.38
S00499,C007,362.889
S00499,C008,379.739
S00499,C009,183.019
S00499,C010,92.91
S00499,C011,79.175
S00499,C012,193.038
S00499,C013,272.325
S00499,C014,352.537
S00499,C015,523.363
S00499,C016,733.169
S00499,C017,701.793
S00499,C018,797.632
S00499,C019,799.082
S00499,C020,448.145
S00500,C001,529.692
S00500,C002,527.591
S00500,C003,673.192
S00500,C004,680.603
S00500,C005,784.743
S00500,C006,289.853
S00500,C007,406.887
S00500,C008,439.868
S00500,C009,620.61
S00500,C010,727.103
S00500,C011,756.122
S00500,C012,750.457
S00500,C013,787.924
S00500,C014,754.918
S00500,C015,864.514
S00500,C016,39.849
S00500,C017,199.305
S00500,C018,291.923
S00500,C019,373.997
S00500,C020,424.937
S00501,C001,872.628
S00501,C002,752.956
S00501,C003,778.923
S00501,C004,711.36
S00501,C005,720.603
S00501,C006,462.889
S00501,C007,313.203
S00501,C008,299.846
S00501,C009,99.249
S00501,C010,53.061
S00501,C011,223.363
S00501,C012,331.654
S00501,C013,412.986
S00501,C014,484.685
S00501,C015,659.752
S00501,C016,711.297
S00501,C017,712.341
S00501,C018,821.652
S00501,C019,838.271
S00501,C020,501.277
S00502,C001,472.165
S00502,C002,348.821
S00502,C003,237.586
S00502,C004,161.359
S00502,C005,78.406
S00502,C006,752.649
S00502,C007,627.84
S00502,C008,698.606
S00502,C009,623.971
S00502,C010,606.955
S00502,C011,453.017
S00502,C012,338.463
S00502,C013,272.168
S00502,C014,177.193
S00502,C015,91.687
S00502,C016,748.816
S00502,C017,617.168
S00502,C018,630.588
S00502,C019,574.13
S00502,C020,369.486
S00503,C001,808.63
S00503,C002,676.605
S00503,C003,663.718
S00503,C004,586.839
S00503,C005,568.713
S00503,C006,583.406
S00503,C007,415.578
S00503,C008,438.144
S00503,C009,245.652
S00503,C010,153.504
S00503,C011,48.089
S00503,C012,156.248
S00503,C013,228.699
S00503,C014,317.517
S00503,C015,481.347
S00503,C016,772.654
S00503,C017,729.962
S00503,C018,819.406
S00503,C019,814.315
S00503,C020,462.773
S00504,C001,494.0
S00504,C002,498.001
S00504,C003,645.705
S00504,C004,656.909
S00504,C005,763.257
S00504,C006,319.53
S00504,C007,425.283
S00504,C008,463.722
S00504,C009,637.504
S00504,C010,741.318
S00504,C011,761.538
S00504,C012,749.754
S00504,C013,783.381
S00504,C014,745.639
S00504,C015,848.505
S00504,C016,25.613
S00504,C017,167.329
S00504,C018,253.081
S00504,C019,336.212
S00504,C020,413.228
S00505,C001,137.525
S00505,C002,71.11
S00505,C003,109.39
S00505,C004,175.593
S00505,C005,283.969
S00505,C006,690.194
S00505,C007,635.232
S00505,C008,713.069
S00505,C009,736.714
S00505,C010,771.824
S00505,C011,666.22
S00505,C012,573.93
S00505,C013,542.097
S00505,C014,449.465
S00505,C015,426.64
S00505,C016,554.887
S00505,C017,396.591
S00505,C018,352.533
S00505,C019,274.635
S00505,C020,323.646
S00506,C001,767.731
S00506,C002,676.637
S00506,C003,754.969
S00506,C004,709.085
S00506,C005,760.453
S00506,C006,195.021
S00506,C007,108.101
S00506,C008,36.957
S00506,C009,187.358
S00506,C010,302.834
S00506,C011,414.544
S00506,C012,478.405
S00506,C013,552.197
S00506,C014,583.079
S00506,C015,753.58
S00506,C016,475.795
S00506,C017,522.235
S00506,C018,644.626
S00506,C019,685.522
S00506,C020,419.989
S00507,C001,619.053
S00507,C002,487.165
S00507,C003,399.001
S00507,C004,318.279
S00507,C005,244.873
S00507,C006,753.274
S00507,C007,604.719
S00507,C008,664.849
S00507,C009,544.54
S00507,C010,500.04
S00507,C011,332.174
S00507,C012,219.797
S00507,C013,138.872
S00507,C014,94.31
S00507,C015,119.048
S00507,C016,813.043
S00507,C017,703.024
S00507,C018,741.123
S00507,C019,697.658
S00507,C020,421.05
S00508,C001,31.471
S00508,C002,162.838
S00508,C003,277.777
S00508,C004,342.254
S00508,C005,452.746
S00508,C006,679.927
S00508,C007,666.539
S00508,C008,740.707
S00508,C009,807.934
S00508,C010,862.989
S00508,C011,782.112
S00508,C012,703.041
S00508,C013,683.765
S00508,C014,597.408
S00508,C015,593.489
S00508,C016,477.66
S00508,C017,322.212
S00508,C018,233.32
S00508,C019,146.213
S00508,C020,386.815
S00509,C001,64.716
S00509,C002,86.656
S00509,C003,225.581
S00509,C004,277.976
S00509,C005,392.351
S00509,C006,624.351
S00509,C007,596.979
S00509,C008,672.65
S00509,C009,729.755
S00509,C010,781.919
S00509,C011,699.274
S00509,C012,620.657
S00509,C013,603.064
S00509,C014,518.513
S00509,C015,526.493
S00509,C016,452.252
S00509,C017,292.721
S00509,C018,234.282
S00509,C019,154.961
S00509,C020,307.378
S00510,C001,255.785
S00510,C002,166.883
S00510,C003,14.965
S00510,C004,84.693
S00510,C005,170.965
S00510,C006,745.116
S00510,C007,664.849
S00510,C008,742.551
S00510,C009,732.376
S00510,C010,749.437
S00510,C011,623.257
S00510,C012,519.754
S00510,C013,473.848
S00510,C014,376.217
S00510,C015,319.544
S00510,C016,648.62
S00510,C017,494.669
S00510,C018,465.994
S00510,C019,391.862
S00510,C020,352.479
S00511,C001,630.507
S00511,C002,495.132
S00511,C003,430.025
S00511,C004,347.999
S00511,C005,297.194
S00511,C006,689.214
S00511,C007,535.373
S00511,C008,592.127
S00511,C009,464.496
S00511,C010,419.093
S00511,C011,251.991
S00511,C012,138.761
S00511,C013,58.697
S00511,C014,60.622
S00511,C015,194.09
S00511,C016,772.35
S00511,C017,674.318
S00511,C018,725.202
S00511,C019,690.496
S00511,C020,384.909
S00512,C001,172.675
S00512,C002,59.542
S00512,C003,93.465
S00512,C004,140.622
S00512,C005,254.396
S00512,C006,659.583
S00512,C007,596.388
S00512,C008,674.407
S00512,C009,691.187
S00512,C010,724.261
S00512,C011,617.658
S00512,C012,525.644
S00512,C013,495.028
S00512,C014,403.415
S00512,C015,391.071
S00512,C016,543.593
S00512,C017,388.182
S00512,C018,359.627
S00512,C019,288.431
S00512,C020,282.737
S00513,C001,357.77
S00513,C002,234.787
S00513,C003,291.18
S00513,C004,251.858
S00513,C005,329.225
S00513,C006,454.424
S00513,C007,360.851
S00513,C008,438.462
S00513,C009,446.97
S00513,C010,489.157
S00513,C011,408.742
S00513,C012,343.385
S00513,C013,347.554
S00513,C014,289.089
S00513,C015,387.953
S00513,C016,443.295
S00513,C017,331.07
S00513,C018,385.508
S00513,C019,363.857
S00513,C020,57.427
S00514,C001,636.551
S00514,C002,501.706
S00514,C003,431.014
S00514,C004,348.996
S00514,C005,292.077
S00514,C006,708.156
S00514,C007,554.585
S00514,C008,611.384
S00514,C009,482.727
S00514,C010,435.352
S00514,C011,267.201
S00514,C012,155.407
S00514,C013,74.028
S00514,C014,69.961
S00514,C015,181.354
S00514,C016,788.537
S00514,C017,688.482
S00514,C018,737.071
S00514,C019,700.602
S00514,C020,399.943
S00515,C001,707.204
S00515,C002,595.868
S00515,C003,645.185
S00515,C004,587.659
S00515,C005,621.739
S00515,C006,315.177
S00515,C007,148.827
S00515,C008,172.758
S00515,C009,89.041
S00515,C010,181.185
S00515,C011,250.227
S00515,C012,309.675
S00515,C013,384.624
S00515,C014,422.683
S00515,C015,597.135
S00515,C016,534.562
S00515,C017,530.22
S00515,C018,640.5
S00515,C019,660.532
S00515,C020,336.11
S00516,C001,641.616
S00516,C002,524.428
S00516,C003,397.743
S00516,C004,331.69
S00516,C005,220.654
S00516,C006,896.521
S00516,C007,755.797
S00516,C008,819.581
S00516,C009,706.688
S00516,C010,661.154
S00516,C011,491.959
S00516,C012,381.518
S00516,C013,299.973
S00516,C014,245.961
S00516,C015,91.75
S00516,C016,921.211
S00516,C017,794.246
S00516,C018,809.735
S00516,C019,752.076
S00516,C020,533.9
S00517,C001,707.962
S00517,C002,573.525
S00517,C003,549.373
S00517,C004,471.127
S00517,C005,450.085
S00517,C006,586.003
S00517,C007,420.158
S00517,C008,461.998
S00517,C009,303.343
S00517,C010,245.622
S00517,C011,78.263
S00517,C012,37.716
S00517,C013,115.874
S00517,C014,199.251
S00517,C015,366.98
S00517,C016,731.874
S00517,C017,667.087
S00517,C018,744.429
S00517,C019,729.566
S00517,C020,383.803
S00518,C001,521.45
S00518,C002,406.455
S00518,C003,277.339
S00518,C004,212.708
S00518,C005,100.242
S00518,C006,828.763
S00518,C007,701.288
S00518,C008,770.837
S00518,C009,686.161
S00518,C010,660.154
S00518,C011,499.245
S00518,C012,383.75
S00518,C013,309.231
S00518,C014,224.585
S00518,C015,64.385
S00518,C016,823.765
S00518,C017,689.39
S00518,C018,696.503
S00518,C019,635.662
S00518,C020,446.379
S00519,C001,734.371
S00519,C002,661.37
S00519,C003,760.767
S00519,C004,726.545
S00519,C005,793.606
S00519,C006,81.657
S00519,C007,135.279
S00519,C008,96.979
S00519,C009,304.087
S00519,C010,420.215
S00519,C011,516.063
S00519,C012,564.374
S00519,C013,631.671
S00519,C014,647.134
S00519,C015,808.44
S00519,C016,378.108
S00519,C017,452.487
S00519,C018,577.234
S00519,C019,630.167
S00519,C020,422.561
S00520,C001,142.78
S00520,C002,237.168
S00520,C003,376.924
S00520,C004,430.449
S00520,C005,545.078
S00520,C006,618.495
S00520,C007,632.478
S00520,C008,701.783
S00520,C009,797.401
S00520,C010,866.123
S00520,C011,806.85
S00520,C012,741.028
S00520,C013,733.857
S00520,C014,655.807
S00520,C015,677.452
S00520,C016,383.77
S00520,C017,239.813
S00520,C018,128.734
S00520,C019,52.642
S00520,C020,392.752
S00521,C001,30.961
S00521,C002,145.604
S00521,C003,236.497
S00521,C004,306.68
S00521,C005,413.348
S00521,C006,710.079
S00521,C007,685.474
S00521,C008,761.121
S00521,C009,815.588
S00521,C010,864.186
S00521,C011,773.932
S00521,C012,689.214
S00521,C013,664.255
S00521,C014,574.548
S00521,C015,557.562
S00521,C016,521.583
S00521,C017,363.943
S00521,C018,282.609
S00521,C019,195.66
S00521,C020,392.957
S00522,C001,351.582
S00522,C002,235.425
S00522,C003,307.177
S00522,C004,274.085
S00522,C005,356.384
S00522,C006,430.571
S00522,C007,345.334
S00522,C008,423.329
S00522,C009,445.692
S00522,C010,494.826
S00522,C011,424.092
S00522,C012,364.887
S00522,C013,373.424
S00522,C014,318.128
S00522,C015,418.361
S00522,C016,412.73
S00522,C017,302.188
S00522,C018,361.333
S00522,C019,344.688
S00522,C020,32.048
S00523,C001,534.187
S00523,C002,399.629
S00523,C003,331.448
S00523,C004,249.49
S00523,C005,209.488
S00523,C006,668.592
S00523,C007,527.854
S00523,C008,593.125
S00523,C009,497.305
S00523,C010,473.125
S00523,C011,317.654
S00523,C012,203.325
S00523,C013,142.218
S00523,C014,43.775
S00523,C015,149.316
S00523,C016,714.716
S00523,C017,603.575
S00523,C018,643.446
S00523,C019,602.748
S00523,C020,322.562
S00524,C001,385.46
S00524,C002,376.004
S00524,C003,522.099
S00524,C004,532.594
S00524,C005,639.488
S00524,C006,335.495
S00524,C007,391.411
S00524,C008,447.315
S00524,C009,591.034
S00524,C010,684.46
S00524,C011,680.155
S00524,C012,654.372
S00524,C013,680.052
S00524,C014,634.428
S00524,C015,728.437
S00524,C016,111.881
S00524,C017,53.354
S00524,C018,173.005
S00524,C019,241.443
S00524,C020,301.45
S00525,C001,39.816
S00525,C002,106.62
S00525,C003,206.547
S00525,C004,272.73
S00525,C005,381.988
S00525,C006,685.015
S00525,C007,653.941
S00525,C008,730.183
S00525,C009,779.561
S00525,C010,826.532
S00525,C011,735.053
S00525,C012,650.212
S00525,C013,625.649
S00525,C014,536.423
S00525,C015,524.051
S00525,C016,509.987
S00525,C017,350.805
S00525,C018,281.47
S00525,C019,196.622
S00525,C020,357.18
S00526,C001,633.878
S00526,C002,498.025
S00526,C003,461.054
S00526,C004,381.379
S00526,C005,356.195
S00526,C006,606.556
S00526,C007,448.385
S00526,C008,502.007
S00526,C009,371.363
S00526,C010,331.414
S00526,C011,170.82
S00526,C012,56.321
S00526,C013,49.288
S00526,C014,105.888
S00526,C015,278.257
S00526,C016,713.889
S00526,C017,630.57
S00526,C018,695.384
S00526,C019,671.305
S00526,C020,339.856
S00527,C001,145.211
S00527,C002,253.445
S00527,C003,296.309
S00527,C004,376.508
S00527,C005,468.043
S00527,C006,825.403
S00527,C007,803.868
S00527,C008,879.459
S00527,C009,931.475
S00527,C010,976.381
S00527,C011,878.466
S00527,C012,787.906
S00527,C013,755.476
S00527,C014,661.597
S00527,C015,617.928
S00527,C016,621.312
S00527,C017,467.953
S00527,C018,370.389
S00527,C019,285.393
S00527,C020,509.249
S00528,C001,422.881
S00528,C002,313.633
S00528,C003,177.36
S00528,C004,120.851
S00528,C005,12.98
S00528,C006,793.182
S00528,C007,680.957
S00528,C008,754.686
S00528,C009,697.037
S00528,C010,687.673
S00528,C011,537.952
S00528,C012,424.357
S00528,C013,360.228
S00528,C014,264.071
S00528,C015,154.901
S00528,C016,756.201
S00528,C017,613.968
S00528,C018,609.697
S00528,C019,544.294
S00528,C020,397.808
S00529,C001,564.965
S00529,C002,440.182
S00529,C003,329.751
S00529,C004,254.341
S00529,C005,160.063
S00529,C006,794.118
S00529,C007,656.479
S00529,C008,722.285
S00529,C009,621.572
S00529,C010,587.408
S00529,C011,423.003
S00529,C012,308.122
S00529,C013,230.593
S00529,C014,155.342
S00529,C015,22.221
S00529,C016,818.502
S00529,C017,694.413
S00529,C018,716.091
S00529,C019,662.998
S00529,C020,430.067
S00530,C001,385.89
S00530,C002,375.441
S00530,C003,521.258
S00530,C004,531.354
S00530,C005,638.063
S00530,C006,333.461
S00530,C007,388.76
S00530,C008,444.795
S00530,C009,588.281
S00530,C010,681.679
S00530,C011,677.436
S00530,C012,651.792
S00530,C013,677.61
S00530,C014,632.186
S00530,C015,726.611
S00530,C016,112.581
S00530,C017,54.294
S00530,C018,174.789
S00530,C019,242.605
S00530,C020,299.159
S00531,C001,764.137
S00531,C002,665.21
S00531,C003,732.956
S00531,C004,682.213
S00531,C005,726.339
S00531,C006,243.041
S00531,C007,115.07
S00531,C008,79.316
S00531,C009,129.857
S00531,C010,245.79
S00531,C011,357.641
S00531,C012,425.666
S00531,C013,501.245
S00531,C014,537.626
S00531,C015,710.647
S00531,C016,509.29
S00531,C017,539.973
S00531,C018,659.524
S00531,C019,693.742
S00531,C020,404.716
S00532,C001,678.484
S00532,C002,595.267
S00532,C003,685.838
S00532,C004,647.527
S00532,C005,710.635
S00532,C006,122.76
S00532,C007,49.718
S00532,C008,62.701
S00532,C009,247.773
S00532,C010,361.726
S00532,C011,439.612
S00532,C012,481.103
S00532,C013,546.718
S00532,C014,560.722
S00532,C015,722.325
S00532,C016,379.595
S00532,C017,422.95
S00532,C018,545.788
S00532,C019,588.989
S00532,C020,347.027
S00533,C001,858.231
S00533,C002,737.319
S00533,C003,760.615
S00533,C004,692.36
S00533,C005,700.152
S00533,C006,466.608
S00533,C007,312.808
S00533,C008,304.871
S00533,C009,99.306
S00533,C010,31.987
S00533,C011,201.78
S00533,C012,309.995
S00533,C013,391.305
S00533,C014,463.368
S00533,C015,638.264
S00533,C016,708.637
S00533,C017,704.937
S00533,C018,812.624
S00533,C019,827.245
S00533,C020,487.583
S00534,C001,294.97
S00534,C002,189.038
S00534,C003,52.243
S00534,C004,37.16
S00534,C005,126.551
S00534,C006,730.679
S00534,C007,640.638
S00534,C008,717.706
S00534,C009,696.047
S00534,C010,707.956
S00534,C011,577.46
S00534,C012,472.189
S00534,C013,424.306
S00534,C014,326.381
S00534,C015,272.026
S00534,C016,654.926
S00534,C017,505.229
S00534,C018,488.559
S00534,C019,419.369
S00534,C020,333.197
S00535,C001,284.613
S00535,C002,198.539
S00535,C003,45.807
S00535,C004,86.062
S00535,C005,149.981
S00535,C006,769.759
S00535,C007,684.91
S00535,C008,762.31
S00535,C009,744.563
S00535,C010,756.974
S00535,C011,625.689
S00535,C012,519.494
S00535,C013,469.367
S00535,C014,371.019
S00535,C015,300.234
S00535,C016,679.09
S00535,C017,525.699
S00535,C018,497.657
S00535,C019,423.224
S00535,C020,374.61
S00536,C001,227.186
S00536,C002,249.413
S00536,C003,402.347
S00536,C004,432.986
S00536,C005,547.407
S00536,C006,483.867
S00536,C007,503.799
S00536,C008,570.852
S00536,C009,679.263
S00536,C010,756.337
S00536,C011,715.552
S00536,C012,664.019
S00536,C013,670.218
S00536,C014,604.444
S00536,C015,660.72
S00536,C016,263.673
S00536,C017,108.789
S00536,C018,62.784
S00536,C019,82.063
S00536,C020,299.859
S00537,C001,456.802
S00537,C002,325.795
S00537,C003,241.811
S00537,C004,159.819
S00537,C005,125.034
S00537,C006,686.982
S00537,C007,561.065
S00537,C008,631.885
S00537,C009,561.301
S00537,C010,550.026
S00537,C011,402.391
S00537,C012,290.535
S00537,C013,233.936
S00537,C014,135.409
S00537,C015,135.853
S00537,C016,693.68
S00537,C017,568.032
S00537,C018,591.714
S00537,C019,541.935
S00537,C020,308.599
S00538,C001,681.312
S00538,C002,545.639
S00538,C003,509.626
S00538,C004,429.734
S00538,C005,400.825
S00538,C006,616.628
S00538,C007,453.871
S00538,C008,501.418
S00538,C009,353.562
S00538,C010,300.403
S00538,C011,132.79
S00538,C012,23.331
S00538,C013,60.96
S00538,C014,148.383
S00538,C015,312.523
S00538,C016,742.28
S00538,C017,666.318
S00538,C018,735.805
S00538,C019,714.686
S00538,C020,377.38
S00539,C001,675.053
S00539,C002,613.713
S00539,C003,725.038
S00539,C004,699.101
S00539,C005,776.078
S00539,C006,5.926
S00539,C007,166.415
S00539,C008,165.02
S00539,C009,367.681
S00539,C010,482.616
S00539,C011,558.541
S00539,C012,591.824
S00539,C013,652.315
S00539,C014,655.051
S00539,C015,806.699
S00539,C016,293.634
S00539,C017,377.614
S00539,C018,502.038
S00539,C019,560.213
S00539,C020,393.303
S00540,C001,713.308
S00540,C002,603.48
S00540,C003,655.34
S00540,C004,598.706
S00540,C005,634.205
S00540,C006,304.913
S00540,C007,140.015
S00540,C008,159.763
S00540,C009,86.997
S00540,C010,186.392
S00540,C011,262.878
S00540,C012,323.749
S00540,C013,398.795
S00540,C014,436.594
S00540,C015,610.854
S00540,C016,530.145
S00540,C017,530.002
S00540,C018,641.667
S00540,C019,663.52
S00540,C020,343.027
S00541,C001,785.069
S00541,C002,678.766
S00541,C003,734.236
S00541,C004,678.034
S00541,C005,712.621
S00541,C006,304.103
S00541,C007,162.391
S00541,C008,141.091
S00541,C009,69.198
S00541,C010,184.311
S00541,C011,306.58
S00541,C012,384.661
S00541,C013,463.16
S00541,C014,508.845
S00541,C015,684.595
S00541,C016,562.227
S00541,C017,581.513
S00541,C018,697.973
S00541,C019,726.233
S00541,C020,417.497
S00542,C001,647.542
S00542,C002,511.819
S00542,C003,450.734
S00542,C004,368.787
S00542,C005,320.21
S00542,C006,683.308
S00542,C007,527.07
S00542,C008,581.736
S00542,C009,448.203
S00542,C010,399.238
S00542,C011,231.023
S00542,C012,119.557
S00542,C013,37.923
S00542,C014,78.248
S00542,C015,216.428
S00542,C016,775.522
S00542,C017,681.482
S00542,C018,735.823
S00542,C019,703.381
S00542,C020,390.941
S00543,C001,86.37
S00543,C002,221.722
S00543,C003,314.691
S00543,C004,386.652
S00543,C005,491.829
S00543,C006,741.314
S00543,C007,733.029
S00543,C008,806.696
S00543,C009,875.795
S00543,C010,930.316
S00543,C011,846.921
S00543,C012,765.317
S00543,C013,742.726
S00543,C014,653.964
S00543,C015,637.162
S00543,C016,525.059
S00543,C017,374.517
S00543,C018,272.177
S00543,C019,188.572
S00543,C020,454.528
S00544,C001,340.475
S00544,C002,345.298
S00544,C003,495.397
S00544,C004,513.559
S00544,C005,623.956
S00544,C006,389.194
S00544,C007,438.025
S00544,C008,496.865
S00544,C009,632.464
S00544,C010,721.859
S00544,C011,706.992
S00544,C012,673.154
S00544,C013,692.819
S00544,C014,640.32
S00544,C015,722.112
S00544,C016,150.188
S00544,C017,20.234
S00544,C018,118.955
S00544,C019,189.963
S00544,C020,311.417
S00545,C001,714.908
S00545,C002,642.062
S00545,C003,742.146
S00545,C004,708.6
S00545,C005,776.745
S00545,C006,70.353
S00545,C007,123.652
S00545,C008,97.068
S00545,C009,303.99
S00545,C010,419.971
S00545,C011,509.901
S00545,C012,554.704
S00545,C013,620.681
S00545,C014,633.807
S00545,C015,793.709
S00545,C016,363.266
S00545,C017,434.206
S00545,C018,558.921
S00545,C019,611.206
S00545,C020,404.191
S00546,C001,734.759
S00546,C002,635.486
S00546,C003,703.71
S00546,C004,653.593
S00546,C005,699.299
S00546,C006,234.439
S00546,C007,91.115
S00546,C008,76.78
S00546,C009,133.299
S00546,C010,248.777
S00546,C011,347.223
S00546,C012,408.68
S00546,C013,482.521
S00546,C014,515.038
S00546,C015,686.825
S00546,C016,489.865
S00546,C017,514.649
S00546,C018,633.26
S00546,C019,665.984
S00546,C020,374.994
S00547,C001,618.116
S00547,C002,606.758
S00547,C003,748.043
S00547,C004,748.64
S00547,C005,848.076
S00547,C006,243.76
S00547,C007,388.643
S00547,C008,405.566
S00547,C009,601.256
S00547,C010,713.103
S00547,C011,762.945
S00547,C012,771.234
S00547,C013,816.763
S00547,C014,794.116
S00547,C015,916.706
S00547,C016,128.829
S00547,C017,285.39
S00547,C018,384.317
S00547,C019,465.313
S00547,C020,473.754
S00548,C001,601.654
S00548,C002,520.621
S00548,C003,616.493
S00548,C004,582.546
S00548,C005,652.375
S00548,C006,136.058
S00548,C007,75.583
S00548,C008,136.822
S00548,C009,286.247
S00548,C010,392.699
S00548,C011,441.389
S00548,C012,464.256
S00548,C013,521.985
S00548,C014,523.14
S00548,C015,676.266
S00548,C016,326.004
S00548,C017,351.29
S00548,C018,472.631
S00548,C019,513.134
S00548,C020,278.178
S00549,C001,179.522
S00549,C002,82.642
S00549,C003,72.486
S00549,C004,132.336
S00549,C005,242.342
S00549,C006,685.742
S00549,C007,620.637
S00549,C008,698.684
S00549,C009,711.193
S00549,C010,741.304
S00549,C011,630.433
S00549,C012,535.584
S00549,C013,501.276
S00549,C014,407.716
S00549,C015,383.583
S00549,C016,569.182
S00549,C017,413.17
S00549,C018,380.571
S00549,C019,306.777
S00549,C020,306.502
S00550,C001,476.2
S00550,C002,347.552
S00550,C003,252.381
S00550,C004,171.644
S00550,C005,113.65
S00550,C006,716.495
S00550,C007,588.579
S00550,C008,658.585
S00550,C009,581.776
S00550,C010,565.386
S00550,C011,412.997
S00550,C012,299.103
S00550,C013,236.087
S00550,C014,138.97
S00550,C015,105.465
S00550,C016,724.261
S00550,C017,597.65
S00550,C018,618.931
S00550,C019,567.178
S00550,C020,339.432
S00551,C001,355.917
S00551,C002,230.258
S00551,C003,280.105
S00551,C004,238.77
S00551,C005,315.011
S00551,C006,468.254
S00551,C007,372.688
S00551,C008,450.116
S00551,C009,453.643
S00551,C010,492.746
S00551,C011,407.588
S00551,C012,338.706
S00551,C013,339.809
S00551,C014,278.6
S00551,C015,374.271
S00551,C016,456.398
S00551,C017,341.997
S00551,C018,393.059
S00551,C019,368.538
S00551,C020,71.716
S00552,C001,406.405
S00552,C002,386.569
S00552,C003,528.969
S00552,C004,534.29
S00552,C005,638.45
S00552,C006,302.995
S00552,C007,358.16
S00552,C008,413.533
S00552,C009,559.228
S00552,C010,654.103
S00552,C011,654.563
S00552,C012,632.961
S00552,C013,661.852
S00552,C014,620.27
S00552,C015,721.309
S00552,C016,108.92
S00552,C017,81.154
S00552,C018,204.597
S00552,C019,268.906
S00552,C020,287.174
S00553,C001,225.944
S00553,C002,153.29
S00553,C003,38.031
S00553,C004,119.618
S00553,C005,206.792
S00553,C006,751.856
S00553,C007,679.054
S00553,C008,757.021
S00553,C009,755.608
S00553,C010,776.739
S00553,C011,654.308
S00553,C012,552.473
S00553,C013,508.533
S00553,C014,411.298
S00553,C015,355.978
S00553,C016,640.55
S00553,C017,484.246
S00553,C018,446.98
S00553,C019,369.694
S00553,C020,364.933
S00554,C001,579.306
S00554,C002,454.64
S00554,C003,343.593
S00554,C004,268.56
S00554,C005,172.752
S00554,C006,803.537
S00554,C007,664.375
S00554,C008,729.422
S00554,C009,625.113
S00554,C010,588.339
S00554,C011,422.685
S00554,C012,308.382
S00554,C013,229.561
S00554,C014,159.33
S00554,C015,26.405
S00554,C016,831.235
S00554,C017,707.941
S00554,C018,730.296
S00554,C019,677.401
S00554,C020,442.166
S00555,C001,630.733
S00555,C002,500.589
S00555,C003,503.801
S00555,C004,432.601
S00555,C005,439.823
S00555,C006,481.403
S00555,C007,319.381
S00555,C008,370.527
S00555,C009,250.016
S00555,C010,238.605
S00555,C011,133.371
S00555,C012,113.745
S00555,C013,178.931
S00555,C014,217.034
S00555,C015,393.677
S00555,C016,619.638
S00555,C017,559.453
S00555,C018,642.733
S00555,C019,634.712
S00555,C020,283.747
S00556,C001,723.17
S00556,C002,589.465
S00556,C003,569.981
S00556,C004,492.453
S00556,C005,474.133
S00556,C006,574.944
S00556,C007,407.966
S00556,C008,446.509
S00556,C009,281.748
S00556,C010,220.531
S00556,C011,52.885
S00556,C012,62.669
S00556,C013,141.248
S00556,C014,224.046
S00556,C015,392.444
S00556,C016,730.547
S00556,C017,671.107
S00556,C018,751.836
S00556,C019,739.749
S00556,C020,391.443
S00557,C001,245.38
S00557,C002,186.579
S00557,C003,65.068
S00557,C004,138.967
S00557,C005,208.32
S00557,C006,787.912
S00557,C007,714.069
S00557,C008,791.987
S00557,C009,786.95
S00557,C010,805.133
S00557,C011,678.768
S00557,C012,574.586
S00557,C013,526.907
S00557,C014,428.823
S00557,C015,358.736
S00557,C016,674.391
S00557,C017,517.38
S00557,C018,475.619
S00557,C019,396.229
S00557,C020,400.209
S00558,C001,676.066
S00558,C002,547.346
S00558,C003,445.748
S00558,C004,368.165
S00558,C005,277.795
S00558,C006,825.833
S00558,C007,674.765
S00558,C008,732.617
S00558,C009,601.625
S00558,C010,546.754
S00558,C011,376.305
S00558,C012,271.343
S00558,C013,190.335
S00558,C014,168.495
S00558,C015,129.726
S00558,C016,887.801
S00558,C017,775.95
S00558,C018,810.314
S00558,C019,763.617
S00558,C020,495.698
S00559,C001,327.574
S00559,C002,215.07
S00559,C003,297.533
S00559,C004,271.223
S00559,C005,360.043
S00559,C006,434.933
S00559,C007,358.992
S00559,C008,437.031
S00559,C009,468.013
S00559,C010,519.597
S00559,C011,450.32
S00559,C012,390.356
S00559,C013,396.982
S00559,C014,338.491
S00559,C015,430.657
S00559,C016,398.877
S00559,C017,281.925
S00559,C018,336.59
S00559,C019,318.557
S00559,C020,46.336
S00560,C001,58.572
S00560,C002,173.642
S00560,C003,250.428
S00560,C004,324.375
S00560,C005,427.493
S00560,C006,739.521
S00560,C007,716.397
S00560,C008,791.961
S00560,C009,846.35
S00560,C010,894.198
S00560,C011,802.123
S00560,C012,715.895
S00560,C013,688.985
S00560,C014,598.058
S00560,C015,573.856
S00560,C016,545.485
S00560,C017,389.038
S00560,C018,301.722
S00560,C019,214.661
S00560,C020,423.75
S00561,C001,766.389
S00561,C002,647.062
S00561,C003,677.19
S00561,C004,612.004
S00561,C005,629.183
S00561,C006,404.488
S00561,C007,240.721
S00561,C008,252.125
S00561,C009,64.341
S00561,C010,90.315
S00561,C011,180.663
S00561,C012,266.591
S00561,C013,347.409
S00561,C014,405.134
S00561,C015,582.185
S00561,C016,626.641
S00561,C017,614.833
S00561,C018,720.804
S00561,C019,734.353
S00561,C020,395.145
S00562,C001,742.072
S00562,C002,640.199
S00562,C003,704.267
S00562,C004,652.222
S00562,C005,694.735
S00562,C006,254.794
S00562,C007,108.048
S00562,C008,96.404
S00562,C009,112.944
S00562,C010,228.425
S00562,C011,329.656
S00562,C012,394.4
S00562,C013,469.405
S00562,C014,505.063
S00562,C015,678.085
S00562,C016,507.907
S00562,C017,528.936
S00562,C018,646.504
S00562,C019,677.214
S00562,C020,379.037
S00563,C001,46.456
S00563,C002,160.193
S00563,C003,286.338
S00563,C004,346.572
S00563,C005,459.004
S00563,C006,655.556
S00563,C007,644.966
S00563,C008,718.646
S00563,C009,789.92
S00563,C010,847.352
S00563,C011,770.503
S00563,C012,694.161
S00563,C013,677.724
S00563,C014,593.307
S00563,C015,597.018
S00563,C016,452.083
S00563,C017,296.563
S00563,C018,208.979
S00563,C019,121.893
S00563,C020,370.287
S00564,C001,662.432
S00564,C002,567.343
S00564,C003,644.156
S00564,C004,599.202
S00564,C005,654.06
S00564,C006,195.507
S00564,C007,27.325
S00564,C008,87.935
S00564,C009,190.382
S00564,C010,298.898
S00564,C011,365.11
S00564,C012,406.05
S00564,C013,472.81
S00564,C014,490.949
S00564,C015,656.235
S00564,C016,422.048
S00564,C017,439.296
S00564,C018,557.413
S00564,C019,590.291
S00564,C020,309.402
S00565,C001,720.901
S00565,C002,612.877
S00565,C003,667.652
S00565,C004,612.056
S00565,C005,649.166
S00565,C006,293.12
S00565,C007,130.768
S00565,C008,144.573
S00565,C009,87.528
S00565,C010,193.755
S00565,C011,278.143
S00565,C012,340.535
S00565,C013,415.688
S00565,C014,453.202
S00565,C015,627.241
S00565,C016,525.352
S00565,C017,530.26
S00565,C018,643.486
S00565,C019,667.479
S00565,C020,351.86
S00566,C001,599.525
S00566,C002,520.556
S00566,C003,618.616
S00566,C004,585.938
S00566,C005,657.204
S00566,C006,128.512
S00566,C007,84.35
S00566,C008,141.857
S00566,C009,296.123
S00566,C010,402.98
S00566,C011,451.777
S00566,C012,473.889
S00566,C013,531.054
S00566,C014,531.051
S00566,C015,683.046
S00566,C016,316.353
S00566,C017,344.643
S00566,C018,466.56
S00566,C019,508.484
S00566,C020,280.882
S00567,C001,24.23
S00567,C002,155.71
S00567,C003,254.607
S00567,C004,323.386
S00567,C005,431.156
S00567,C006,703.91
S00567,C007,683.914
S00567,C008,759.013
S00567,C009,818.444
S00567,C010,869.435
S00567,C011,782.441
S00567,C012,699.583
S00567,C013,676.461
S00567,C014,587.755
S00567,C015,574.556
S00567,C016,508.946
S00567,C017,352.294
S00567,C018,266.85
S00567,C019,179.734
S00567,C020,395.956
S00568,C001,453.641
S00568,C002,344.252
S00568,C003,413.558
S00568,C004,371.722
S00568,C005,438.376
S00568,C006,344.449
S00568,C007,238.638
S00568,C008,316.115
S00568,C009,340.885
S00568,C010,401.534
S00568,C011,360.014
S00568,C012,329.113
S00568,C013,361.501
S00568,C014,334.641
S00568,C015,470.832
S00568,C016,398.886
S00568,C017,328.581
S00568,C018,416.962
S00568,C019,420.278
S00568,C020,82.94
S00569,C001,652.03
S00569,C002,577.187
S00569,C003,677.307
S00569,C004,644.786
S00569,C005,715.157
S00569,C006,80.686
S00569,C007,89.839
S00569,C008,110.86
S00569,C009,298.83
S00569,C010,411.801
S00569,C011,481.019
S00569,C012,514.201
S00569,C013,575.74
S00569,C014,581.819
S00569,C015,737.473
S00569,C016,328.815
S00569,C017,381.148
S00569,C018,505.209
S00569,C019,553.229
S00569,C020,339.762
S00570,C001,646.265
S00570,C002,511.748
S00570,C003,437.99
S00570,C004,356.074
S00570,C005,295.23
S00570,C006,721.384
S00570,C007,567.352
S00570,C008,623.643
S00570,C009,492.668
S00570,C010,442.899
S00570,C011,273.87
S00570,C012,163.844
S00570,C013,82.104
S00570,C014,82.29
S00570,C015,178.638
S00570,C016,802.144
S00570,C017,701.63
S00570,C018,749.435
S00570,C019,712.249
S00570,C020,413.346
S00571,C001,23.635
S00571,C002,145.671
S00571,C003,265.583
S00571,C004,327.884
S00571,C005,439.382
S00571,C006,666.469
S00571,C007,650.394
S00571,C008,724.871
S00571,C009,790.263
S00571,C010,844.846
S00571,C011,763.783
S00571,C012,684.913
S00571,C013,666.083
S00571,C014,580.147
S00571,C015,578.86
S00571,C016,470.022
S00571,C017,313.195
S00571,C018,230.047
S00571,C019,143.204
S00571,C020,368.873
S00572,C001,777.937
S00572,C002,666.52
S00572,C003,713.041
S00572,C004,653.456
S00572,C005,681.956
S00572,C006,340.33
S00572,C007,186.855
S00572,C008,180.654
S00572,C009,27.593
S00572,C010,142.969
S00572,C011,260.378
S00572,C012,341.268
S00572,C013,420.699
S00572,C014,470.586
S00572,C015,647.157
S00572,C016,585.401
S00572,C017,592.896
S00572,C018,705.9
S00572,C019,728.783
S00572,C020,406.921
S00573,C001,735.942
S00573,C002,602.415
S00573,C003,583.584
S00573,C004,506.078
S00573,C005,487.408
S00573,C006,576.857
S00573,C007,409.367
S00573,C008,445.725
S00573,C009,276.351
S00573,C010,210.695
S00573,C011,41.045
S00573,C012,75.401
S00573,C013,152.389
S00573,C014,236.938
S00573,C015,404.297
S00573,C016,737.453
S00573,C017,680.323
S00573,C018,762.295
S00573,C019,751.141
S00573,C020,402.155
S00574,C001,666.371
S00574,C002,589.6
S00574,C003,687.342
S00574,C004,653.199
S00574,C005,721.48
S00574,C006,86.879
S00574,C007,81.404
S00574,C008,94.153
S00574,C009,285.776
S00574,C010,399.583
S00574,C011,473.699
S00574,C012,510.481
S00574,C013,573.661
S00574,C014,582.642
S00574,C015,740.431
S00574,C016,345.461
S00574,C017,397.947
S00574,C018,521.903
S00574,C019,569.267
S00574,C020,349.069
S00575,C001,798.599
S00575,C002,669.539
S00575,C003,669.816
S00575,C004,595.864
S00575,C005,588.709
S00575,C006,530.423
S00575,C007,363.426
S00575,C008,382.282
S00575,C009,187.949
S00575,C010,101.722
S00575,C011,69.557
S00575,C012,183.13
S00575,C013,262.529
S00575,C014,342.593
S00575,C015,513.463
S00575,C016,730.727
S00575,C017,697.317
S00575,C018,792.226
S00575,C019,792.796
S00575,C020,441.584
S00576,C001,573.248
S00576,C002,438.0
S00576,C003,374.135
S00576,C004,292.235
S00576,C005,249.805
S00576,C006,667.495
S00576,C007,520.474
S00576,C008,582.327
S00576,C009,473.303
S00576,C010,441.359
S00576,C011,281.344
S00576,C012,165.968
S00576,C013,99.898
S00576,C014,8.313
S00576,C015,170.212
S00576,C016,731.378
S00576,C017,626.925
S00576,C018,673.0
S00576,C019,635.874
S00576,C020,340.533
S00577,C001,405.118
S00577,C002,393.612
S00577,C003,538.669
S00577,C004,547.321
S00577,C005,653.154
S00577,C006,318.672
S00577,C007,380.771
S00577,C008,434.526
S00577,C009,583.109
S00577,C010,678.518
S00577,C011,679.101
S00577,C012,656.671
S00577,C013,684.604
S00577,C014,641.506
S00577,C015,739.35
S00577,C016,95.241
S00577,C017,73.16
S00577,C018,191.353
S00577,C019,261.07
S00577,C020,308.253
S00578,C001,546.514
S00578,C002,414.877
S00578,C003,328.318
S00578,C004,246.995
S00578,C005,183.879
S00578,C006,719.19
S00578,C007,579.286
S00578,C008,644.544
S00578,C009,545.395
S00578,C010,515.968
S00578,C011,355.498
S00578,C012,239.989
S00578,C013,168.525
S00578,C014,80.493
S00578,C015,98.61
S00578,C016,757.213
S00578,C017,640.711
S00578,C018,673.318
S00578,C019,627.44
S00578,C020,365.659
S00579,C001,340.004
S00579,C002,215.016
S00579,C003,121.664
S00579,C004,40.556
S00579,C005,107.713
S00579,C006,684.911
S00579,C007,582.888
S00579,C008,658.757
S00579,C009,624.799
S00579,C010,632.62
S00579,C011,500.298
S00579,C012,395.1
S00579,C013,348.997
S00579,C014,251.836
S00579,C015,225.458
S00579,C016,639.581
S00579,C017,498.623
S00579,C018,501.237
S00579,C019,441.568
S00579,C020,286.66
S00580,C001,626.518
S00580,C002,490.469
S00580,C003,448.597
S00580,C004,368.317
S00580,C005,339.649
S00580,C006,619.365
S00580,C007,462.64
S00580,C008,517.572
S00580,C009,389.624
S00580,C010,350.043
S00580,C011,188.599
S00580,C012,73.364
S00580,C013,40.178
S00580,C014,88.18
S00580,C015,259.594
S00580,C016,719.955
S00580,C017,632.985
S00580,C018,694.769
S00580,C019,668.415
S00580,C020,341.826
S00581,C001,574.384
S00581,C002,438.666
S00581,C003,380.976
S00581,C004,299.429
S00581,C005,262.95
S00581,C006,651.182
S00581,C007,503.167
S00581,C008,564.563
S00581,C009,455.098
S00581,C010,424.177
S00581,C011,265.542
S00581,C012,150.551
S00581,C013,89.908
S00581,C014,11.399
S00581,C015,188.285
S00581,C016,719.906
S00581,C017,618.213
S00581,C018,667.289
S00581,C019,632.317
S00581,C020,330.187
S00582,C001,668.348
S00582,C002,534.345
S00582,C003,515.19
S00582,C004,438.231
S00582,C005,424.56
S00582,C006,559.001
S00582,C007,395.396
S00582,C008,442.409
S00582,C009,298.846
S00582,C010,256.751
S00582,C011,102.559
S00582,C012,36.121
S00582,C013,112.6
S00582,C014,179.034
S00582,C015,353.16
S00582,C016,694.668
S00582,C017,626.998
S00582,C018,703.426
S00582,C019,688.449
S00582,C020,342.83
S00583,C001,341.45
S00583,C002,379.125
S00583,C003,532.082
S00583,C004,561.7
S00583,C005,675.473
S00583,C006,458.945
S00583,C007,521.886
S00583,C008,577.593
S00583,C009,719.235
S00583,C010,809.456
S00583,C011,793.18
S00583,C012,755.96
S00583,C013,771.944
S00583,C014,714.529
S00583,C015,784.046
S00583,C016,181.44
S00583,C017,105.669
S00583,C018,88.592
S00583,C019,175.707
S00583,C020,391.386
S00584,C001,814.267
S00584,C002,689.937
S00584,C003,705.304
S00584,C004,635.129
S00584,C005,638.844
S00584,C006,478.895
S00584,C007,315.981
S00584,C008,323.691
S00584,C009,120.429
S00584,C010,36.23
S00584,C011,139.22
S00584,C012,246.031
S00584,C013,327.386
S00584,C014,399.946
S00584,C015,574.472
S00584,C016,700.236
S00584,C017,682.404
S00584,C018,784.783
S00584,C019,793.391
S00584,C020,447.218
S00585,C001,722.254
S00585,C002,616.298
S00585,C003,674.548
S00585,C004,620.346
S00585,C005,659.784
S00585,C006,278.05
S00585,C007,117.906
S00585,C008,128.084
S00585,C009,96.997
S00585,C010,206.931
S00585,C011,294.677
S00585,C012,356.402
S00585,C013,431.101
S00585,C014,467.048
S00585,C015,640.488
S00585,C016,515.139
S00585,C017,524.433
S00585,C018,639.033
S00585,C019,665.092
S00585,C020,354.945
S00586,C001,794.536
S00586,C002,661.873
S00586,C003,646.09
S00586,C004,568.745
S00586,C005,549.023
S00586,C006,588.045
S00586,C007,419.87
S00586,C008,445.835
S00586,C009,257.782
S00586,C010,170.804
S00586,C011,35.747
S00586,C012,136.521
S00586,C013,208.169
S00586,C014,297.502
S00586,C015,460.796
S00586,C016,770.172
S00586,C017,723.374
S00586,C018,810.632
S00586,C019,803.601
S00586,C020,452.556
S00587,C001,624.768
S00587,C002,542.886
S00587,C003,636.912
S00587,C004,601.465
S00587,C005,669.087
S00587,C006,128.034
S00587,C007,58.514
S00587,C008,113.927
S00587,C009,272.363
S00587,C010,381.378
S00587,C011,438.752
S00587,C012,467.394
S00587,C013,527.729
S00587,C014,532.975
S00587,C015,689.016
S00587,C016,341.725
S00587,C017,372.931
S00587,C018,494.784
S00587,C019,536.091
S00587,C020,298.199
S00588,C001,422.385
S00588,C002,428.937
S00588,C003,578.123
S00588,C004,593.022
S00588,C005,701.544
S00588,C006,350.966
S00588,C007,431.192
S00588,C008,479.82
S00588,C009,637.485
S00588,C010,735.311
S00588,C011,739.477
S00588,C012,717.487
S00588,C013,744.806
S00588,C014,700.086
S00588,C015,793.248
S00588,C016,71.565
S00588,C017,98.128
S00588,C018,184.396
S00588,C019,265.665
S00588,C020,367.01
S00589,C001,692.196
S00589,C002,556.998
S00589,C003,526.55
S00589,C004,447.391
S00589,C005,422.323
S00589,C006,601.987
S00589,C007,437.778
S00589,C008,482.998
S00589,C009,330.712
S00589,C010,275.917
S00589,C011,108.501
S00589,C012,13.178
S00589,C013,85.466
S00589,C014,170.505
S00589,C015,336.703
S00589,C016,736.491
S00589,C017,665.429
S00589,C018,738.494
S00589,C019,720.195
S00589,C020,378.607
S00590,C001,741.412
S00590,C002,609.012
S00590,C003,596.493
S00590,C004,520.179
S00590,C005,506.248
S00590,C006,556.608
S00590,C007,388.651
S00590,C008,422.495
S00590,C009,250.036
S00590,C010,184.918
S00590,C011,20.259
S00590,C012,97.34
S00590,C013,176.864
S00590,C014,257.762
S00590,C015,427.622
S00590,C016,725.278
S00590,C017,673.454
S00590,C018,758.801
S00590,C019,750.695
S00590,C020,399.986
S00591,C001,705.214
S00591,C002,570.275
S00591,C003,541.907
S00591,C004,462.981
S00591,C005,438.636
S00591,C006,599.2
S00591,C007,433.925
S00591,C008,476.955
S00591,C009,319.819
S00591,C010,261.552
S00591,C011,92.981
S00591,C012,27.387
S00591,C013,100.473
S00591,C014,186.83
S00591,C015,352.418
S00591,C016,740.178
S00591,C017,672.273
S00591,C018,747.375
S00591,C019,730.606
S00591,C020,387.005
S00592,C001,691.155
S00592,C002,600.608
S00592,C003,682.149
S00592,C004,638.978
S00592,C005,695.594
S00592,C006,167.917
S00592,C007,31.555
S00592,C008,47.385
S00592,C009,202.278
S00592,C010,316.041
S00592,C011,397.451
S00592,C012,444.424
S00592,C013,512.777
S00592,C014,532.826
S00592,C015,698.505
S00592,C016,419.543
S00592,C017,452.066
S00592,C018,572.996
S00592,C019,611.085
S00592,C020,345.409
S00593,C001,175.415
S00593,C002,201.314
S00593,C003,354.029
S00593,C004,389.662
S00593,C005,504.948
S00593,C006,521.648
S00593,C007,527.458
S00593,C008,597.657
S00593,C009,692.053
S00593,C010,762.66
S00593,C011,710.065
S00593,C012,650.814
S00593,C013,650.768
S00593,C014,579.55
S00593,C015,624.02
S00593,C016,315.318
S00593,C017,157.81
S00593,C018,99.319
S00593,C019,58.591
S00593,C020,293.46
S00594,C001,429.831
S00594,C002,418.823
S00594,C003,563.465
S00594,C004,571.074
S00594,C005,676.146
S00594,C006,304.166
S00594,C007,376.823
S00594,C008,427.018
S00594,C009,582.639
S00594,C010,680.636
S00594,C011,687.427
S00594,C012,668.909
S00594,C013,699.264
S00594,C014,658.782
S00594,C015,760.116
S00594,C016,71.153
S00594,C017,97.133
S00594,C018,211.03
S00594,C019,283.705
S00594,C020,325.822
S00595,C001,298.99
S00595,C002,338.009
S00595,C003,490.939
S00595,C004,522.652
S00595,C005,636.998
S00595,C006,475.103
S00595,C007,524.689
S00595,C008,584.437
S00595,C009,715.76
S00595,C010,801.769
S00595,C011,776.767
S00595,C012,734.133
S00595,C013,746.314
S00595,C014,685.359
S00595,C015,748.653
S00595,C016,212.119
S00595,C017,99.833
S00595,C018,46.854
S00595,C019,133.741
S00595,C020,368.233
S00596,C001,432.517
S00596,C002,403.259
S00596,C003,541.307
S00596,C004,541.34
S00596,C005,642.271
S00596,C006,267.983
S00596,C007,323.73
S00596,C008,377.948
S00596,C009,526.944
S00596,C010,623.771
S00596,C011,630.385
S00596,C012,613.941
S00596,C013,646.574
S00596,C014,609.769
S00596,C015,718.375
S00596,C016,114.135
S00596,C017,115.18
S00596,C018,239.561
S00596,C019,300.887
S00596,C020,278.674
S00597,C001,786.853
S00597,C002,655.975
S00597,C003,649.191
S00597,C004,573.725
S00597,C005,561.637
S00597,C006,552.083
S00597,C007,384.134
S00597,C008,408.091
S00597,C009,219.305
S00597,C010,136.702
S00597,C011,36.672
S00597,C012,152.141
S00597,C013,229.932
S00597,C014,313.099
S00597,C015,481.854
S00597,C016,741.334
S00597,C017,700.493
S00597,C018,791.486
S00597,C019,788.209
S00597,C020,436.467
S00598,C001,611.798
S00598,C002,553.106
S00598,C003,668.342
S00598,C004,646.087
S00598,C005,727.6
S00598,C006,69.471
S00598,C007,171.451
S00598,C008,196.887
S00598,C009,384.565
S00598,C010,495.918
S00598,C011,552.703
S00598,C012,573.654
S00598,C013,628.453
S00598,C014,622.41
S00598,C015,766.908
S00598,C016,243.915
S00598,C017,315.391
S00598,C018,440.055
S00598,C019,496.874
S00598,C020,341.886
S00599,C001,237.713
S00599,C002,122.478
S00599,C003,50.298
S00599,C004,73.986
S00599,C005,187.787
S00599,C006,680.727
S00599,C007,601.788
S00599,C008,679.622
S00599,C009,676.114
S00599,C010,698.905
S00599,C011,580.715
S00599,C012,482.359
S00599,C013,444.506
S00599,C014,349.745
S00599,C015,325.053
S00599,C016,590.536
S00599,C017,439.195
S00599,C018,421.278
S00599,C019,353.202
S00599,C020,288.644
S00600,C001,430.82
S00600,C002,315.027
S00600,C003,375.461
S00600,C004,331.296
S00600,C005,397.067
S00600,C006,385.307
S00600,C007,278.409
S00600,C008,355.434
S00600,C009,365.804
S00600,C010,416.805
S00600,C011,357.938
S00600,C012,314.038
S00600,C013,338.071
S00600,C014,302.682
S00600,C015,432.402
S00600,C016,423.517
S00600,C017,339.184
S00600,C018,417.381
S00600,C019,412.093
S00600,C020,61.046
S00601,C001,782.355
S00601,C002,722.215
S00601,C003,831.977
S00601,C004,803.611
S00601,C005,876.661
S00601,C006,102.628
S00601,C007,229.812
S00601,C008,188.511
S00601,C009,391.718
S00601,C010,507.252
S00601,C011,610.519
S00601,C012,659.912
S00601,C013,726.775
S00601,C014,739.935
S00601,C015,898.532
S00601,C016,372.937
S00601,C017,477.302
S00601,C018,600.364
S00601,C019,662.94
S00601,C020,497.671
S00602,C001,781.398
S00602,C002,650.916
S00602,C003,646.039
S00602,C004,571.037
S00602,C005,560.762
S00602,C006,543.01
S00602,C007,375.046
S00602,C008,399.282
S00602,C009,211.555
S00602,C010,132.146
S00602,C011,38.758
S00602,C012,153.014
S00602,C013,231.918
S00602,C014,313.262
S00602,C015,483.223
S00602,C016,732.567
S00602,C017,692.458
S00602,C018,783.996
S00602,C019,781.338
S00602,C020,429.601
S00603,C001,730.423
S00603,C002,621.197
S00603,C003,673.477
S00603,C004,616.747
S00603,C005,651.637
S00603,C006,305.112
S00603,C007,143.731
S00603,C008,154.185
S00603,C009,74.49
S00603,C010,180.743
S00603,C011,269.47
S00603,C012,335.425
S00603,C013,411.606
S00603,C014,451.836
S00603,C015,626.632
S00603,C016,538.616
S00603,C017,542.823
S00603,C018,655.617
S00603,C019,678.832
S00603,C020,360.55
S00604,C001,817.676
S00604,C002,707.058
S00604,C003,753.818
S00604,C004,693.86
S00604,C005,720.796
S00604,C006,353.193
S00604,C007,210.746
S00604,C008,189.591
S00604,C009,39.839
S00604,C010,141.741
S00604,C011,281.576
S00604,C012,370.535
S00604,C013,451.134
S00604,C014,505.453
S00604,C015,682.394
S00604,C016,610.857
S00604,C017,625.832
S00604,C018,740.597
S00604,C019,765.716
S00604,C020,447.112
S00605,C001,804.883
S00605,C002,687.454
S00605,C003,720.664
S00605,C004,656.06
S00605,C005,673.612
S00605,C006,404.401
S00605,C007,247.696
S00605,C008,245.034
S00605,C009,38.117
S00605,C010,78.584
S00605,C011,211.73
S00605,C012,305.818
S00605,C013,387.246
S00605,C014,448.095
S00605,C015,625.042
S00605,C016,642.824
S00605,C017,640.877
S00605,C018,750.08
S00605,C019,767.291
S00605,C020,432.943
S00606,C001,515.589
S00606,C002,513.371
S00606,C003,659.129
S00606,C004,666.955
S00606,C005,771.419
S00606,C006,292.593
S00606,C007,404.502
S00606,C008,439.848
S00606,C009,617.754
S00606,C010,723.264
S00606,C011,749.267
S00606,C012,741.759
S00606,C013,778.185
S00606,C014,743.988
S00606,C015,852.153
S00606,C016,25.572
S00606,C017,185.023
S00606,C018,278.705
S00606,C019,360.335
S00606,C020,413.319
S00607,C001,284.153
S00607,C002,303.803
S00607,C003,456.308
S00607,C004,482.545
S00607,C005,595.751
S00607,C006,446.319
S00607,C007,483.482
S00607,C008,546.145
S00607,C009,669.996
S00607,C010,753.811
S00607,C011,726.085
S00607,C012,683.001
S00607,C013,695.589
S00607,C014,635.687
S00607,C015,703.252
S00607,C016,208.134
S00607,C017,63.197
S00607,C018,62.141
S00607,C019,129.296
S00607,C020,317.117
S00608,C001,379.992
S00608,C002,383.96
S00608,C003,533.254
S00608,C004,549.055
S00608,C005,658.257
S00608,C006,364.966
S00608,C007,427.859
S00608,C008,482.283
S00608,C009,628.487
S00608,C010,722.099
S00608,C011,716.627
S00608,C012,688.831
S00608,C013,712.563
S00608,C014,664.232
S00608,C015,752.523
S00608,C016,110.737
S00608,C017,53.263
S00608,C018,150.449
S00608,C019,226.954
S00608,C020,332.321
S00609,C001,700.79
S00609,C002,627.246
S00609,C003,727.066
S00609,C004,693.574
S00609,C005,762.005
S00609,C006,69.089
S00609,C007,112.26
S00609,C008,95.014
S00609,C009,299.996
S00609,C010,415.64
S00609,C011,501.25
S00609,C012,543.737
S00609,C013,608.884
S00609,C014,620.681
S00609,C015,779.85
S00609,C016,355.875
S00609,C017,422.572
S00609,C018,547.201
S00609,C019,598.424
S00609,C020,389.114
S00610,C001,400.482
S00610,C002,365.253
S00610,C003,501.943
S00610,C004,501.51
S00610,C005,602.651
S00610,C006,288.381
S00610,C007,323.362
S00610,C008,383.581
S00610,C009,519.13
S00610,C010,611.391
S00610,C011,608.133
S00610,C012,585.93
S00610,C013,615.299
S00610,C014,575.188
S00610,C015,680.315
S00610,C016,149.735
S00610,C017,101.991
S00610,C018,225.177
S00610,C019,277.599
S00610,C020,242.681
S00611,C001,248.503
S00611,C002,132.15
S00611,C003,51.287
S00611,C004,63.337
S00611,C005,177.605
S00611,C006,682.117
S00611,C007,600.68
S00611,C008,678.405
S00611,C009,671.704
S00611,C010,692.919
S00611,C011,573.113
S00611,C012,473.932
S00611,C013,435.123
S00611,C014,340.021
S00611,C015,314.285
S00611,C016,596.46
S00611,C017,446.001
S00611,C018,430.173
S00611,C019,362.869
S00611,C020,288.378
S00612,C001,388.567
S00612,C002,265.494
S00612,C003,316.005
S00612,C004,271.339
S00612,C005,340.66
S00612,C006,440.66
S00612,C007,338.485
S00612,C008,415.53
S00612,C009,417.009
S00612,C010,458.261
S00612,C011,379.665
S00612,C012,318.117
S00612,C013,327.344
S00612,C014,275.718
S00612,C015,387.514
S00612,C016,449.96
S00612,C017,346.442
S00612,C018,408.162
S00612,C019,390.549
S00612,C020,57.842
S00613,C001,455.357
S00613,C002,343.95
S00613,C003,210.268
S00613,C004,150.099
S00613,C005,34.521
S00613,C006,804.28
S00613,C007,686.717
S00613,C008,759.201
S00613,C009,692.495
S00613,C010,677.698
S00613,C011,523.973
S00613,C012,409.275
S00613,C013,341.541
S00613,C014,247.832
S00613,C015,123.575
S00613,C016,778.131
S00613,C017,638.456
S00613,C018,638.15
S00613,C019,574.298
S00613,C020,412.283
S00614,C001,384.512
S00614,C002,267.795
S00614,C003,145.379
S00614,C004,74.047
S00614,C005,45.088
S00614,C006,741.535
S00614,C007,633.039
S00614,C008,707.679
S00614,C009,659.515
S00614,C010,657.387
S00614,C011,514.587
S00614,C012,403.856
S00614,C013,347.109
S00614,C014,248.686
S00614,C015,179.263
S00614,C016,702.282
S00614,C017,560.945
S00614,C018,560.205
S00614,C019,497.432
S00614,C020,344.932
S00615,C001,633.138
S00615,C002,585.851
S00615,C003,708.504
S00615,C004,691.292
S00615,C005,777.056
S00615,C006,81.903
S00615,C007,227.243
S00615,C008,240.486
S00615,C009,437.439
S00615,C010,550.576
S00615,C011,612.57
S00615,C012,634.212
S00615,C013,688.515
S00615,C014,680.589
S00615,C015,822.015
S00615,C016,218.238
S00615,C017,319.175
S00615,C018,441.431
S00615,C019,506.243
S00615,C020,390.553
S00616,C001,106.203
S00616,C002,48.37
S00616,C003,199.107
S00616,C004,242.327
S00616,C005,357.777
S00616,C006,603.181
S00616,C007,565.734
S00616,C008,642.315
S00616,C009,691.062
S00616,C010,740.349
S00616,C011,655.027
S00616,C012,575.686
S00616,C013,558.171
S00616,C014,474.167
S00616,C015,487.637
S00616,C016,451.798
S00616,C017,293.087
S00616,C018,253.489
S00616,C019,182.41
S00616,C020,268.469
S00617,C001,754.005
S00617,C002,638.358
S00617,C003,677.222
S00617,C004,615.159
S00617,C005,639.331
S00617,C006,365.954
S00617,C007,203.327
S00617,C008,213.281
S00617,C009,45.078
S00617,C010,122.559
S00617,C011,215.657
S00617,C012,293.69
S00617,C013,373.078
S00617,C014,424.035
S00617,C015,600.836
S00617,C016,593.395
S00617,C017,588.016
S00617,C018,696.85
S00617,C019,714.236
S00617,C020,381.934
S00618,C001,832.631
S00618,C002,708.62
S00618,C003,724.337
S00618,C004,654.099
S00618,C005,657.223
S00618,C006,485.078
S00618,C007,324.214
S00618,C008,327.575
S00618,C009,121.334
S00618,C010,18.297
S00618,C011,152.777
S00618,C012,262.095
S00618,C013,343.113
S00618,C014,417.323
S00618,C015,591.314
S00618,C016,712.036
S00618,C017,697.275
S00618,C018,800.718
S00618,C019,810.363
S00618,C020,465.012
S00619,C001,77.065
S00619,C002,139.238
S00619,C003,281.756
S00619,C004,332.681
S00619,C005,447.551
S00619,C006,608.141
S00619,C007,596.066
S00619,C008,669.743
S00619,C009,742.522
S00619,C010,801.855
S00619,C011,729.358
S00619,C012,656.606
S00619,C013,644.209
S00619,C014,562.988
S00619,C015,579.593
S00619,C016,413.911
S00619,C017,255.948
S00619,C018,182.732
S00619,C019,100.028
S00619,C020,324.489
S00620,C001,539.568
S00620,C002,416.853
S00620,C003,302.014
S00620,C004,228.286
S00620,C005,130.39
S00620,C006,794.188
S00620,C007,660.695
S00620,C008,728.246
S00620,C009,635.272
S00620,C010,605.763
S00620,C011,443.588
S00620,C012,328.186
S00620,C013,252.893
S00620,C014,170.667
S00620,C015,23.751
S00620,C016,807.599
S00620,C017,679.922
S00620,C018,697.164
S00620,C019,641.809
S00620,C020,422.25
S00621,C001,479.475
S00621,C002,454.398
S00621,C003,592.815
S00621,C004,592.215
S00621,C005,692.171
S00621,C006,240.984
S00621,C007,323.193
S00621,C008,368.558
S00621,C009,533.222
S00621,C010,635.301
S00621,C011,654.809
S00621,C012,646.121
S00621,C013,683.133
S00621,C014,651.121
S00621,C015,765.045
S00621,C016,81.726
S00621,C017,152.526
S00621,C018,272.333
S00621,C019,340.989
S00621,C020,323.197
S00622,C001,254.786
S00622,C002,129.652
S00622,C003,76.928
S00622,C004,66.77
S00622,C005,182.033
S00622,C006,658.406
S00622,C007,575.337
S00622,C008,653.016
S00622,C009,646.4
S00622,C010,668.709
S00622,C011,551.056
S00622,C012,453.586
S00622,C013,417.597
S00622,C014,323.949
S00622,C015,311.129
S00622,C016,579.576
S00622,C017,431.353
S00622,C018,422.116
S00622,C019,358.459
S00622,C020,263.539
S00623,C001,568.152
S00623,C002,434.046
S00623,C003,360.476
S00623,C004,278.447
S00623,C005,226.667
S00623,C006,692.041
S00623,C007,547.123
S00623,C008,609.992
S00623,C009,503.06
S00623,C010,470.638
S00623,C011,309.402
S00623,C012,193.885
S00623,C013,123.165
S00623,C014,36.953
S00623,C015,140.419
S00623,C016,747.038
S00623,C017,637.969
S00623,C018,678.94
S00623,C019,638.309
S00623,C020,355.073
S00624,C001,653.088
S00624,C002,517.817
S00624,C003,450.657
S00624,C004,368.61
S00624,C005,313.676
S00624,C006,703.953
S00624,C007,548.139
S00624,C008,603.002
S00624,C009,468.77
S00624,C010,417.882
S00624,C011,248.774
S00624,C012,139.213
S00624,C013,57.592
S00624,C014,83.484
S00624,C015,202.346
S00624,C016,792.679
S00624,C017,696.193
S00624,C018,747.928
S00624,C019,713.471
S00624,C020,406.337
S00625,C001,657.147
S00625,C002,521.981
S00625,C003,453.56
S00625,C004,371.521
S00625,C005,315.014
S00625,C006,709.468
S00625,C007,553.475
S00625,C008,608.117
S00625,C009,472.919
S00625,C010,421.003
S00625,C011,251.577
S00625,C012,142.959
S00625,C013,61.625
S00625,C014,87.969
S00625,C015,201.42
S00625,C016,798.353
S00625,C017,701.671
S00625,C018,753.084
S00625,C019,718.329
S00625,C020,411.893
S00626,C001,234.444
S00626,C002,270.56
S00626,C003,423.369
S00626,C004,457.319
S00626,C005,572.228
S00626,C006,497.212
S00626,C007,525.025
S00626,C008,590.468
S00626,C009,704.172
S00626,C010,782.941
S00626,C011,744.325
S00626,C012,693.456
S00626,C013,699.726
S00626,C014,633.634
S00626,C015,687.763
S00626,C016,261.569
S00626,C017,115.53
S00626,C018,33.62
S00626,C019,75.05
S00626,C020,329.034
S00627,C001,538.336
S00627,C002,402.787
S00627,C003,344.757
S00627,C004,263.405
S00627,C005,232.911
S00627,C006,644.171
S00627,C007,501.563
S00627,C008,566.127
S00627,C009,469.254
S00627,C010,446.337
S00627,C011,293.011
S00627,C012,179.883
S00627,C013,125.841
S00627,C014,31.894
S00627,C015,177.053
S00627,C016,698.428
S00627,C017,591.642
S00627,C018,636.536
S00627,C019,599.31
S00627,C020,306.773
S00628,C001,305.921
S00628,C002,310.453
S00628,C003,461.115
S00628,C004,481.235
S00628,C005,592.566
S00628,C006,410.724
S00628,C007,447.234
S00628,C008,509.589
S00628,C009,635.325
S00628,C010,720.708
S00628,C011,697.485
S00628,C012,658.305
S00628,C013,674.268
S00628,C014,618.129
S00628,C015,694.014
S00628,C016,185.095
S00628,C017,28.785
S00628,C018,98.714
S00628,C019,159.682
S00628,C020,293.567
S00629,C001,675.702
S00629,C002,543.836
S00629,C003,536.859
S00629,C004,462.435
S00629,C005,457.8
S00629,C006,520.509
S00629,C007,355.145
S00629,C008,399.341
S00629,C009,253.807
S00629,C010,218.139
S00629,C011,84.993
S00629,C012,79.838
S00629,C013,157.927
S00629,C014,218.634
S00629,C015,394.67
S00629,C016,669.861
S00629,C017,611.333
S00629,C018,694.127
S00629,C019,684.741
S00629,C020,334.536
S00630,C001,291.186
S00630,C002,325.195
S00630,C003,478.155
S00630,C004,508.574
S00630,C005,622.69
S00630,C006,467.882
S00630,C007,513.279
S00630,C008,574.079
S00630,C009,702.703
S00630,C010,787.829
S00630,C011,761.496
S00630,C012,718.367
S00630,C013,730.389
S00630,C014,669.467
S00630,C015,733.465
S00630,C016,212.061
S00630,C017,88.59
S00630,C018,43.901
S00630,C019,127.798
S00630,C020,352.44
S00631,C001,497.37
S00631,C002,480.477
S00631,C003,621.697
S00631,C004,623.858
S00631,C005,725.284
S00631,C006,251.808
S00631,C007,349.424
S00631,C008,389.709
S00631,C009,561.494
S00631,C010,665.539
S00631,C011,689.283
S00631,C012,682.186
S00631,C013,719.645
S00631,C014,687.6
S00631,C015,800.37
S00631,C016,50.695
S00631,C017,165.23
S00631,C018,277.423
S00631,C019,351.815
S00631,C020,359.082
S00632,C001,797.654
S00632,C002,663.455
S00632,C003,637.957
S00632,C004,558.929
S00632,C005,531.095
S00632,C006,624.519
S00632,C007,456.274
S00632,C008,485.123
S00632,C009,299.481
S00632,C010,211.662
S00632,C011,64.08
S00632,C012,123.439
S00632,C013,183.921
S00632,C014,278.5
S00632,C015,434.31
S00632,C016,797.376
S00632,C017,743.691
S00632,C018,826.495
S00632,C019,815.247
S00632,C020,466.407
S00633,C001,901.344
S00633,C002,766.616
S00633,C003,734.259
S00633,C004,653.909
S00633,C005,615.872
S00633,C006,702.82
S00633,C007,535.624
S00633,C008,553.466
S00633,C009,352.671
S00633,C010,243.882
S00633,C011,158.646
S00633,C012,223.125
S00633,C013,267.538
S00633,C014,365.926
S00633,C015,504.247
S00633,C016,893.688
S00633,C017,846.178
S00633,C018,931.009
S00633,C019,920.489
S00633,C020,571.287
S00634,C001,274.367
S00634,C002,159.268
S00634,C003,53.542
S00634,C004,37.06
S00634,C005,150.451
S00634,C006,695.899
S00634,C007,608.864
S00634,C008,686.236
S00634,C009,671.305
S00634,C010,687.971
S00634,C011,563.206
S00634,C012,461.301
S00634,C013,418.845
S00634,C014,322.44
S00634,C015,288.389
S00634,C016,619.0
S00634,C017,470.001
S00634,C018,456.732
S00634,C019,389.958
S00634,C020,299.332
S00635,C001,679.496
S00635,C002,543.713
S00635,C003,505.956
S00635,C004,425.843
S00635,C005,395.582
S00635,C006,621.638
S00635,C007,459.238
S00635,C008,507.275
S00635,C009,360.24
S00635,C010,307.141
S00635,C011,139.317
S00635,C012,29.733
S00635,C013,54.27
S00635,C014,143.024
S00635,C015,306.122
S00635,C016,745.097
S00635,C017,667.857
S00635,C018,736.348
S00635,C019,714.438
S00635,C020,378.463
S00636,C001,40.855
S00636,C002,121.083
S00636,C003,210.534
S00636,C004,279.768
S00636,C005,387.085
S00636,C006,701.14
S00636,C007,670.692
S00636,C008,746.917
S00636,C009,795.953
S00636,C010,842.326
S00636,C011,749.565
S00636,C012,663.701
S00636,C013,637.842
S00636,C014,547.783
S00636,C015,530.783
S00636,C016,523.024
S00636,C017,364.153
S00636,C018,290.931
S00636,C019,205.064
S00636,C020,373.668
S00637,C001,443.169
S00637,C002,322.758
S00637,C003,371.876
S00637,C004,322.555
S00637,C005,381.622
S00637,C006,404.141
S00637,C007,288.511
S00637,C008,364.269
S00637,C009,358.895
S00637,C010,402.926
S00637,C011,335.557
S00637,C012,287.722
S00637,C013,310.652
S00637,C014,276.217
S00637,C015,409.878
S00637,C016,450.846
S00637,C017,365.712
S00637,C018,441.309
S00637,C019,432.799
S00637,C020,81.373
S00638,C001,611.259
S00638,C002,475.142
S00638,C003,429.284
S00638,C004,348.634
S00638,C005,318.187
S00638,C006,627.236
S00638,C007,472.83
S00638,C008,529.786
S00638,C009,407.359
S00638,C010,370.544
S00638,C011,210.039
S00638,C012,94.905
S00638,C013,47.328
S00638,C014,66.659
S00638,C015,239.403
S00638,C016,718.87
S00638,C017,627.71
S00638,C018,686.115
S00638,C019,657.418
S00638,C020,336.608
S00639,C001,73.33
S00639,C002,63.445
S00639,C003,194.772
S00639,C004,249.462
S00639,C005,363.126
S00639,C006,639.237
S00639,C007,604.049
S00639,C008,680.542
S00639,C009,728.809
S00639,C010,776.663
S00639,C011,687.994
S00639,C012,605.783
S00639,C013,584.723
S00639,C014,498.014
S00639,C015,499.214
S00639,C016,477.728
S00639,C017,318.223
S00639,C018,264.787
S00639,C019,186.106
S00639,C020,306.362
S00640,C001,208.955
S00640,C002,129.355
S00640,C003,39.551
S00640,C004,118.99
S00640,C005,216.5
S00640,C006,729.242
S00640,C007,658.792
S00640,C008,736.814
S00640,C009,739.814
S00640,C010,763.859
S00640,C011,645.085
S00640,C012,545.4
S00640,C013,504.576
S00640,C014,408.309
S00640,C015,363.62
S00640,C016,616.427
S00640,C017,460.235
S00640,C018,424.479
S00640,C019,348.228
S00640,C020,344.41
S00641,C001,624.373
S00641,C002,489.874
S00641,C003,469.209
S00641,C004,392.469
S00641,C005,381.975
S00641,C006,555.497
S00641,C007,396.52
S00641,C008,450.034
S00641,C009,324.544
S00641,C010,294.764
S00641,C011,147.984
S00641,C012,58.148
S00641,C013,100.562
S00641,C014,142.897
S00641,C015,319.719
S00641,C016,671.917
S00641,C017,596.032
S00641,C018,667.566
S00641,C019,649.237
S00641,C020,308.018
S00642,C001,627.707
S00642,C002,564.238
S00642,C003,675.233
S00642,C004,649.851
S00642,C005,728.111
S00642,C006,55.642
S00642,C007,147.999
S00642,C008,170.138
S00642,C009,359.848
S00642,C010,472.039
S00642,C011,533.743
S00642,C012,558.938
S00642,C013,616.058
S00642,C014,613.932
S00642,C015,762.193
S00642,C016,270.635
S00642,C017,337.774
S00642,C018,462.53
S00642,C019,517.085
S00642,C020,344.275
S00643,C001,160.295
S00643,C002,80.315
S00643,C003,86.935
S00643,C004,153.36
S00643,C005,261.205
S00643,C006,694.161
S00643,C007,633.777
S00643,C008,711.766
S00643,C009,729.039
S00643,C010,761.063
S00643,C011,651.919
S00643,C012,557.743
S00643,C013,523.882
S00643,C014,430.379
S00643,C015,404.174
S00643,C016,567.889
S00643,C017,410.486
S00643,C018,371.256
S00643,C019,294.839
S00643,C020,320.467
S00644,C001,695.955
S00644,C002,560.829
S00644,C003,490.743
S00644,C004,408.763
S00644,C005,347.778
S00644,C006,731.562
S00644,C007,572.515
S00644,C008,623.773
S00644,C009,478.035
S00644,C010,417.283
S00644,C011,246.701
S00644,C012,148.329
S00644,C013,75.798
S00644,C014,126.746
S00644,C015,224.982
S00644,C016,830.535
S00644,C017,737.036
S00644,C018,790.481
S00644,C019,756.634
S00644,C020,446.516
S00645,C001,224.667
S00645,C002,100.716
S00645,C003,76.347
S00645,C004,93.471
S00645,C005,209.066
S00645,C006,654.61
S00645,C007,578.807
S00645,C008,656.765
S00645,C009,659.329
S00645,C010,686.083
S00645,C011,573.063
S00645,C012,477.989
S00645,C013,444.584
S00645,C014,351.972
S00645,C015,340.892
S00645,C016,562.636
S00645,C017,411.707
S00645,C018,396.585
S00645,C019,330.752
S00645,C020,264.808
S00646,C001,738.11
S00646,C002,605.504
S00646,C003,592.001
S00646,C004,515.514
S00646,C005,501.012
S00646,C006,558.993
S00646,C007,391.154
S00646,C008,425.82
S00646,C009,254.723
S00646,C010,190.463
S00646,C011,25.042
S00646,C012,91.784
S00646,C013,171.274
S00646,C014,252.322
S00646,C015,422.047
S00646,C016,725.564
S00646,C017,672.536
S00646,C018,757.186
S00646,C019,748.475
S00646,C020,398.038
S00647,C001,404.659
S00647,C002,304.578
S00647,C003,158.718
S00647,C004,120.464
S00647,C005,51.175
S00647,C006,813.828
S00647,C007,707.176
S00647,C008,781.895
S00647,C009,731.165
S00647,C010,724.792
S00647,C011,576.778
S00647,C012,463.602
S00647,C013,400.234
S00647,C014,303.768
S00647,C015,190.493
S00647,C016,762.62
S00647,C017,616.407
S00647,C018,603.959
S00647,C019,534.747
S00647,C020,416.003
S00648,C001,430.624
S00648,C002,398.519
S00648,C003,535.425
S00648,C004,534.385
S00648,C005,634.715
S00648,C006,265.535
S00648,C007,316.806
S00648,C008,372.162
S00648,C009,519.015
S00648,C010,615.293
S00648,C011,621.04
S00648,C012,604.404
S00648,C013,637.087
S00648,C014,600.529
S00648,C015,709.843
S00648,C016,123.473
S00648,C017,117.859
S00648,C018,242.582
S00648,C019,301.727
S00648,C020,269.703
S00649,C001,352.634
S00649,C002,347.671
S00649,C003,495.632
S00649,C004,509.651
S00649,C005,618.375
S00649,C006,365.195
S00649,C007,412.039
S00649,C008,471.009
S00649,C009,606.926
S00649,C010,697.013
S00649,C011,684.705
S00649,C012,653.337
S00649,C013,675.109
S00649,C014,625.183
S00649,C015,712.228
S00649,C016,141.158
S00649,C017,19.974
S00649,C018,142.306
S00649,C019,208.252
S00649,C020,294.145
S00650,C001,781.412
S00650,C002,649.768
S00650,C003,639.632
S00650,C004,563.495
S00650,C005,549.04
S00650,C006,562.252
S00650,C007,394.088
S00650,C008,420.243
S00650,C009,234.055
S00650,C010,152.996
S00650,C011,23.25
S00650,C012,138.126
S00650,C013,214.839
S00650,C014,299.512
S00650,C015,467.107
S00650,C016,746.326
S00650,C017,702.088
S00650,C018,791.193
S00650,C019,786.124
S00650,C020,434.554
S00651,C001,718.169
S00651,C002,618.455
S00651,C003,686.623
S00651,C004,636.734
S00651,C005,683.154
S00651,C006,232.73
S00651,C007,80.424
S00651,C008,81.997
S00651,C009,136.598
S00651,C010,250.447
S00651,C011,340.664
S00651,C012,398.176
S00651,C013,470.936
S00651,C014,501.272
S00651,C015,672.326
S00651,C016,480.501
S00651,C017,501.244
S00651,C018,619.134
S00651,C019,650.745
S00651,C020,357.888
S00652,C001,450.569
S00652,C002,343.637
S00652,C003,204.367
S00652,C004,151.511
S00652,C005,39.71
S00652,C006,819.583
S00652,C007,704.343
S00652,C008,777.316
S00652,C009,713.222
S00652,C010,699.303
S00652,C011,545.847
S00652,C012,431.164
S00652,C013,363.302
S00652,C014,269.723
S00652,C015,140.455
S00652,C016,786.658
S00652,C017,644.8
S00652,C018,640.313
S00652,C019,574.364
S00652,C020,425.669
S00653,C001,693.48
S00653,C002,639.333
S00653,C003,755.744
S00653,C004,733.038
S00653,C005,812.975
S00653,C006,41.718
S00653,C007,209.96
S00653,C008,201.7
S00653,C009,407.302
S00653,C010,522.841
S00653,C011,602.239
S00653,C012,635.926
S00653,C013,696.09
S00653,C014,697.532
S00653,C015,847.363
S00653,C016,283.443
S00653,C017,384.689
S00653,C018,507.593
S00653,C019,570.839
S00653,C020,428.179
S00654,C001,362.256
S00654,C002,248.347
S00654,C003,121.46
S00654,C004,54.627
S00654,C005,61.098
S00654,C006,741.178
S00654,C007,637.27
S00654,C008,712.671
S00654,C009,671.191
S00654,C010,672.574
S00654,C011,532.615
S00654,C012,423.039
S00654,C013,368.35
S00654,C014,269.826
S00654,C015,202.755
S00654,C016,692.248
S00654,C017,548.445
S00654,C018,543.378
S00654,C019,478.726
S00654,C020,343.036
S00655,C001,476.823
S00655,C002,391.931
S00655,C003,239.712
S00655,C004,218.578
S00655,C005,134.717
S00655,C006,912.916
S00655,C007,802.878
S00655,C008,876.673
S00655,C009,815.103
S00655,C010,799.607
S00655,C011,643.624
S00655,C012,528.346
S00655,C013,457.05
S00655,C014,366.959
S00655,C015,214.142
S00655,C016,860.212
S00655,C017,711.84
S00655,C018,692.076
S00655,C019,618.699
S00655,C020,515.627
S00656,C001,681.047
S00656,C002,612.018
S00656,C003,716.624
S00656,C004,686.306
S00656,C005,758.597
S00656,C006,41.78
S00656,C007,127.825
S00656,C008,124.057
S00656,C009,326.161
S00656,C010,441.189
S00656,C011,519.989
S00656,C012,557.074
S00656,C013,619.726
S00656,C014,626.81
S00656,C015,782.423
S00656,C016,325.306
S00656,C017,396.084
S00656,C018,520.832
S00656,C019,574.271
S00656,C020,380.59
S00657,C001,419.274
S00657,C002,286.858
S00657,C003,214.092
S00657,C004,132.758
S00657,C005,130.911
S00657,C006,659.457
S00657,C007,539.779
S00657,C008,612.47
S00657,C009,554.938
S00657,C010,552.248
S00657,C011,412.482
S00657,C012,304.593
S00657,C013,256.529
S00657,C014,159.6
S00657,C015,174.919
S00657,C016,655.67
S00657,C017,528.005
S00657,C018,550.588
S00657,C019,501.098
S00657,C020,274.158
S00658,C001,86.165
S00658,C002,59.389
S00658,C003,165.595
S00658,C004,225.945
S00658,C005,337.602
S00658,C006,663.935
S00658,C007,622.18
S00658,C008,699.266
S00658,C009,739.013
S00658,C010,782.301
S00658,C011,687.115
S00658,C012,600.835
S00658,C013,575.467
S00658,C014,486.146
S00658,C015,477.067
S00658,C016,509.671
S00658,C017,350.303
S00658,C018,297.913
S00658,C019,218.334
S00658,C020,318.318
S00659,C001,681.566
S00659,C002,599.941
S00659,C003,692.139
S00659,C004,654.653
S00659,C005,718.709
S00659,C006,113.371
S00659,C007,59.802
S00659,C008,65.174
S00659,C009,256.02
S00659,C010,370.367
S00659,C011,449.603
S00659,C012,491.229
S00659,C013,556.743
S00659,C014,570.324
S00659,C015,731.495
S00659,C016,374.972
S00659,C017,422.061
S00659,C018,545.332
S00659,C019,589.879
S00659,C020,353.271
S00660,C001,754.41
S00660,C002,670.445
S00660,C003,757.77
S00660,C004,716.593
S00660,C005,774.675
S00660,C006,147.603
S00660,C007,107.014
S00660,C008,35.965
S00660,C009,235.794
S00660,C010,351.693
S00660,C011,456.839
S00660,C012,514.156
S00660,C013,585.387
S00660,C014,609.786
S00660,C015,776.882
S00660,C016,435.623
S00660,C017,493.245
S00660,C018,617.071
S00660,C019,662.969
S00660,C020,419.573
S00661,C001,841.128
S00661,C002,723.855
S00661,C003,756.298
S00661,C004,691.075
S00661,C005,706.468
S00661,C006,422.105
S00661,C007,271.616
S00661,C008,259.611
S00661,C009,57.821
S00661,C010,72.012
S00661,C011,229.477
S00661,C012,330.439
S00661,C013,412.173
S00661,C014,477.291
S00661,C015,653.828
S00661,C016,669.92
S00661,C017,673.037
S00661,C018,783.547
S00661,C019,802.128
S00661,C020,469.136
S00662,C001,557.59
S00662,C002,552.925
S00662,C003,697.367
S00662,C004,702.772
S00662,C005,805.59
S00662,C006,275.357
S00662,C007,401.634
S00662,C008,429.877
S00662,C009,615.793
S00662,C010,724.156
S00662,C011,759.659
S00662,C012,758.29
S00662,C013,798.29
S00662,C014,768.419
S00662,C015,882.077
S00662,C016,66.961
S00662,C017,226.289
S00662,C018,320.621
S00662,C019,402.535
S00662,C020,440.745
S00663,C001,32.567
S00663,C002,168.159
S00663,C003,270.273
S00663,C004,338.652
S00663,C005,446.744
S00663,C006,703.775
S00663,C007,687.543
S00663,C008,762.172
S00663,C009,825.334
S00663,C010,878.005
S00663,C011,793.209
S00663,C012,711.533
S00663,C013,689.49
S00663,C014,601.354
S00663,C015,589.889
S00663,C016,503.056
S00663,C017,347.568
S00663,C018,257.974
S00663,C019,170.956
S00663,C020,403.254
S00664,C001,569.427
S00664,C002,435.851
S00664,C003,358.664
S00664,C004,276.741
S00664,C005,220.841
S00664,C006,702.198
S00664,C007,557.667
S00664,C008,620.666
S00664,C009,513.582
S00664,C010,480.398
S00664,C011,318.432
S00664,C012,202.931
S00664,C013,130.5
S00664,C014,47.629
S00664,C015,130.103
S00664,C016,754.974
S00664,C017,644.589
S00664,C018,683.948
S00664,C019,642.181
S00664,C020,362.876
S00665,C001,81.242
S00665,C002,159.605
S00665,C003,299.971
S00665,C004,352.602
S00665,C005,467.224
S00665,C006,614.356
S00665,C007,607.531
S00665,C008,680.461
S00665,C009,757.689
S00665,C010,818.736
S00665,C011,748.372
S00665,C012,676.59
S00665,C013,664.811
S00665,C014,583.851
S00665,C015,600.067
S00665,C016,410.904
S00665,C017,254.714
S00665,C018,172.308
S00665,C019,86.684
S00665,C020,341.474
S00666,C001,201.428
S00666,C002,111.328
S00666,C003,45.611
S00666,C004,115.748
S00666,C005,220.435
S00666,C006,708.658
S00666,C007,638.933
S00666,C008,716.97
S00666,C009,722.335
S00666,C010,748.242
S00666,C011,632.1
S00666,C012,534.109
S00666,C013,495.76
S00666,C014,400.456
S00666,C015,364.901
S00666,C016,597.256
S00666,C017,441.593
S00666,C018,408.959
S00666,C019,334.376
S00666,C020,324.506
S00667,C001,424.497
S00667,C002,306.073
S00667,C003,361.962
S00667,C004,316.436
S00667,C005,381.306
S00667,C006,401.111
S00667,C007,293.193
S00667,C008,369.973
S00667,C009,374.649
S00667,C010,421.866
S00667,C011,356.556
S00667,C012,307.788
S00667,C013,328.487
S00667,C014,289.888
S00667,C015,417.221
S00667,C016,434.944
S00667,C017,346.153
S00667,C018,420.448
S00667,C019,411.868
S00667,C020,60.366
S00668,C001,217.167
S00668,C002,88.146
S00668,C003,93.364
S00668,C004,108.251
S00668,C005,223.807
S00668,C006,638.328
S00668,C007,564.831
S00668,C008,642.847
S00668,C009,649.626
S00668,C010,679.037
S00668,C011,569.548
S00668,C012,476.753
S00668,C013,446.261
S00668,C014,355.239
S00668,C015,352.329
S00668,C016,544.803
S00668,C017,394.088
S00668,C018,380.736
S00668,C019,316.455
S00668,C020,250.49
S00669,C001,479.242
S00669,C002,369.393
S00669,C003,233.45
S00669,C004,175.764
S00669,C005,60.142
S00669,C006,826.094
S00669,C007,706.015
S00669,C008,777.769
S00669,C009,705.577
S00669,C010,686.865
S00669,C011,530.205
S00669,C012,414.929
S00669,C013,344.226
S00669,C014,253.544
S00669,C015,111.757
S00669,C016,803.626
S00669,C017,664.377
S00669,C018,664.083
S00669,C019,599.88
S00669,C020,435.78
S00670,C001,641.782
S00670,C002,509.177
S00670,C003,500.05
S00670,C004,425.578
S00670,C005,422.376
S00670,C006,522.073
S00670,C007,359.946
S00670,C008,410.032
S00670,C009,279.456
S00670,C010,252.764
S00670,C011,119.53
S00670,C012,73.473
S00670,C013,139.651
S00670,C014,187.683
S00670,C015,364.653
S00670,C016,655.253
S00670,C017,589.29
S00670,C018,667.945
S00670,C019,655.46
S00670,C020,307.392
S00671,C001,90.366
S00671,C002,45.862
S00671,C003,180.318
S00671,C004,232.628
S00671,C005,346.725
S00671,C006,635.32
S00671,C007,595.709
S00671,C008,672.564
S00671,C009,716.618
S00671,C010,762.758
S00671,C011,672.157
S00671,C012,589.051
S00671,C013,567.336
S00671,C014,480.368
S00671,C015,481.945
S00671,C016,481.94
S00671,C017,322.779
S00671,C018,275.542
S00671,C019,199.151
S00671,C020,294.705
S00672,C001,463.417
S00672,C002,364.798
S00672,C003,218.215
S00672,C004,178.29
S00672,C005,77.567
S00672,C006,858.865
S00672,C007,745.11
S00672,C008,818.28
S00672,C009,754.029
S00672,C010,738.661
S00672,C011,583.545
S00672,C012,468.457
S00672,C013,398.517
S00672,C014,306.931
S00672,C015,163.041
S00672,C016,818.949
S00672,C017,674.462
S00672,C018,664.025
S00672,C019,594.977
S00672,C020,463.598
S00673,C001,576.299
S00673,C002,449.291
S00673,C003,344.67
S00673,C004,267.298
S00673,C005,178.995
S00673,C006,782.377
S00673,C007,642.076
S00673,C008,706.703
S00673,C009,601.648
S00673,C010,565.352
S00673,C011,400.185
S00673,C012,285.605
S00673,C013,207.379
S00673,C014,135.894
S00673,C015,45.492
S00673,C016,815.157
S00673,C017,694.318
S00673,C018,720.141
S00673,C019,669.415
S00673,C020,424.881
S00674,C001,486.876
S00674,C002,377.659
S00674,C003,240.902
S00674,C004,184.152
S00674,C005,68.59
S00674,C006,833.795
S00674,C007,713.024
S00674,C008,784.561
S00674,C009,710.753
S00674,C010,690.838
S00674,C011,533.312
S00674,C012,417.924
S00674,C013,346.344
S00674,C014,256.764
S00674,C015,109.723
S00674,C016,812.225
S00674,C017,673.027
S00674,C018,672.585
S00674,C019,608.198
S00674,C020,443.947
S00675,C001,375.096
S00675,C002,273.041
S00675,C003,128.79
S00675,C004,89.924
S00675,C005,58.047
S00675,C006,788.547
S00675,C007,685.639
S00675,C008,761.044
S00675,C009,717.459
S00675,C010,715.838
S00675,C011,572.071
S00675,C012,460.518
S00675,C013,401.118
S00675,C014,303.23
S00675,C015,207.664
S00675,C016,732.053
S00675,C017,585.192
S00675,C018,572.302
S00675,C019,503.35
S00675,C020,390.03
S00676,C001,196.484
S00676,C002,153.788
S00676,C003,83.659
S00676,C004,165.678
S00676,C005,250.991
S00676,C006,768.365
S00676,C007,704.335
S00676,C008,782.387
S00676,C009,790.411
S00676,C010,815.62
S00676,C011,696.818
S00676,C012,596.483
S00676,C013,554.045
S00676,C014,457.099
S00676,C015,400.879
S00676,C016,639.178
S00676,C017,480.743
S00676,C018,431.919
S00676,C019,350.729
S00676,C020,390.061
S00677,C001,657.981
S00677,C002,575.432
S00677,C003,667.467
S00677,C004,630.302
S00677,C005,695.21
S00677,C006,120.97
S00677,C007,47.464
S00677,C008,82.258
S00677,C009,257.089
S00677,C010,369.443
S00677,C011,439.572
S00677,C012,476.214
S00677,C013,539.891
S00677,C014,550.557
S00677,C015,710.115
S00677,C016,363.884
S00677,C017,403.309
S00677,C018,525.871
S00677,C019,568.537
S00677,C020,328.598
S00678,C001,314.137
S00678,C002,327.606
S00678,C003,479.276
S00678,C004,501.833
S00678,C005,613.857
S00678,C006,419.398
S00678,C007,463.722
S00678,C008,524.209
S00678,C009,654.832
S00678,C010,741.755
S00678,C011,720.844
S00678,C012,682.499
S00678,C013,698.692
S00678,C014,642.431
S00678,C015,717.018
S00678,C016,177.365
S00678,C017,38.812
S00678,C018,88.287
S00678,C019,160.198
S00678,C020,317.936
S00679,C001,480.101
S00679,C002,368.82
S00679,C003,234.731
S00679,C004,174.9
S00679,C005,59.429
S00679,C006,820.338
S00679,C007,699.565
S00679,C008,771.157
S00679,C009,698.219
S00679,C010,679.298
S00679,C011,522.615
S00679,C012,407.343
S00679,C013,336.723
S00679,C014,245.952
S00679,C015,105.878
S00679,C016,800.035
S00679,C017,661.527
S00679,C018,662.601
S00679,C019,599.104
S00679,C020,430.771
S00680,C001,394.607
S00680,C002,281.696
S00680,C003,352.17
S00680,C004,314.588
S00680,C005,389.497
S00680,C006,392.505
S00680,C007,299.591
S00680,C008,377.463
S00680,C009,400.611
S00680,C010,454.04
S00680,C011,394.144
S00680,C012,345.64
S00680,C013,364.146
S00680,C014,320.479
S00680,C015,437.94
S00680,C016,403.399
S00680,C017,309.112
S00680,C018,382.311
S00680,C019,374.941
S00680,C020,23.495
S00681,C001,700.989
S00681,C002,636.661
S00681,C003,744.815
S00681,C004,716.429
S00681,C005,790.494
S00681,C006,24.702
S00681,C007,160.602
S00681,C008,146.268
S00681,C009,352.327
S00681,C010,468.063
S00681,C011,552.035
S00681,C012,590.907
S00681,C013,653.932
S00681,C014,661.048
S00681,C015,816.132
S00681,C016,322.495
S00681,C017,406.469
S00681,C018,530.996
S00681,C019,588.338
S00681,C020,410.463
S00682,C001,300.932
S00682,C002,347.634
S00682,C003,500.296
S00682,C004,534.49
S00682,C005,649.264
S00682,C006,491.547
S00682,C007,543.841
S00682,C008,603.007
S00682,C009,735.551
S00682,C010,821.723
S00682,C011,796.401
S00682,C012,753.069
S00682,C013,764.459
S00682,C014,702.517
S00682,C015,763.039
S00682,C016,222.583
S00682,C017,119.242
S00682,C018,48.801
S00682,C019,134.574
S00682,C020,387.112
S00683,C001,863.94
S00683,C002,742.676
S00683,C003,764.916
S00683,C004,696.297
S00683,C005,703.053
S00683,C006,473.512
S00683,C007,319.93
S00683,C008,311.626
S00683,C009,106.345
S00683,C010,31.064
S00683,C011,201.642
S00683,C012,310.965
S00683,C013,392.088
S00683,C014,465.248
S00683,C015,639.777
S00683,C016,715.778
S00683,C017,711.835
S00683,C018,819.344
S00683,C019,833.674
S00683,C020,493.508
S00684,C001,139.477
S00684,C002,14.409
S00684,C003,139.182
S00684,C004,183.238
S00684,C005,298.245
S00684,C006,631.892
S00684,C007,578.964
S00684,C008,656.645
S00684,C009,687.022
S00684,C010,727.27
S00684,C011,629.892
S00684,C012,543.402
S00684,C013,518.857
S00684,C014,430.584
S00684,C015,431.292
S00684,C016,502.21
S00684,C017,345.399
S00684,C018,313.598
S00684,C019,242.813
S00684,C020,269.521
S00685,C001,341.71
S00685,C002,356.656
S00685,C003,508.177
S00685,C004,529.8
S00685,C005,641.361
S00685,C006,407.39
S00685,C007,462.118
S00685,C008,519.593
S00685,C009,658.067
S00685,C010,748.081
S00685,C011,733.515
S00685,C012,699.065
S00685,C013,717.883
S00685,C014,664.113
S00685,C015,742.592
S00685,C016,151.907
S00685,C017,45.906
S00685,C018,105.996
S00685,C019,184.597
S00685,C020,336.503
S00686,C001,634.96
S00686,C002,498.986
S00686,C003,459.148
S00686,C004,379.067
S00686,C005,351.264
S00686,C006,615.434
S00686,C007,457.508
S00686,C008,511.271
S00686,C009,380.231
S00686,C010,339.03
S00686,C011,177.023
S00686,C012,61.722
S00686,C013,40.725
S00686,C014,99.821
S00686,C015,270.582
S00686,C016,720.864
S00686,C017,636.177
S00686,C018,699.731
S00686,C019,674.621
S00686,C020,345.228
S00687,C001,369.14
S00687,C002,245.07
S00687,C003,296.523
S00687,C004,254.171
S00687,C005,327.823
S00687,C006,454.304
S00687,C007,356.605
S00687,C008,433.944
S00687,C009,437.74
S00687,C010,478.308
S00687,C011,396.622
S00687,C012,331.234
S00687,C013,336.103
S00687,C014,279.112
S00687,C015,381.985
S00687,C016,450.832
S00687,C017,341.099
S00687,C018,397.197
S00687,C019,376.058
S00687,C020,61.17
S00688,C001,192.379
S00688,C002,56.449
S00688,C003,131.732
S00688,C004,150.518
S00688,C005,265.633
S00688,C006,606.728
S00688,C007,541.954
S00688,C008,619.97
S00688,C009,639.692
S00688,C010,676.305
S00688,C011,576.14
S00688,C012,489.154
S00688,C013,465.276
S00688,C014,378.128
S00688,C015,389.676
S00688,C016,502.957
S00688,C017,351.272
S00688,C018,338.399
S00688,C019,276.437
S00688,C020,228.465
S00689,C001,25.199
S00689,C002,161.238
S00689,C003,268.681
S00689,C004,335.403
S00689,C005,444.585
S00689,C006,692.807
S00689,C007,676.697
S00689,C008,751.274
S00689,C009,815.147
S00689,C010,868.4
S00689,C011,784.712
S00689,C012,703.854
S00689,C013,682.749
S00689,C014,595.236
S00689,C015,586.735
S00689,C016,493.159
S00689,C017,337.3
S00689,C018,249.321
S00689,C019,162.21
S00689,C020,393.245
S00690,C001,363.663
S00690,C002,359.03
S00690,C003,506.818
S00690,C004,520.317
S00690,C005,628.724
S00690,C006,358.345
S00690,C007,409.525
S00690,C008,467.197
S00690,C009,606.379
S00690,C010,697.74
S00690,C011,688.197
S00690,C012,658.582
S00690,C013,681.514
S00690,C014,632.768
S00690,C015,721.561
S00690,C016,129.724
S00690,C017,30.686
S00690,C018,149.592
S00690,C019,217.918
S00690,C020,301.014
S00691,C001,355.41
S00691,C002,249.996
S00691,C003,109.584
S00691,C004,65.424
S00691,C005,68.556
S00691,C006,766.148
S00691,C007,665.49
S00691,C008,741.287
S00691,C009,702.5
S00691,C010,704.26
S00691,C011,563.835
S00691,C012,453.779
S00691,C013,397.632
S00691,C014,299.2
S00691,C015,218.381
S00691,C016,707.477
S00691,C017,560.656
S00691,C018,548.704
S00691,C019,480.584
S00691,C020,367.431
S00692,C001,820.837
S00692,C002,694.889
S00692,C003,705.167
S00692,C004,633.546
S00692,C005,633.045
S00692,C006,501.271
S00692,C007,337.534
S00692,C008,346.807
S00692,C009,143.875
S00692,C010,47.589
S00692,C011,123.024
S00692,C012,233.863
S00692,C013,314.444
S00692,C014,390.746
S00692,C015,563.759
S00692,C016,718.942
S00692,C017,697.449
S00692,C018,797.989
S00692,C019,804.406
S00692,C020,456.248
S00693,C001,483.599
S00693,C002,348.626
S00693,C003,288.057
S00693,C004,206.996
S00693,C005,187.831
S00693,C006,641.625
S00693,C007,508.637
S00693,C008,577.431
S00693,C009,499.465
S00693,C010,487.25
S00693,C011,341.383
S00693,C012,231.41
S00693,C013,182.642
S00693,C014,87.4
S00693,C015,169.796
S00693,C016,671.475
S00693,C017,556.012
S00693,C018,592.824
S00693,C019,551.204
S00693,C020,280.069
S00694,C001,114.651
S00694,C002,65.957
S00694,C003,132.405
S00694,C004,197.606
S00694,C005,306.8
S00694,C006,684.36
S00694,C007,634.923
S00694,C008,712.516
S00694,C009,742.636
S00694,C010,780.91
S00694,C011,679.094
S00694,C012,588.88
S00694,C013,559.252
S00694,C014,467.646
S00694,C015,448.86
S00694,C016,540.26
S00694,C017,381.316
S00694,C018,332.628
S00694,C019,253.438
S00694,C020,325.874
S00695,C001,591.128
S00695,C002,456.615
S00695,C003,385.023
S00695,C004,302.985
S00695,C005,250.113
S00695,C006,694.162
S00695,C007,545.941
S00695,C008,606.786
S00695,C009,492.337
S00695,C010,455.118
S00695,C011,291.383
S00695,C012,176.119
S00695,C013,101.607
S00695,C014,35.675
S00695,C015,154.504
S00695,C016,758.691
S00695,C017,653.117
S00695,C018,697.256
S00695,C019,658.409
S00695,C020,367.56
S00696,C001,448.08
S00696,C002,335.559
S00696,C003,400.094
S00696,C004,356.561
S00696,C005,421.751
S00696,C006,361.473
S00696,C007,253.195
S00696,C008,330.317
S00696,C009,346.73
S00696,C010,402.86
S00696,C011,353.979
S00696,C012,318.25
S00696,C013,347.971
S00696,C014,318.746
S00696,C015,453.769
S00696,C016,412.148
S00696,C017,336.741
S00696,C018,421.285
S00696,C019,421.088
S00696,C020,76.009
S00697,C001,742.848
S00697,C002,649.199
S00697,C003,724.98
S00697,C004,678.218
S00697,C005,728.776
S00697,C006,200.18
S00697,C007,84.121
S00697,C008,37.057
S00697,C009,170.322
S00697,C010,286.442
S00697,C011,389.034
S00697,C012,449.266
S00697,C013,522.206
S00697,C014,551.705
S00697,C015,721.883
S00697,C016,469.086
S00697,C017,506.245
S00697,C018,627.35
S00697,C019,665.199
S00697,C020,391.227
S00698,C001,335.768
S00698,C002,231.353
S00698,C003,89.982
S00698,C004,53.294
S00698,C005,87.613
S00698,C006,757.669
S00698,C007,660.546
S00698,C008,736.822
S00698,C009,703.58
S00698,C010,708.546
S00698,C011,571.054
S00698,C012,462.305
S00698,C013,408.561
S00698,C014,310.033
S00698,C015,236.687
S00698,C016,692.746
S00698,C017,544.722
S00698,C018,530.587
S00698,C019,461.76
S00698,C020,358.933
S00699,C001,177.326
S00699,C002,70.507
S00699,C003,82.56
S00699,C004,134.35
S00699,C005,246.889
S00699,C006,670.709
S00699,C007,606.149
S00699,C008,684.188
S00699,C009,698.51
S00699,C010,730.026
S00699,C011,621.269
S00699,C012,527.864
S00699,C013,495.504
S00699,C014,402.957
S00699,C015,385.491
S00699,C016,555.435
S00699,C017,399.9
S00699,C018,370.098
S00699,C019,297.929
S00699,C020,292.167
S00700,C001,407.139
S00700,C002,280.769
S00700,C003,319.135
S00700,C004,268.492
S00700,C005,329.794
S00700,C006,452.763
S00700,C007,342.248
S00700,C008,418.246
S00700,C009,406.755
S00700,C010,442.247
S00700,C011,357.232
S00700,C012,292.742
S00700,C013,301.128
S00700,C014,250.699
S00700,C015,368.068
S00700,C016,473.859
S00700,C017,372.463
S00700,C018,434.055
S00700,C019,415.04
S00700,C020,82.607
S00701,C001,855.539
S00701,C002,724.973
S00701,C003,717.46
S00701,C004,641.378
S00701,C005,625.331
S00701,C006,584.806
S00701,C007,419.463
S00701,C008,431.876
S00701,C009,228.955
S00701,C010,120.65
S00701,C011,100.978
S00701,C012,213.001
S00701,C013,285.292
S00701,C014,374.376
S00701,C015,537.819
S00701,C016,792.401
S00701,C017,760.086
S00701,C018,854.505
S00701,C019,853.886
S00701,C020,502.305
S00702,C001,725.822
S00702,C002,590.572
S00702,C003,558.248
S00702,C004,478.595
S00702,C005,449.409
S00702,C006,619.454
S00702,C007,453.445
S00702,C008,494.367
S00702,C009,331.007
S00702,C010,265.189
S00702,C011,94.608
S00702,C012,46.828
S00702,C013,103.913
S00702,C014,196.817
S00702,C015,356.324
S00702,C016,763.619
S00702,C017,695.998
S00702,C018,770.737
S00702,C019,753.333
S00702,C020,410.475
S00703,C001,290.724
S00703,C002,165.464
S00703,C003,89.25
S00703,C004,38.928
S00703,C005,149.533
S00703,C006,667.702
S00703,C007,576.291
S00703,C008,653.383
S00703,C009,635.316
S00703,C010,651.753
S00703,C011,528.019
S00703,C012,427.327
S00703,C013,387.454
S00703,C014,292.302
S00703,C015,275.071
S00703,C016,603.598
S00703,C017,458.504
S00703,C018,454.877
S00703,C019,393.147
S00703,C020,269.544
S00704,C001,71.583
S00704,C002,158.281
S00704,C003,295.65
S00704,C004,350.205
S00704,C005,464.401
S00704,C006,624.589
S00704,C007,616.666
S00704,C008,689.814
S00704,C009,765.406
S00704,C010,825.49
S00704,C011,753.398
S00704,C012,680.406
S00704,C013,667.417
S00704,C014,585.536
S00704,C015,598.601
S00704,C016,421.306
S00704,C017,265.253
S00704,C018,181.503
S00704,C019,95.241
S00704,C020,348.13
S00705,C001,660.348
S00705,C002,524.525
S00705,C003,464.657
S00705,C004,382.732
S00705,C005,334.146
S00705,C006,684.321
S00705,C007,526.66
S00705,C008,579.894
S00705,C009,442.188
S00705,C010,390.253
S00705,C011,221.149
S00705,C012,112.014
S00705,C013,31.098
S00705,C014,91.788
S00705,C015,228.41
S00705,C016,781.797
S00705,C017,689.891
S00705,C018,745.9
S00705,C019,714.496
S00705,C020,398.987
S00706,C001,685.5
S00706,C002,550.563
S00706,C003,523.034
S00706,C004,444.393
S00706,C005,422.331
S00706,C006,590.502
S00706,C007,426.451
S00706,C008,472.143
S00706,C009,322.024
S00706,C010,270.375
S00706,C011,105.351
S00706,C012,10.182
S00706,C013,91.375
S00706,C014,171.603
S00706,C015,340.498
S00706,C016,725.243
S00706,C017,655.015
S00706,C018,728.934
S00706,C019,711.476
S00706,C020,368.789
S00707,C001,478.378
S00707,C002,382.387
S00707,C003,234.273
S00707,C004,197.521
S00707,C005,97.361
S00707,C006,878.657
S00707,C007,764.171
S00707,C008,837.112
S00707,C009,770.583
S00707,C010,753.299
S00707,C011,596.673
S00707,C012,481.345
S00707,C013,409.91
S00707,C014,320.035
S00707,C015,168.594
S00707,C016,838.668
S00707,C017,693.772
S00707,C018,682.019
S00707,C019,612.178
S00707,C020,483.594
S00708,C001,726.044
S00708,C002,654.24
S00708,C003,755.008
S00708,C004,721.71
S00708,C005,789.971
S00708,C006,71.224
S00708,C007,135.66
S00708,C008,103.319
S00708,C009,310.675
S00708,C010,426.783
S00708,C011,519.843
S00708,C012,566.168
S00708,C013,632.641
S00708,C014,646.492
S00708,C015,806.718
S00708,C016,367.53
S00708,C017,442.571
S00708,C018,567.325
S00708,C019,620.751
S00708,C020,417.182
S00709,C001,654.384
S00709,C002,528.372
S00709,C003,419.368
S00709,C004,344.081
S00709,C005,247.397
S00709,C006,838.913
S00709,C007,691.61
S00709,C008,751.973
S00709,C009,628.691
S00709,C010,578.442
S00709,C011,408.532
S00709,C012,300.274
S00709,C013,218.552
S00709,C014,179.918
S00709,C015,97.092
S00709,C016,887.627
S00709,C017,770.495
S00709,C018,798.956
S00709,C019,748.801
S00709,C020,495.842
S00710,C001,163.261
S00710,C002,108.301
S00710,C003,87.1
S00710,C004,163.828
S00710,C005,264.169
S00710,C006,725.055
S00710,C007,665.262
S00710,C008,743.255
S00710,C009,759.019
S00710,C010,789.294
S00710,C011,677.17
S00710,C012,580.852
S00710,C013,543.929
S00710,C014,448.955
S00710,C015,410.933
S00710,C016,593.554
S00710,C017,435.268
S00710,C018,389.35
S00710,C019,309.868
S00710,C020,351.842
S00711,C001,570.733
S00711,C002,532.738
S00711,C003,662.562
S00711,C004,652.199
S00711,C005,744.346
S00711,C006,148.336
S00711,C007,264.693
S00711,C008,294.029
S00711,C009,478.836
S00711,C010,588.147
S00711,C011,632.332
S00711,C012,641.209
S00711,C013,688.621
S00711,C014,670.481
S00711,C015,801.244
S00711,C016,149.704
S00711,C017,250.174
S00711,C018,371.125
S00711,C019,438.232
S00711,C020,360.825
S00712,C001,767.688
S00712,C002,663.944
S00712,C003,724.201
S00712,C004,670.184
S00712,C005,708.908
S00712,C006,277.835
S00712,C007,136.481
S00712,C008,115.545
S00712,C009,92.197
S00712,C010,208.273
S00712,C011,321.874
S00712,C012,394.011
S00712,C013,471.019
S00712,C014,511.96
S00712,C015,686.562
S00712,C016,535.932
S00712,C017,557.646
S00712,C018,675.004
S00712,C019,705.025
S00712,C020,402.556
S00713,C001,563.662
S00713,C002,490.434
S00713,C003,595.476
S00713,C004,567.674
S00713,C005,644.771
S00713,C006,137.066
S00713,C007,126.56
S00713,C008,184.098
S00713,C009,335.371
S00713,C010,439.505
S00713,C011,477.347
S00713,C012,490.394
S00713,C013,542.697
S00713,C014,534.885
S00713,C015,679.994
S00713,C016,276.893
S00713,C017,301.722
S00713,C018,424.025
S00713,C019,467.677
S00713,C020,261.757
S00714,C001,369.203
S00714,C002,336.303
S00714,C003,475.262
S00714,C004,477.937
S00714,C005,581.26
S00714,C006,318.571
S00714,C007,345.344
S00714,C008,408.3
S00714,C009,535.699
S00714,C010,624.45
S00714,C011,612.875
S00714,C012,584.78
S00714,C013,610.145
S00714,C014,565.462
S00714,C015,663.945
S00714,C016,166.436
S00714,C017,81.14
S00714,C018,199.935
S00714,C019,247.99
S00714,C020,232.239
S00715,C001,494.318
S00715,C002,365.952
S00715,C003,268.761
S00715,C004,188.612
S00715,C005,122.215
S00715,C006,727.326
S00715,C007,596.806
S00715,C008,665.865
S00715,C009,583.539
S00715,C010,563.456
S00715,C011,408.283
S00715,C012,293.554
S00715,C013,227.293
S00715,C014,132.178
S00715,C015,89.395
S00715,C016,740.18
S00715,C017,614.77
S00715,C018,637.084
S00715,C019,585.605
S00715,C020,353.866
S00716,C001,440.456
S00716,C002,330.764
S00716,C003,194.903
S00716,C004,137.519
S00716,C005,23.041
S00716,C006,802.221
S00716,C007,687.345
S00716,C008,760.468
S00716,C009,698.114
S00716,C010,685.814
S00716,C011,533.821
S00716,C012,419.549
S00716,C013,353.315
S00716,C014,258.452
S00716,C015,139.825
S00716,C016,770.202
S00716,C017,629.019
S00716,C018,626.26
S00716,C019,561.357
S00716,C020,408.319
S00717,C001,486.402
S00717,C002,471.908
S00717,C003,614.219
S00717,C004,617.863
S00717,C005,720.256
S00717,C006,264.148
S00717,C007,358.549
S00717,C008,400.347
S00717,C009,569.922
S00717,C010,673.085
S00717,C011,693.963
S00717,C012,684.761
S00717,C013,720.874
S00717,C014,687.104
S00717,C015,797.469
S00717,C016,42.838
S00717,C017,153.789
S00717,C018,264.71
S00717,C019,339.685
S00717,C020,357.23
S00718,C001,442.788
S00718,C002,322.428
S00718,C003,371.714
S00718,C004,322.48
S00718,C005,381.681
S00718,C006,403.985
S00718,C007,288.522
S00718,C008,364.307
S00718,C009,359.186
S00718,C010,403.31
S00718,C011,336.021
S00718,C012,288.19
S00718,C013,311.086
S00718,C014,276.571
S00718,C015,410.105
S00718,C016,450.438
S00718,C017,365.248
S00718,C018,440.836
S00718,C019,432.34
S00718,C020,80.907
S00719,C001,318.113
S00719,C002,231.007
S00719,C003,78.118
S00719,C004,91.411
S00719,C005,125.043
S00719,C006,790.457
S00719,C007,700.015
S00719,C008,776.929
S00719,C009,750.433
S00719,C010,757.669
S00719,C011,621.195
S00719,C012,512.514
S00719,C013,458.202
S00719,C014,359.689
S00719,C015,275.112
S00719,C016,708.395
S00719,C017,556.184
S00719,C018,530.683
S00719,C019,456.79
S00719,C020,393.106
S00720,C001,597.987
S00720,C002,467.564
S00720,C003,373.853
S00720,C004,293.93
S00720,C005,216.277
S00720,C006,760.271
S00720,C007,615.154
S00720,C008,677.364
S00720,C009,564.074
S00720,C010,523.706
S00720,C011,357.213
S00720,C012,243.421
S00720,C013,163.891
S00720,C014,103.17
S00720,C015,90.263
S00720,C016,808.926
S00720,C017,694.523
S00720,C018,727.998
S00720,C019,681.806
S00720,C020,416.866
S00721,C001,385.677
S00721,C002,381.211
S00721,C003,528.568
S00721,C004,540.932
S00721,C005,648.654
S00721,C006,344.6
S00721,C007,404.299
S00721,C008,459.297
S00721,C009,604.729
S00721,C010,698.513
S00721,C011,694.418
S00721,C012,668.282
S00721,C013,693.491
S00721,C014,647.113
S00721,C015,739.379
S00721,C016,107.255
S00721,C017,52.818
S00721,C018,166.086
S00721,C019,237.927
S00721,C020,314.363
S00722,C001,652.033
S00722,C002,519.288
S00722,C003,434.304
S00722,C004,353.307
S00722,C005,280.705
S00722,C006,758.743
S00722,C007,606.22
S00722,C008,663.434
S00722,C009,533.354
S00722,C010,482.103
S00722,C011,312.403
S00722,C012,204.023
S00722,C013,122.395
S00722,C014,107.171
S00722,C015,150.549
S00722,C016,831.004
S00722,C017,725.54
S00722,C018,767.84
S00722,C019,726.726
S00722,C020,440.118
S00723,C001,810.04
S00723,C002,687.195
S00723,C003,706.876
S00723,C004,637.979
S00723,C005,645.174
S00723,C006,460.379
S00723,C007,298.396
S00723,C008,304.396
S00723,C009,100.629
S00723,C010,36.134
S00723,C011,154.86
S00723,C012,258.189
S00723,C013,339.852
S00723,C014,409.35
S00723,C015,584.826
S00723,C016,685.219
S00723,C017,670.764
S00723,C018,774.742
S00723,C019,785.292
S00723,C020,441.236
S00724,C001,809.817
S00724,C002,710.944
S00724,C003,777.385
S00724,C004,725.494
S00724,C005,766.928
S00724,C006,265.367
S00724,C007,157.176
S00724,C008,104.334
S00724,C009,134.254
S00724,C010,244.727
S00724,C011,374.634
S00724,C012,451.708
S00724,C013,529.473
S00724,C014,571.529
S00724,C015,746.129
S00724,C016,543.391
S00724,C017,581.355
S00724,C018,701.92
S00724,C019,737.839
S00724,C020,450.319
S00725,C001,847.461
S00725,C002,753.471
S00725,C003,825.805
S00725,C004,776.147
S00725,C005,820.532
S00725,C006,259.625
S00725,C007,187.961
S00725,C008,117.652
S00725,C009,185.567
S00725,C010,289.966
S00725,C011,428.236
S00725,C012,507.684
S00725,C013,585.713
S00725,C014,627.738
S00725,C015,802.08
S00725,C016,550.425
S00725,C017,603.041
S00725,C018,725.769
S00725,C019,766.991
S00725,C020,494.569
S00726,C001,734.868
S00726,C002,602.784
S00726,C003,592.156
S00726,C004,516.295
S00726,C005,504.311
S00726,C006,547.874
S00726,C007,379.981
S00726,C008,414.469
S00726,C009,244.108
S00726,C010,182.711
S00726,C011,25.78
S00726,C012,97.984
S00726,C013,178.62
S00726,C014,257.043
S00726,C015,428.217
S00726,C016,716.162
S00726,C017,664.728
S00726,C018,750.498
S00726,C019,742.891
S00726,C020,391.967
S00727,C001,296.027
S00727,C002,311.212
S00727,C003,463.262
S00727,C004,487.405
S00727,C005,599.997
S00727,C006,432.598
S00727,C007,471.59
S00727,C008,533.624
S00727,C009,659.656
S00727,C010,744.6
S00727,C011,719.51
S00727,C012,678.39
S00727,C013,692.556
S00727,C014,634.293
S00727,C015,705.265
S00727,C016,195.354
S00727,C017,49.523
S00727,C018,75.31
S00727,C019,142.886
S00727,C020,312.878
S00728,C001,426.967
S00728,C002,321.726
S00728,C003,180.675
S00728,C004,131.347
S00728,C005,31.57
S00728,C006,810.757
S00728,C007,699.312
S00728,C008,773.137
S00728,C009,715.462
S00728,C010,705.417
S00728,C011,554.808
S00728,C012,440.874
S00728,C013,375.545
S00728,C014,280.116
S00728,C015,161.692
S00728,C016,770.255
S00728,C017,626.691
S00728,C018,619.433
S00728,C019,552.437
S00728,C020,414.785
S00729,C001,26.082
S00729,C002,149.533
S00729,C003,244.365
S00729,C004,313.858
S00729,C005,421.078
S00729,C006,706.918
S00729,C007,684.333
S00729,C008,759.745
S00729,C009,816.422
S00729,C010,866.1
S00729,C011,777.318
S00729,C012,693.447
S00729,C013,669.334
S00729,C014,580.087
S00729,C015,564.898
S00729,C016,515.625
S00729,C017,358.377
S00729,C018,275.323
S00729,C019,188.279
S00729,C020,393.795
S00730,C001,298.014
S00730,C002,204.384
S00730,C003,52.934
S00730,C004,68.986
S00730,C005,131.079
S00730,C006,762.356
S00730,C007,673.867
S00730,C008,751.004
S00730,C009,729.028
S00730,C010,739.566
S00730,C011,606.803
S00730,C012,500.045
S00730,C013,449.257
S00730,C014,350.862
S00730,C015,280.98
S00730,C016,679.64
S00730,C017,527.836
S00730,C018,504.53
S00730,C019,432.004
S00730,C020,365.564
S00731,C001,711.823
S00731,C002,614.785
S00731,C003,687.021
S00731,C004,639.072
S00731,C005,688.541
S00731,C006,213.183
S00731,C007,64.06
S00731,C008,65.441
S00731,C009,155.895
S00731,C010,269.977
S00731,C011,358.349
S00731,C012,413.008
S00731,C013,484.603
S00731,C014,512.024
S00731,C015,681.699
S00731,C016,463.24
S00731,C017,487.868
S00731,C018,606.808
S00731,C019,640.466
S00731,C020,355.298
S00732,C001,786.185
S00732,C002,678.373
S00732,C003,731.206
S00732,C004,673.941
S00732,C005,706.596
S00732,C006,315.894
S00732,C007,171.109
S00732,C008,153.381
S00732,C009,56.087
S00732,C010,171.36
S00732,C011,294.316
S00732,C012,373.932
S00732,C013,452.845
S00732,C014,500.156
S00732,C015,676.247
S00732,C016,571.22
S00732,C017,587.561
S00732,C018,703.173
S00732,C019,730.008
S00732,C020,417.389
S00733,C001,373.783
S00733,C002,265.023
S00733,C003,128.84
S00733,C004,74.385
S00733,C005,48.372
S00733,C006,765.879
S00733,C007,661.351
S00733,C008,736.574
S00733,C009,692.298
S00733,C010,691.19
S00733,C011,548.45
S00733,C012,437.483
S00733,C013,379.679
S00733,C014,281.435
S00733,C015,197.676
S00733,C016,715.32
S00733,C017,570.421
S00733,C018,562.281
S00733,C019,495.757
S00733,C020,367.756
S00734,C001,748.2
S00734,C002,646.925
S00734,C003,711.697
S00734,C004,659.869
S00734,C005,702.599
S00734,C006,252.78
S00734,C007,110.106
S00734,C008,92.543
S00734,C009,115.302
S00734,C010,231.225
S00734,C011,335.64
S00734,C012,401.517
S00734,C013,476.757
S00734,C014,512.824
S00734,C015,685.924
S00734,C016,509.28
S00734,C017,532.584
S00734,C018,650.632
S00734,C019,682.135
S00734,C020,385.864
S00735,C001,556.829
S00735,C002,424.588
S00735,C003,340.49
S00735,C004,258.977
S00735,C005,197.146
S00735,C006,716.372
S00735,C007,574.646
S00735,C008,639.029
S00735,C009,536.475
S00735,C010,505.168
S00735,C011,343.766
S00735,C012,228.251
S00735,C013,155.795
S00735,C014,70.449
S00735,C015,106.777
S00735,C016,759.699
S00735,C017,645.214
S00735,C018,680.01
S00735,C019,635.391
S00735,C020,367.729
S00736,C001,712.975
S00736,C002,578.67
S00736,C003,555.341
S00736,C004,477.2
S00736,C005,456.462
S00736,C006,584.794
S00736,C007,418.606
S00736,C008,459.532
S00736,C009,298.97
S00736,C010,239.849
S00736,C011,72.008
S00736,C012,44.11
S00736,C013,121.849
S00736,C014,205.643
S00736,C015,373.199
S00736,C016,733.194
S00736,C017,669.678
S00736,C018,747.801
S00736,C019,733.545
S00736,C020,387.162
S00737,C001,89.861
S00737,C002,127.24
S00737,C003,175.652
S00737,C004,251.23
S00737,C005,352.576
S00737,C006,733.509
S00737,C007,693.493
S00737,C008,770.592
S00737,C009,807.691
S00737,C010,847.713
S00737,C011,746.268
S00737,C012,655.234
S00737,C013,623.687
S00737,C014,530.719
S00737,C015,499.497
S00737,C016,567.102
S00737,C017,407.693
S00737,C018,339.296
S00737,C019,253.898
S00737,C020,388.452
S00738,C001,491.308
S00738,C002,384.464
S00738,C003,245.02
S00738,C004,191.758
S00738,C005,77.11
S00738,C006,846.815
S00738,C007,726.489
S00738,C008,798.095
S00738,C009,724.192
S00738,C010,703.761
S00738,C011,545.714
S00738,C012,430.269
S00738,C013,358.052
S00738,C014,269.314
S00738,C015,117.599
S00738,C016,823.019
S00738,C017,682.905
S00738,C018,680.58
S00738,C019,615.167
S00738,C020,456.322
S00739,C001,393.739
S00739,C002,283.573
S00739,C003,358.692
S00739,C004,323.075
S00739,C005,399.715
S00739,C006,382.921
S00739,C007,293.616
S00739,C008,371.615
S00739,C009,400.807
S00739,C010,457.027
S00739,C011,401.129
S00739,C012,354.989
S00739,C013,374.832
S00739,C014,332.057
S00739,C015,449.514
S00739,C016,391.794
S00739,C017,298.994
S00739,C018,374.384
S00739,C019,369.224
S00739,C020,22.181
S00740,C001,873.508
S00740,C002,750.92
S00740,C003,769.418
S00740,C004,699.634
S00740,C005,703.145
S00740,C006,492.98
S00740,C007,338.555
S00740,C008,331.277
S00740,C009,125.517
S00740,C010,28.695
S00740,C011,194.173
S00740,C012,306.011
S00740,C013,386.462
S00740,C014,462.543
S00740,C015,635.891
S00740,C016,733.431
S00740,C017,727.114
S00740,C018,833.528
S00740,C019,846.366
S00740,C020,504.098
S00741,C001,386.017
S00741,C002,266.415
S00741,C003,150.54
S00741,C004,74.621
S00741,C005,53.556
S00741,C006,729.637
S00741,C007,620.074
S00741,C008,694.567
S00741,C009,645.807
S00741,C010,643.904
S00741,C011,501.686
S00741,C012,391.336
S00741,C013,335.649
S00741,C014,237.141
S00741,C015,176.72
S00741,C016,694.143
S00741,C017,554.195
S00741,C018,556.275
S00741,C019,495.053
S00741,C020,333.689
S00742,C001,33.763
S00742,C002,169.88
S00742,C003,275.07
S00742,C004,342.676
S00742,C005,451.309
S00742,C006,699.421
S00742,C007,684.559
S00742,C008,758.995
S00742,C009,823.733
S00742,C010,877.214
S00742,C011,793.621
S00742,C012,712.68
S00742,C013,691.378
S00742,C014,603.687
S00742,C015,593.98
S00742,C016,497.113
S00742,C017,341.933
S00742,C018,251.496
S00742,C019,164.523
S00742,C020,401.931
S00743,C001,686.655
S00743,C002,550.64
S00743,C003,507.298
S00743,C004,426.487
S00743,C005,390.74
S00743,C006,641.85
S00743,C007,479.59
S00743,C008,527.581
S00743,C009,378.883
S00743,C010,322.504
S00743,C011,153.021
S00743,C012,49.526
S00743,C013,42.6
S00743,C014,138.714
S00743,C015,294.849
S00743,C016,762.762
S00743,C017,683.219
S00743,C018,749.564
S00743,C019,725.788
S00743,C020,393.053
S00744,C001,89.35
S00744,C002,92.856
S00744,C003,158.675
S00744,C004,229.002
S00744,C005,335.315
S00744,C006,702.94
S00744,C007,660.078
S00744,C008,737.318
S00744,C009,773.258
S00744,C010,813.615
S00744,C011,713.547
S00744,C012,623.822
S00744,C013,594.218
S00744,C014,502.39
S00744,C015,479.594
S00744,C016,545.065
S00744,C017,385.512
S00744,C018,325.757
S00744,C019,242.822
S00744,C020,354.174
S00745,C001,767.86
S00745,C002,634.082
S00745,C003,612.474
S00745,C004,534.248
S00745,C005,511.287
S00745,C006,598.201
S00745,C007,430.122
S00745,C008,462.209
S00745,C009,283.302
S00745,C010,205.378
S00745,C011,40.269
S00745,C012,99.427
S00745,C013,168.809
S00745,C014,259.222
S00745,C015,421.385
S00745,C016,766.298
S00745,C017,711.623
S00745,C018,794.445
S00745,C019,783.609
S00745,C020,434.45
S00746,C001,478.241
S00746,C002,379.251
S00746,C003,461.549
S00746,C004,424.378
S00746,C005,494.657
S00746,C006,287.35
S00746,C007,191.583
S00746,C008,269.631
S00746,C009,324.946
S00746,C010,400.17
S00746,C011,383.121
S00746,C012,367.371
S00746,C013,407.495
S00746,C014,387.832
S00746,C015,527.721
S00746,C016,358.569
S00746,C017,308.854
S00746,C018,409.659
S00746,C019,424.847
S00746,C020,123.07
S00747,C001,854.126
S00747,C002,725.875
S00747,C003,727.45
S00747,C004,653.394
S00747,C005,644.596
S00747,C006,549.508
S00747,C007,386.147
S00747,C008,393.912
S00747,C009,188.696
S00747,C010,77.566
S00747,C011,120.064
S00747,C012,235.582
S00747,C013,312.417
S00747,C014,396.595
S00747,C015,564.816
S00747,C016,766.655
S00747,C017,742.006
S00747,C018,840.419
S00747,C019,844.08
S00747,C020,493.948
S00748,C001,871.361
S00748,C002,738.624
S00748,C003,720.244
S00748,C004,642.023
S00748,C005,616.566
S00748,C006,633.775
S00748,C007,467.361
S00748,C008,482.68
S00748,C009,281.0
S00748,C010,172.719
S00748,C011,111.386
S00748,C012,206.748
S00748,C013,269.362
S00748,C014,363.975
S00748,C015,518.626
S00748,C016,833.363
S00748,C017,793.909
S00748,C018,884.074
S00748,C019,878.973
S00748,C020,527.486
S00749,C001,236.395
S00749,C002,129.543
S00749,C003,32.077
S00749,C004,76.429
S00749,C005,185.576
S00749,C006,698.684
S00749,C007,620.452
S00749,C008,698.293
S00749,C009,694.17
S00749,C010,715.932
S00749,C011,595.984
S00749,C012,496.342
S00749,C013,456.432
S00749,C014,360.74
S00749,C015,327.104
S00749,C016,604.518
S00749,C017,451.947
S00749,C018,429.695
S00749,C019,359.282
S00749,C020,307.206
S00750,C001,430.859
S00750,C002,316.749
S00750,C003,380.368
S00750,C004,337.477
S00750,C005,404.563
S00750,C006,377.453
S00750,C007,272.547
S00750,C008,349.813
S00750,C009,364.689
S00750,C010,417.967
S00750,C011,362.442
S00750,C012,320.599
S00750,C013,345.743
S00750,C014,311.118
S00750,C015,440.868
S00750,C016,415.454
S00750,C017,332.683
S00750,C018,412.529
S00750,C019,408.83
S00750,C020,59.417
S00751,C001,121.333
S00751,C002,16.796
S00751,C003,153.926
S00751,C004,201.446
S00751,C005,316.152
S00751,C006,632.168
S00751,C007,584.18
S00751,C008,661.604
S00751,C009,697.207
S00751,C010,739.748
S00751,C011,645.007
S00751,C012,559.857
S00751,C013,536.473
S00751,C014,448.746
S00751,C015,449.996
S00751,C016,493.767
S00751,C017,335.894
S00751,C018,298.802
S00751,C019,226.118
S00751,C020,277.512
S00752,C001,183.504
S00752,C002,264.26
S00752,C003,409.632
S00752,C004,458.284
S00752,C005,573.683
S00752,C006,588.154
S00752,C007,611.852
S00752,C008,678.95
S00752,C009,784.392
S00752,C010,857.85
S00752,C011,807.042
S00752,C012,746.692
S00752,C013,744.272
S00752,C014,669.984
S00752,C015,701.824
S00752,C016,343.816
S00752,C017,205.988
S00752,C018,87.866
S00752,C019,39.635
S00752,C020,390.435
S00753,C001,82.4
S00753,C002,54.612
S00753,C003,189.516
S00753,C004,242.332
S00753,C005,356.393
S00753,C006,634.351
S00753,C007,597.323
S00753,C008,673.963
S00753,C009,720.722
S00753,C010,768.077
S00753,C011,678.997
S00753,C012,596.711
S00753,C013,575.732
S00753,C014,489.162
S00753,C015,491.628
S00753,C016,476.746
S00753,C017,317.384
S00753,C018,267.471
S00753,C019,190.249
S00753,C020,298.41
S00754,C001,798.282
S00754,C002,666.005
S00754,C003,652.162
S00754,C004,575.164
S00754,C005,556.808
S00754,C006,582.531
S00754,C007,414.464
S00754,C008,439.106
S00754,C009,249.461
S00754,C010,161.156
S00754,C011,37.718
S00754,C012,144.347
S00754,C013,217.108
S00754,C014,305.639
S00754,C015,469.785
S00754,C016,767.789
S00754,C017,722.983
S00754,C018,811.377
S00754,C019,805.393
S00754,C020,454.037
S00755,C001,273.306
S00755,C002,196.8
S00755,C003,49.734
S00755,C004,106.295
S00755,C005,169.575
S00755,C006,780.168
S00755,C007,698.886
S00755,C008,776.494
S00755,C009,762.625
S00755,C010,776.635
S00755,C011,646.527
S00755,C012,540.732
S00755,C013,490.97
S00755,C014,392.641
S00755,C015,319.989
S00755,C016,681.469
S00755,C017,526.591
S00755,C018,493.437
S00755,C019,416.998
S00755,C020,387.063
S00756,C001,405.342
S00756,C002,295.559
S00756,C003,369.751
S00756,C004,332.903
S00756,C005,407.622
S00756,C006,374.2
S00756,C007,282.25
S00756,C008,360.209
S00756,C009,389.146
S00756,C010,446.363
S00756,C011,393.293
S00756,C012,350.028
S00756,C013,372.349
S00756,C014,332.608
S00756,C015,454.016
S00756,C016,391.539
S00756,C017,303.258
S00756,C018,381.695
S00756,C019,378.523
S00756,C020,34.16
S00757,C001,283.023
S00757,C002,276.11
S00757,C003,425.472
S00757,C004,443.635
S00757,C005,554.553
S00757,C006,414.395
S00757,C007,436.069
S00757,C008,501.927
S00757,C009,616.845
S00757,C010,698.291
S00757,C011,668.231
S00757,C012,625.394
S00757,C013,639.164
S00757,C014,581.322
S00757,C015,655.636
S00757,C016,213.612
S00757,C017,54.895
S00757,C018,111.87
S00757,C019,151.684
S00757,C020,259.679
S00758,C001,715.71
S00758,C002,625.115
S00758,C003,705.733
S00758,C004,661.711
S00758,C005,716.668
S00758,C006,172.522
S00758,C007,56.154
S00758,C008,25.536
S00758,C009,195.255
S00758,C010,310.723
S00758,C011,402.349
S00758,C012,455.055
S00758,C013,525.351
S00758,C014,549.014
S00758,C015,716.414
S00758,C016,436.274
S00758,C017,473.987
S00758,C018,595.515
S00758,C019,634.696
S00758,C020,369.48
S00759,C001,297.888
S00759,C002,198.228
S00759,C003,51.655
S00759,C004,53.384
S00759,C005,126.146
S00759,C006,748.122
S00759,C007,658.574
S00759,C008,735.649
S00759,C009,713.314
S00759,C010,724.202
S00759,C011,592.197
S00759,C012,485.971
S00759,C013,436.288
S00759,C014,338.037
S00759,C015,274.627
S00759,C016,669.199
S00759,C017,518.439
S00759,C018,498.41
S00759,C019,427.461
S00759,C020,350.883
S00760,C001,40.88
S00760,C002,95.248
S00760,C003,213.012
S00760,C004,273.995
S00760,C005,385.781
S00760,C006,660.872
S00760,C007,631.39
S00760,C008,707.405
S00760,C009,759.934
S00760,C010,809.0
S00760,C011,720.999
S00760,C012,638.564
S00760,C013,616.738
S00760,C014,529.253
S00760,C015,524.966
S00760,C016,486.591
S00760,C017,327.253
S00760,C018,261.459
S00760,C019,178.104
S00760,C020,337.304
S00761,C001,87.418
S00761,C002,56.999
S00761,C003,165.447
S00761,C004,225.079
S00761,C005,336.996
S00761,C006,661.576
S00761,C007,619.666
S00761,C008,696.758
S00761,C009,736.511
S00761,C010,779.878
S00761,C011,684.877
S00761,C012,598.755
S00761,C013,573.596
S00761,C014,484.415
S00761,C015,476.121
S00761,C016,507.932
S00761,C017,348.601
S00761,C018,296.964
S00761,C019,217.723
S00761,C020,315.793
S00762,C001,35.934
S00762,C002,104.552
S00762,C003,229.518
S00762,C004,288.6
S00762,C005,401.191
S00762,C006,651.217
S00762,C007,625.891
S00762,C008,701.434
S00762,C009,758.728
S00762,C010,810.17
S00762,C011,725.547
S00762,C012,645.146
S00762,C013,625.335
S00762,C014,539.079
S00762,C015,539.111
S00762,C016,471.575
S00762,C017,312.498
S00762,C018,244.093
S00762,C019,160.394
S00762,C020,336.248
S00763,C001,280.962
S00763,C002,286.574
S00763,C003,437.831
S00763,C004,459.953
S00763,C005,572.087
S00763,C006,429.109
S00763,C007,457.892
S00763,C008,522.348
S00763,C009,641.269
S00763,C010,723.72
S00763,C011,694.506
S00763,C012,651.376
S00763,C013,664.452
S00763,C014,605.495
S00763,C015,676.385
S00763,C016,210.265
S00763,C017,52.341
S00763,C018,87.579
S00763,C019,138.012
S00763,C020,285.54
S00764,C001,282.105
S00764,C002,180.375
S00764,C003,37.335
S00764,C004,50.839
S00764,C005,140.104
S00764,C006,734.048
S00764,C007,647.08
S00764,C008,724.387
S00764,C009,706.479
S00764,C010,720.123
S00764,C011,591.102
S00764,C012,486.454
S00764,C013,439.32
S00764,C014,341.509
S00764,C015,286.755
S00764,C016,651.841
S00764,C017,500.743
S00764,C018,480.521
S00764,C019,409.845
S00764,C020,337.726
S00765,C001,669.821
S00765,C002,618.827
S00765,C003,738.072
S00765,C004,717.748
S00765,C005,800.245
S00765,C006,54.373
S00765,C007,217.623
S00765,C008,218.443
S00765,C009,421.334
S00765,C010,536.123
S00765,C011,608.564
S00765,C012,637.352
S00765,C013,695.169
S00765,C014,692.719
S00765,C015,839.151
S00765,C016,255.938
S00765,C017,358.31
S00765,C018,480.82
S00765,C019,545.004
S00765,C020,414.274
S00766,C001,881.793
S00766,C002,758.591
S00766,C003,775.19
S00766,C004,704.807
S00766,C005,706.532
S00766,C006,504.61
S00766,C007,350.222
S00766,C008,342.802
S00766,C009,137.196
S00766,C010,35.704
S00766,C011,193.662
S00766,C012,306.759
S00766,C013,386.672
S00766,C014,464.446
S00766,C015,636.984
S00766,C016,744.91
S00766,C017,737.847
S00766,C018,843.838
S00766,C019,856.061
S00766,C020,512.938
S00767,C001,558.501
S00767,C002,520.072
S00767,C003,649.976
S00767,C004,639.892
S00767,C005,732.404
S00767,C006,154.745
S00767,C007,263.358
S00767,C008,295.945
S00767,C009,477.476
S00767,C010,585.829
S00767,C011,626.747
S00767,C012,633.656
S00767,C013,680.077
S00767,C014,660.687
S00767,C015,790.263
S00767,C016,145.01
S00767,C017,239.131
S00767,C018,360.74
S00767,C019,426.929
S00767,C020,349.35
S00768,C001,130.784
S00768,C002,8.261
S00768,C003,160.962
S00768,C004,202.206
S00768,C005,317.631
S00768,C006,615.881
S00768,C007,567.504
S00768,C008,644.918
S00768,C009,681.454
S00768,C010,725.014
S00768,C011,632.219
S00768,C012,548.602
S00768,C013,527.116
S00768,C014,440.742
S00768,C015,448.307
S00768,C016,481.064
S00768,C017,323.903
S00768,C018,292.075
S00768,C019,222.487
S00768,C020,261.245
S00769,C001,373.915
S00769,C002,255.732
S00769,C003,137.347
S00769,C004,62.673
S00769,C005,58.314
S00769,C006,730.065
S00769,C007,623.023
S00769,C008,697.959
S00769,C009,652.864
S00769,C010,652.857
S00769,C011,512.144
S00769,C012,402.405
S00769,C013,347.772
S00769,C014,249.244
S00769,C015,189.043
S00769,C016,689.129
S00769,C017,547.72
S00769,C018,547.354
S00769,C019,485.032
S00769,C020,332.981
S00770,C001,679.337
S00770,C002,635.966
S00770,C003,760.088
S00770,C004,743.379
S00770,C005,829.04
S00770,C006,93.852
S00770,C007,258.705
S00770,C008,257.372
S00770,C009,461.571
S00770,C010,576.616
S00770,C011,649.472
S00770,C012,676.981
S00770,C013,733.733
S00770,C014,728.962
S00770,C015,872.572
S00770,C016,241.175
S00770,C017,359.157
S00770,C018,478.737
S00770,C019,547.438
S00770,C020,442.536
S00771,C001,748.46
S00771,C002,681.517
S00771,C003,786.189
S00771,C004,754.963
S00771,C005,825.27
S00771,C006,72.289
S00771,C007,173.998
S00771,C008,136.378
S00771,C009,342.606
S00771,C010,458.655
S00771,C011,556.488
S00771,C012,604.275
S00771,C013,670.959
S00771,C014,684.578
S00771,C015,844.153
S00771,C016,367.339
S00771,C017,455.155
S00771,C018,579.634
S00771,C019,637.04
S00771,C020,449.579
S00772,C001,568.31
S00772,C002,452.141
S00772,C003,324.405
S00772,C004,258.845
S00772,C005,147.291
S00772,C006,852.798
S00772,C007,719.542
S00772,C008,786.882
S00772,C009,690.505
S00772,C010,656.653
S00772,C011,491.653
S00772,C012,377.073
S00772,C013,298.683
S00772,C014,224.384
S00772,C015,47.345
S00772,C016,860.395
S00772,C017,729.157
S00772,C018,740.041
S00772,C019,680.656
S00772,C020,477.993
S00773,C001,397.019
S00773,C002,274.668
S00773,C003,165.127
S00773,C004,86.531
S00773,C005,59.866
S00773,C006,721.472
S00773,C007,609.179
S00773,C008,683.182
S00773,C009,631.041
S00773,C010,627.748
S00773,C011,484.726
S00773,C012,374.162
S00773,C013,318.37
S00773,C014,219.857
S00773,C015,166.202
S00773,C016,692.915
S00773,C017,555.16
S00773,C018,561.06
S00773,C019,501.784
S00773,C020,327.246
S00774,C001,772.192
S00774,C002,671.816
S00774,C003,737.157
S00774,C004,685.249
S00774,C005,727.36
S00774,C006,256.319
S00774,C007,126.802
S00774,C008,92.451
S00774,C009,118.171
S00774,C010,233.783
S00774,C011,349.309
S00774,C012,420.058
S00774,C013,496.446
S00774,C014,535.096
S00774,C015,708.883
S00774,C016,522.286
S00774,C017,551.457
S00774,C018,670.571
S00774,C019,703.822
S00774,C020,410.897
S00775,C001,682.805
S00775,C002,624.576
S00775,C003,738.159
S00775,C004,713.628
S00775,C005,791.91
S00775,C006,16.988
S00775,C007,185.059
S00775,C008,180.286
S00775,C009,384.515
S00775,C010,499.753
S00775,C011,577.281
S00775,C012,610.77
S00775,C013,671.127
S00775,C014,673.307
S00775,C015,824.173
S00775,C016,288.61
S00775,C017,380.178
S00775,C018,504.096
S00775,C019,564.513
S00775,C020,408.148
S00776,C001,320.697
S00776,C002,353.871
S00776,C003,506.788
S00776,C004,535.642
S00776,C005,649.31
S00776,C006,454.813
S00776,C007,509.655
S00776,C008,567.706
S00776,C009,703.804
S00776,C010,792.007
S00776,C011,771.943
S00776,C012,732.732
S00776,C013,747.537
S00776,C014,689.203
S00776,C015,757.791
S00776,C016,188.202
S00776,C017,87.182
S00776,C018,70.285
S00776,C019,156.452
S00776,C020,367.545
S00777,C001,490.314
S00777,C002,355.102
S00777,C003,296.504
S00777,C004,215.574
S00777,C005,196.254
S00777,C006,638.058
S00777,C007,503.676
S00777,C008,571.973
S00777,C009,491.89
S00777,C010,478.806
S00777,C011,332.552
S00777,C012,222.548
S00777,C013,174.358
S00777,C014,80.007
S00777,C015,173.305
S00777,C016,671.844
S00777,C017,557.976
S00777,C018,596.523
S00777,C019,555.947
S00777,C020,280.025
S00778,C001,833.645
S00778,C002,709.951
S00778,C003,726.538
S00778,C004,656.536
S00778,C005,660.28
S00778,C006,482.102
S00778,C007,321.683
S00778,C008,324.237
S00778,C009,117.712
S00778,C010,14.8
S00778,C011,156.99
S00778,C012,265.954
S00778,C013,347.049
S00778,C014,420.839
S00778,C015,595.002
S00778,C016,710.298
S00778,C017,696.506
S00778,C018,800.362
S00778,C019,810.487
S00778,C020,465.63
S00779,C001,385.505
S00779,C002,265.024
S00779,C003,151.409
S00779,C004,74.244
S00779,C005,57.42
S00779,C006,725.327
S00779,C007,615.61
S00779,C008,690.092
S00779,C009,641.468
S00779,C010,639.837
S00779,C011,497.989
S00779,C012,387.848
S00779,C013,332.675
S00779,C014,234.151
S00779,C015,177.221
S00779,C016,690.707
S00779,C017,551.143
S00779,C018,554.034
S00779,C019,493.289
S00779,C020,329.519
S00780,C001,716.092
S00780,C002,604.296
S00780,C003,652.378
S00780,C004,594.239
S00780,C005,626.968
S00780,C006,321.158
S00780,C007,155.692
S00780,C008,175.967
S00780,C009,79.667
S00780,C010,172.544
S00780,C011,246.638
S00780,C012,309.367
S00780,C013,385.184
S00780,C014,425.337
S00780,C015,600.305
S00780,C016,543.298
S00780,C017,539.659
S00780,C018,649.99
S00780,C019,669.948
S00780,C020,344.812
S00781,C001,450.036
S00781,C002,355.112
S00781,C003,206.222
S00781,C004,172.903
S00781,C005,82.846
S00781,C006,861.759
S00781,C007,750.97
S00781,C008,824.761
S00781,C009,764.876
S00781,C010,751.855
S00781,C011,598.227
S00781,C012,483.41
S00781,C013,414.625
S00781,C014,321.895
S00781,C015,181.991
S00781,C016,814.994
S00781,C017,668.827
S00781,C018,655.021
S00781,C019,584.56
S00781,C020,465.058
S00782,C001,776.726
S00782,C002,642.165
S00782,C003,565.216
S00782,C004,483.74
S00782,C005,412.289
S00782,C006,796.364
S00782,C007,633.388
S00782,C008,678.757
S00782,C009,516.186
S00782,C010,439.656
S00782,C011,274.077
S00782,C012,201.911
S00782,C013,149.23
S00782,C014,209.58
S00782,C015,274.819
S00782,C016,909.324
S00782,C017,819.243
S00782,C018,873.983
S00782,C019,840.068
S00782,C020,528.298
S00783,C001,678.704
S00783,C002,545.569
S00783,C003,531.555
S00783,C004,455.534
S00783,C005,445.093
S00783,C006,544.507
S00783,C007,379.573
S00783,C008,424.263
S00783,C009,276.677
S00783,C010,234.392
S00783,C011,85.235
S00783,C012,55.153
S00783,C013,134.617
S00783,C014,201.199
S00783,C015,375.771
S00783,C016,688.775
S00783,C017,626.08
S00783,C018,705.837
S00783,C019,693.625
S00783,C020,345.367
S00784,C001,803.803
S00784,C002,682.138
S00784,C003,705.157
S00784,C004,637.319
S00784,C005,647.332
S00784,C006,444.874
S00784,C007,283.332
S00784,C008,288.697
S00784,C009,85.298
S00784,C010,45.639
S00784,C011,165.817
S00784,C012,265.773
S00784,C013,347.513
S00784,C014,414.294
S00784,C015,590.403
S00784,C016,671.522
S00784,C017,659.256
S00784,C018,764.302
S00784,C019,776.222
S00784,C020,433.931
S00785,C001,201.824
S00785,C002,269.925
S00785,C003,418.687
S00785,C004,463.132
S00785,C005,578.768
S00785,C006,561.022
S00785,C007,587.836
S00785,C008,654.05
S00785,C009,763.431
S00785,C010,839.066
S00785,C011,792.75
S00785,C012,735.634
S00785,C013,736.125
S00785,C014,664.399
S00785,C015,703.335
S00785,C016,315.985
S00785,C017,178.413
S00785,C018,60.101
S00785,C019,39.427
S00785,C020,375.847
S00786,C001,317.67
S00786,C002,204.034
S00786,C003,80.873
S00786,C004,15.322
S00786,C005,105.621
S00786,C006,719.872
S00786,C007,624.23
S00786,C008,700.775
S00786,C009,672.511
S00786,C010,681.561
S00786,C011,548.889
S00786,C012,442.812
S00786,C013,394.141
S00786,C014,296.145
S00786,C015,246.045
S00786,C016,656.694
S00786,C017,510.084
S00786,C018,500.614
S00786,C019,434.657
S00786,C020,321.195
S00787,C001,417.903
S00787,C002,394.279
S00787,C003,534.996
S00787,C004,538.157
S00787,C005,641.035
S00787,C006,288.199
S00787,C007,344.225
S00787,C008,398.966
S00787,C009,546.355
S00787,C010,642.145
S00787,C011,645.344
S00787,C012,625.966
S00787,C013,656.462
S00787,C014,616.886
S00787,C015,721.126
S00787,C016,108.448
S00787,C017,95.486
S00787,C018,219.328
S00787,C019,282.608
S00787,C020,284.347
S00788,C001,574.897
S00788,C002,445.5
S00788,C003,348.679
S00788,C004,269.226
S00788,C005,190.18
S00788,C006,758.881
S00788,C007,617.118
S00788,C008,681.169
S00788,C009,574.959
S00788,C010,539.084
S00788,C011,374.482
S00788,C012,259.624
S00788,C013,182.215
S00788,C014,109.332
S00788,C015,70.729
S00788,C016,797.98
S00788,C017,680.215
S00788,C018,710.166
S00788,C019,662.066
S00788,C020,406.615
S00789,C001,679.209
S00789,C002,624.59
S00789,C003,740.997
S00789,C004,718.486
S00789,C005,798.793
S00789,C006,35.602
S00789,C007,202.307
S00789,C008,199.363
S00789,C009,403.338
S00789,C010,518.461
S00789,C011,594.214
S00789,C012,625.8
S00789,C013,685.09
S00789,C014,685.239
S00789,C015,834.144
S00789,C016,274.248
S00789,C017,371.807
S00789,C018,495.063
S00789,C019,557.5
S00789,C020,413.771
S00790,C001,725.155
S00790,C002,589.7
S00790,C003,522.324
S00790,C004,440.304
S00790,C005,380.054
S00790,C006,736.325
S00790,C007,574.758
S00790,C008,622.763
S00790,C009,468.626
S00790,C010,401.343
S00790,C011,231.508
S00790,C012,144.412
S00790,C013,86.066
S00790,C014,155.136
S00790,C015,255.578
S00790,C016,846.175
S00790,C017,757.118
S00790,C018,814.0
S00790,C019,782.3
S00790,C020,466.002
S00791,C001,575.068
S00791,C002,459.288
S00791,C003,330.892
S00791,C004,265.875
S00791,C005,153.853
S00791,C006,859.501
S00791,C007,725.749
S00791,C008,792.86
S00791,C009,695.184
S00791,C010,660.309
S00791,C011,494.812
S00791,C012,380.476
S00791,C013,301.635
S00791,C014,228.965
S00791,C015,52.023
S00791,C016,867.846
S00791,C017,736.661
S00791,C018,747.444
S00791,C019,687.92
S00791,C020,485.259
S00792,C001,179.806
S00792,C002,255.713
S00792,C003,402.228
S00792,C004,449.631
S00792,C005,565.128
S00792,C006,579.956
S00792,C007,601.783
S00792,C008,669.229
S00792,C009,773.514
S00792,C010,846.666
S00792,C011,795.654
S00792,C012,735.407
S00792,C013,733.225
S00792,C014,659.24
S00792,C015,692.391
S00792,C016,339.233
S00792,C017,198.551
S00792,C018,83.727
S00792,C019,28.521
S00792,C020,379.049
S00793,C001,259.805
S00793,C002,284.111
S00793,C003,436.975
S00793,C004,466.055
S00793,C005,580.027
S00793,C006,466.905
S00793,C007,498.146
S00793,C008,562.481
S00793,C009,680.665
S00793,C010,761.871
S00793,C011,728.696
S00793,C012,681.884
S00793,C013,691.582
S00793,C014,628.873
S00793,C015,690.802
S00793,C016,232.827
S00793,C017,84.781
S00793,C018,48.032
S00793,C019,104.985
S00793,C020,316.105
S00794,C001,898.928
S00794,C002,780.411
S00794,C003,808.431
S00794,C004,741.294
S00794,C005,751.106
S00794,C006,468.28
S00794,C007,324.865
S00794,C008,304.285
S00794,C009,114.67
S00794,C010,81.375
S00794,C011,251.87
S00794,C012,361.368
S00794,C013,442.529
S00794,C014,515.03
S00794,C015,689.908
S00794,C016,724.623
S00794,C017,731.389
S00794,C018,842.444
S00794,C019,861.221
S00794,C020,527.135
S00795,C001,468.888
S00795,C002,349.024
S00795,C003,396.474
S00795,C004,345.076
S00795,C005,399.514
S00795,C006,391.969
S00795,C007,268.945
S00795,C008,343.58
S00795,C009,332.654
S00795,C010,377.324
S00795,C011,315.058
S00795,C012,274.221
S00795,C013,303.519
S00795,C014,277.485
S00795,C015,419.565
S00795,C016,456.624
S00795,C017,379.62
S00795,C018,460.087
S00795,C019,454.781
S00795,C020,103.189
S00796,C001,774.445
S00796,C002,676.813
S00796,C003,746.108
S00796,C004,695.919
S00796,C005,740.715
S00796,C006,239.068
S00796,C007,121.114
S00796,C008,75.107
S00796,C009,139.311
S00796,C010,254.584
S00796,C011,370.54
S00796,C012,439.885
S00796,C013,515.696
S00796,C014,552.39
S00796,C015,725.414
S00796,C016,510.682
S00796,C017,545.621
S00796,C018,665.943
S00796,C019,701.675
S00796,C020,416.724
S00797,C001,750.566
S00797,C002,658.138
S00797,C003,735.276
S00797,C004,689.051
S00797,C005,740.239
S00797,C006,195.48
S00797,C007,90.919
S00797,C008,31.446
S00797,C009,178.063
S00797,C010,294.145
S00797,C011,399.711
S00797,C012,460.905
S00797,C013,534.024
S00797,C014,563.68
S00797,C015,733.813
S00797,C016,469.118
S00797,C017,510.023
S00797,C018,631.701
S00797,C019,670.86
S00797,C020,400.823
S00798,C001,898.944
S00798,C002,776.499
S00798,C003,794.709
S00798,C004,724.655
S00798,C005,726.962
S00798,C006,507.173
S00798,C007,356.136
S00798,C008,344.227
S00798,C009,141.991
S00798,C010,54.077
S00798,C011,213.747
S00798,C012,327.142
S00798,C013,406.911
S00798,C014,484.963
S00798,C015,657.406
S00798,C016,753.01
S00798,C017,749.769
S00798,C018,857.079
S00798,C019,870.809
S00798,C020,529.297
S00799,C001,826.649
S00799,C002,703.608
S00799,C003,722.23
S00799,C004,652.872
S00799,C005,658.484
S00799,C006,471.164
S00799,C007,310.72
S00799,C008,313.476
S00799,C009,107.24
S00799,C010,19.45
S00799,C011,160.633
S00799,C012,267.463
S00799,C013,348.871
S00799,C014,420.765
S00799,C015,595.586
S00799,C016,699.662
S00799,C017,686.757
S00799,C018,791.122
S00799,C019,801.939
S00799,C020,457.944
S00800,C001,703.107
S00800,C002,572.175
S00800,C003,568.355
S00800,C004,494.348
S00800,C005,489.984
S00800,C006,515.508
S00800,C007,348.294
S00800,C008,387.006
S00800,C009,229.434
S00800,C010,186.579
S00800,C011,61.257
S00800,C012,101.365
S00800,C013,182.544
S00800,C014,249.252
S00800,C015,424.463
S00800,C016,678.693
S00800,C017,627.081
S00800,C018,713.629
S00800,C019,707.281
S00800,C020,355.896
S00801,C001,252.966
S00801,C002,179.531
S00801,C003,41.519
S00801,C004,112.686
S00801,C005,186.693
S00801,C006,770.589
S00801,C007,693.112
S00801,C008,770.914
S00801,C009,762.477
S00801,C010,779.522
S00801,C011,652.546
S00801,C012,548.303
S00801,C013,500.865
S00801,C014,402.863
S00801,C015,336.905
S00801,C016,665.783
S00801,C017,510.129
S00801,C018,474.599
S00801,C019,397.526
S00801,C020,379.995
S00802,C001,253.008
S00802,C002,147.743
S00802,C003,24.854
S00802,C004,63.044
S00802,C005,168.5
S00802,C006,710.339
S00802,C007,628.71
S00802,C008,706.387
S00802,C009,697.122
S00802,C010,715.942
S00802,C011,592.668
S00802,C012,491.167
S00802,C013,448.713
S00802,C014,352.148
S00802,C015,311.674
S00802,C016,620.987
S00802,C017,469.049
S00802,C018,447.859
S00802,C019,377.478
S00802,C020,316.653
S00803,C001,792.752
S00803,C002,661.918
S00803,C003,655.131
S00803,C004,579.62
S00803,C005,567.208
S00803,C006,554.388
S00803,C007,386.572
S00803,C008,409.465
S00803,C009,219.01
S00803,C010,133.73
S00803,C011,41.774
S00803,C012,157.287
S00803,C013,234.615
S00803,C014,318.411
S00803,C015,486.734
S00803,C016,745.433
S00803,C017,705.424
S00803,C018,796.77
S00803,C019,793.769
S00803,C020,442.025
S00804,C001,80.489
S00804,C002,195.506
S00804,C003,263.658
S00804,C004,339.675
S00804,C005,440.133
S00804,C006,761.167
S00804,C007,739.321
S00804,C008,814.798
S00804,C009,869.406
S00804,C010,916.861
S00804,C011,823.699
S00804,C012,736.537
S00804,C013,708.38
S00804,C014,616.705
S00804,C015,587.702
S00804,C016,563.03
S00804,C017,407.621
S00804,C018,316.338
S00804,C019,229.697
S00804,C020,446.825
S00805,C001,683.367
S00805,C002,547.287
S00805,C003,501.472
S00805,C004,420.424
S00805,C005,382.755
S00805,C006,648.608
S00805,C007,486.929
S00805,C008,535.691
S00805,C009,388.446
S00805,C010,332.532
S00805,C011,163.028
S00805,C012,58.401
S00805,C013,33.754
S00805,C014,131.305
S00805,C015,285.279
S00805,C016,766.184
S00805,C017,684.791
S00805,C018,749.654
S00805,C019,724.742
S00805,C020,394.207
S00806,C001,191.963
S00806,C002,121.976
S00806,C003,58.249
S00806,C004,137.193
S00806,C005,235.047
S00806,C006,730.185
S00806,C007,663.822
S00806,C008,741.875
S00806,C009,749.661
S00806,C010,775.971
S00806,C011,659.491
S00806,C012,560.913
S00806,C013,521.346
S00806,C014,425.452
S00806,C015,382.326
S00806,C016,609.796
S00806,C017,452.62
S00806,C018,412.541
S00806,C019,334.808
S00806,C020,349.45
S00807,C001,395.9
S00807,C002,282.589
S00807,C003,352.188
S00807,C004,314.152
S00807,C005,388.566
S00807,C006,393.287
S00807,C007,299.536
S00807,C008,377.374
S00807,C009,399.471
S00807,C010,452.515
S00807,C011,392.202
S00807,C012,343.566
S00807,C013,362.086
S00807,C014,318.565
S00807,C015,436.43
S00807,C016,405.299
S00807,C017,311.19
S00807,C018,384.334
S00807,C019,376.798
S00807,C020,25.214
S00808,C001,521.923
S00808,C002,477.22
S00808,C003,604.656
S00808,C004,593.214
S00808,C005,685.214
S00808,C006,169.45
S00808,C007,245.437
S00808,C008,289.387
S00808,C009,457.308
S00808,C010,561.939
S00808,C011,592.422
S00808,C012,593.839
S00808,C013,637.766
S00808,C014,615.727
S00808,C015,743.464
S00808,C016,154.857
S00808,C017,213.703
S00808,C018,338.057
S00808,C019,397.993
S00808,C020,302.178
S00809,C001,77.496
S00809,C002,87.617
S00809,C003,169.006
S00809,C004,236.793
S00809,C005,344.882
S00809,C006,691.945
S00809,C007,651.646
S00809,C008,728.686
S00809,C009,768.058
S00809,C010,810.309
S00809,C011,712.856
S00809,C012,624.728
S00809,C013,596.924
S00809,C014,506.043
S00809,C015,487.915
S00809,C016,531.229
S00809,C017,371.664
S00809,C018,311.313
S00809,C019,228.485
S00809,C020,347.718
S00810,C001,555.982
S00810,C002,435.376
S00810,C003,315.684
S00810,C004,244.66
S00810,C005,140.457
S00810,C006,818.063
S00810,C007,683.8
S00810,C008,750.913
S00810,C009,654.888
S00810,C010,622.56
S00810,C011,458.653
S00810,C012,343.637
S00810,C013,266.42
S00810,C014,189.022
S00810,C015,14.398
S00810,C016,831.285
S00810,C017,702.796
S00810,C018,718.291
S00810,C019,661.677
S00810,C020,446.364
S00811,C001,776.491
S00811,C002,643.999
S00811,C003,629.735
S00811,C004,552.802
S00811,C005,535.312
S00811,C006,575.314
S00811,C007,407.061
S00811,C008,435.47
S00811,C009,251.94
S00811,C010,172.004
S00811,C011,17.631
S00811,C012,123.147
S00811,C013,197.93
S00811,C014,284.666
S00811,C015,450.518
S00811,C016,753.593
S00811,C017,705.51
S00811,C018,792.374
S00811,C019,785.205
S00811,C020,434.183
S00812,C001,608.316
S00812,C002,528.061
S00812,C003,624.452
S00812,C004,590.651
S00812,C005,660.49
S00812,C006,128.686
S00812,C007,74.209
S00812,C008,131.707
S00812,C009,286.687
S00812,C010,394.224
S00812,C011,445.855
S00812,C012,470.259
S00812,C013,528.584
S00812,C014,530.51
S00812,C015,684.063
S00812,C016,326.138
S00812,C017,355.075
S00812,C018,476.898
S00812,C019,518.422
S00812,C020,286.207
S00813,C001,771.243
S00813,C002,659.601
S00813,C003,705.923
S00813,C004,646.347
S00813,C005,675.016
S00813,C006,339.26
S00813,C007,183.964
S00813,C008,180.731
S00813,C009,30.356
S00813,C010,143.654
S00813,C011,256.536
S00813,C012,335.909
S00813,C013,415.101
S00813,C014,464.248
S00813,C015,640.74
S00813,C016,581.755
S00813,C017,587.739
S00813,C018,700.355
S00813,C019,722.751
S00813,C020,400.116
S00814,C001,659.062
S00814,C002,550.437
S00814,C003,606.798
S00814,C004,552.914
S00814,C005,594.599
S00814,C006,286.72
S00814,C007,118.785
S00814,C008,164.787
S00814,C009,140.177
S00814,C010,228.947
S00814,C011,273.996
S00814,C012,315.612
S00814,C013,384.925
S00814,C014,411.099
S00814,C015,581.645
S00814,C016,488.03
S00814,C017,479.187
S00814,C018,589.078
S00814,C019,609.453
S00814,C020,289.474
S00815,C001,135.757
S00815,C002,224.569
S00815,C003,254.673
S00815,C004,335.451
S00815,C005,425.421
S00815,C006,814.764
S00815,C007,784.938
S00815,C008,861.352
S00815,C009,905.108
S00815,C010,946.309
S00815,C011,844.108
S00815,C012,751.458
S00815,C013,716.967
S00815,C014,622.333
S00815,C015,575.429
S00815,C016,623.998
S00815,C017,467.624
S00815,C018,378.496
S00815,C019,291.746
S00815,C020,484.384
S00816,C001,530.792
S00816,C002,515.161
S00816,C003,656.2
S00816,C004,657.624
S00816,C005,758.291
S00816,C006,241.204
S00816,C007,354.202
S00816,C008,388.055
S00816,C009,567.94
S00816,C010,674.661
S00816,C011,706.304
S00816,C012,703.971
S00816,C013,744.043
S00816,C014,715.006
S00816,C015,831.122
S00816,C016,58.615
S00816,C017,198.043
S00816,C018,306.353
S00816,C019,383.022
S00816,C020,388.865
S00817,C001,591.602
S00817,C002,464.588
S00817,C003,359.594
S00817,C004,282.469
S00817,C005,192.677
S00817,C006,791.199
S00817,C007,649.219
S00817,C008,712.943
S00817,C009,603.895
S00817,C010,564.72
S00817,C011,398.269
S00817,C012,284.469
S00817,C013,204.91
S00817,C014,139.866
S00817,C015,52.082
S00817,C016,827.91
S00817,C017,708.118
S00817,C018,734.871
S00817,C019,684.494
S00817,C020,437.106
S00818,C001,563.335
S00818,C002,549.23
S00818,C003,690.283
S00818,C004,691.266
S00818,C005,791.376
S00818,C006,237.141
S00818,C007,363.819
S00818,C008,391.242
S00818,C009,577.976
S00818,C010,686.918
S00818,C011,725.768
S00818,C012,727.689
S00818,C013,770.001
S00818,C014,743.567
S00818,C015,862.412
S00818,C016,80.31
S00818,C017,230.357
S00818,C018,334.973
S00818,C019,413.52
S00818,C020,419.685
S00819,C001,567.288
S00819,C002,433.582
S00819,C003,357.324
S00819,C004,275.361
S00819,C005,220.793
S00819,C006,698.98
S00819,C007,554.591
S00819,C008,617.697
S00819,C009,511.221
S00819,C010,478.618
S00819,C011,317.056
S00819,C012,201.539
S00819,C013,129.858
S00819,C014,45.085
S00819,C015,132.268
S00819,C016,751.699
S00819,C017,641.447
S00819,C018,681.045
S00819,C019,639.483
S00819,C020,359.608
S00820,C001,702.413
S00820,C002,591.462
S00820,C003,641.699
S00820,C004,584.606
S00820,C005,619.59
S00820,C006,311.004
S00820,C007,144.266
S00820,C008,170.16
S00820,C009,94.351
S00820,C010,186.624
S00820,C011,253.352
S00820,C012,310.976
S00820,C013,385.397
S00820,C014,422.194
S00820,C015,596.3
S00820,C016,529.116
S00820,C017,524.645
S00820,C018,634.995
S00820,C019,655.202
S00820,C020,331.494
S00821,C001,583.671
S00821,C002,469.419
S00821,C003,338.714
S00821,C004,275.632
S00821,C005,162.225
S00821,C006,873.878
S00821,C007,740.061
S00821,C008,807.077
S00821,C009,708.451
S00821,C010,672.507
S00821,C011,506.451
S00821,C012,392.442
S00821,C013,313.103
S00821,C014,242.232
S00821,C015,65.73
S00821,C016,881.246
S00821,C017,749.392
S00821,C018,758.891
S00821,C019,698.562
S00821,C020,499.234
S00822,C001,731.377
S00822,C002,655.194
S00822,C003,751.528
S00822,C004,715.578
S00822,C005,780.631
S00822,C006,95.077
S00822,C007,118.149
S00822,C008,77.165
S00822,C009,284.42
S00822,C010,400.547
S00822,C011,496.317
S00822,C012,545.573
S00822,C013,613.448
S00822,C014,630.375
S00822,C015,792.849
S00822,C016,387.854
S00822,C017,455.79
S00822,C018,580.386
S00822,C019,631.019
S00822,C020,412.825
S00823,C001,662.561
S00823,C002,526.543
S00823,C003,484.103
S00823,C004,403.517
S00823,C005,370.664
S00823,C006,631.14
S00823,C007,470.793
S00823,C008,521.559
S00823,C009,380.847
S00823,C010,331.352
S00823,C011,164.5
S00823,C012,51.283
S00823,C013,30.567
S00823,C014,118.078
S00823,C015,280.743
S00823,C016,744.522
S00823,C017,662.291
S00823,C018,727.079
S00823,C019,702.454
S00823,C020,371.641
S00824,C001,790.29
S00824,C002,659.919
S00824,C003,655.216
S00824,C004,580.183
S00824,C005,569.555
S00824,C006,545.737
S00824,C007,377.994
S00824,C008,400.515
S00824,C009,210.096
S00824,C010,126.474
S00824,C011,46.008
S00824,C012,161.096
S00824,C013,239.44
S00824,C014,321.684
S00824,C015,491.106
S00824,C016,738.231
S00824,C017,699.543
S00824,C018,791.7
S00824,C019,789.548
S00824,C020,437.835
S00825,C001,786.802
S00825,C002,658.893
S00825,C003,663.773
S00825,C004,591.051
S00825,C005,588.11
S00825,C006,508.705
S00825,C007,341.713
S00825,C008,360.911
S00825,C009,168.608
S00825,C010,92.144
S00825,C011,80.038
S00825,C012,188.314
S00825,C013,269.187
S00825,C014,345.023
S00825,C015,518.034
S00825,C016,710.27
S00825,C017,678.975
S00825,C018,775.261
S00825,C019,777.439
S00825,C020,426.873
S00826,C001,717.765
S00826,C002,621.265
S00826,C003,694.037
S00826,C004,646.241
S00826,C005,695.805
S00826,C006,211.011
S00826,C007,66.963
S00826,C008,59.758
S00826,C009,157.126
S00826,C010,271.887
S00826,C011,363.216
S00826,C012,419.108
S00826,C013,491.022
S00826,C014,518.967
S00826,C015,688.798
S00826,C016,464.743
S00826,C017,491.604
S00826,C018,610.957
S00826,C019,645.343
S00826,C020,361.989
S00827,C001,175.804
S00827,C002,250.15
S00827,C003,396.919
S00827,C004,444.036
S00827,C005,559.549
S00827,C006,578.182
S00827,C007,598.545
S00827,C008,666.291
S00827,C009,769.438
S00827,C010,842.162
S00827,C011,790.528
S00827,C012,729.986
S00827,C013,727.622
S00827,C014,653.537
S00827,C015,686.674
S00827,C016,339.743
S00827,C017,197.426
S00827,C018,84.889
S00827,C019,22.934
S00827,C020,374.007
S00828,C001,91.888
S00828,C002,158.065
S00828,C003,301.902
S00828,C004,351.892
S00828,C005,466.959
S00828,C006,600.933
S00828,C007,594.404
S00828,C008,667.218
S00828,C009,745.556
S00828,C010,807.428
S00828,C011,738.742
S00828,C012,668.245
S00828,C013,657.806
S00828,C014,577.928
S00828,C015,597.973
S00828,C016,399.129
S00828,C017,242.359
S00828,C018,163.703
S00828,C019,79.951
S00828,C020,330.356
S00829,C001,394.515
S00829,C002,287.897
S00829,C003,148.552
S00829,C004,97.91
S00829,C005,33.703
S00829,C006,785.572
S00829,C007,678.393
S00829,C008,753.11
S00829,C009,703.543
S00829,C010,698.846
S00829,C011,552.769
S00829,C012,440.408
S00829,C013,379.375
S00829,C014,281.921
S00829,C015,183.499
S00829,C016,738.444
S00829,C017,593.868
S00829,C018,585.597
S00829,C019,518.621
S00829,C020,388.076
S00830,C001,178.882
S00830,C002,259.742
S00830,C003,404.96
S00830,C004,453.774
S00830,C005,569.153
S00830,C006,589.076
S00830,C007,611.463
S00830,C008,678.851
S00830,C009,783.147
S00830,C010,856.112
S00830,C011,804.48
S00830,C012,743.647
S00830,C013,740.85
S00830,C014,666.277
S00830,C015,697.496
S00830,C016,346.403
S00830,C017,207.299
S00830,C018,90.503
S00830,C019,36.56
S00830,C020,387.998
S00831,C001,679.663
S00831,C002,603.469
S00831,C003,701.347
S00831,C004,667.061
S00831,C005,734.937
S00831,C006,82.02
S00831,C007,88.619
S00831,C008,89.059
S00831,C009,286.755
S00831,C010,401.417
S00831,C011,480.195
S00831,C012,519.537
S00831,C013,583.681
S00831,C014,594.161
S00831,C015,752.823
S00831,C016,351.789
S00831,C017,408.669
S00831,C018,532.873
S00831,C019,581.291
S00831,C020,363.042
S00832,C001,242.707
S00832,C002,311.712
S00832,C003,461.047
S00832,C004,504.426
S00832,C005,620.066
S00832,C006,554.545
S00832,C007,593.586
S00832,C008,656.837
S00832,C009,776.389
S00832,C010,856.269
S00832,C011,817.35
S00832,C012,764.553
S00832,C013,768.263
S00832,C014,699.066
S00832,C015,742.961
S00832,C016,294.246
S00832,C017,172.74
S00832,C018,48.76
S00832,C019,81.864
S00832,C020,401.374
S00833,C001,454.328
S00833,C002,422.481
S00833,C003,558.709
S00833,C004,556.453
S00833,C005,655.712
S00833,C006,246.39
S00833,C007,308.569
S00833,C008,360.246
S00833,C009,514.524
S00833,C010,613.472
S00833,C011,625.85
S00833,C012,613.512
S00833,C013,648.782
S00833,C014,615.2
S00833,C015,728.17
S00833,C016,112.039
S00833,C017,137.095
S00833,C018,261.135
S00833,C019,323.243
S00833,C020,286.487
S00834,C001,71.259
S00834,C002,144.393
S00834,C003,205.744
S00834,C004,280.823
S00834,C005,382.694
S00834,C006,736.824
S00834,C007,703.536
S00834,C008,780.106
S00834,C009,824.141
S00834,C010,867.288
S00834,C011,769.472
S00834,C012,680.266
S00834,C013,650.494
S00834,C014,558.266
S00834,C015,529.508
S00834,C016,559.075
S00834,C017,400.393
S00834,C018,324.243
S00834,C019,237.639
S00834,C020,402.901
S00835,C001,698.757
S00835,C002,607.165
S00835,C003,687.121
S00835,C004,643.043
S00835,C005,698.274
S00835,C006,175.452
S00835,C007,39.091
S00835,C008,43.713
S00835,C009,193.653
S00835,C010,307.858
S00835,C011,392.21
S00835,C012,441.398
S00835,C013,510.623
S00835,C014,532.457
S00835,C015,699.113
S00835,C016,429.253
S00835,C017,461.489
S00835,C018,582.25
S00835,C019,619.855
S00835,C020,351.063
S00836,C001,716.88
S00836,C002,618.816
S00836,C003,689.42
S00836,C004,640.646
S00836,C005,688.779
S00836,C006,221.226
S00836,C007,72.123
S00836,C008,70.722
S00836,C009,147.514
S00836,C010,261.792
S00836,C011,352.137
S00836,C012,408.54
S00836,C013,480.782
S00836,C014,509.71
S00836,C015,680.078
S00836,C016,471.602
S00836,C017,495.276
S00836,C018,613.908
S00836,C019,646.907
S00836,C020,358.851
S00837,C001,367.317
S00837,C002,249.886
S00837,C003,316.426
S00837,C004,279.727
S00837,C005,357.862
S00837,C006,425.928
S00837,C007,335.318
S00837,C008,413.169
S00837,C009,430.852
S00837,C010,478.94
S00837,C011,408.204
S00837,C012,350.24
S00837,C013,360.648
S00837,C014,308.108
S00837,C015,414.075
S00837,C016,419.43
S00837,C017,313.267
S00837,C018,375.575
S00837,C019,360.314
S00837,C020,29.217
S00838,C001,444.128
S00838,C002,438.876
S00838,C003,584.902
S00838,C004,594.181
S00838,C005,699.955
S00838,C006,310.172
S00838,C007,392.669
S00838,C008,439.753
S00838,C009,600.652
S00838,C010,700.258
S00838,C011,710.335
S00838,C012,693.263
S00838,C013,724.208
S00838,C014,684.042
S00838,C015,785.019
S00838,C016,48.968
S00838,C017,111.663
S00838,C018,216.309
S00838,C019,293.308
S00838,C020,351.094
S00839,C001,246.904
S00839,C002,111.11
S00839,C003,131.932
S00839,C004,118.604
S00839,C005,228.056
S00839,C006,599.731
S00839,C007,520.777
S00839,C008,598.701
S00839,C009,602.923
S00839,C010,633.065
S00839,C011,526.495
S00839,C012,436.686
S00839,C013,410.949
S00839,C014,323.466
S00839,C015,341.837
S00839,C016,523.616
S00839,C017,378.521
S00839,C018,380.116
S00839,C019,324.234
S00839,C020,207.133
S00840,C001,278.779
S00840,C002,169.805
S00840,C003,43.487
S00840,C004,38.616
S00840,C005,142.993
S00840,C006,714.435
S00840,C007,627.143
S00840,C008,704.462
S00840,C009,687.671
S00840,C010,702.65
S00840,C011,575.572
S00840,C012,472.182
S00840,C013,427.265
S00840,C014,330.042
S00840,C015,285.617
S00840,C016,635.446
S00840,C017,485.486
S00840,C018,469.011
S00840,C019,400.356
S00840,C020,317.869
S00841,C001,318.167
S00841,C002,214.779
S00841,C003,72.444
S00841,C004,46.905
S00841,C005,104.862
S00841,C006,750.373
S00841,C007,656.525
S00841,C008,733.187
S00841,C009,704.952
S00841,C010,712.766
S00841,C011,577.959
S00841,C012,470.459
S00841,C013,418.846
S00841,C014,320.406
S00841,C015,253.242
S00841,C016,679.716
S00841,C017,530.619
S00841,C018,514.425
S00841,C019,444.934
S00841,C020,352.02
S00842,C001,274.363
S00842,C002,276.925
S00842,C003,427.931
S00842,C004,449.609
S00842,C005,561.671
S00842,C006,430.374
S00842,C007,455.242
S00842,C008,520.606
S00842,C009,636.583
S00842,C010,717.936
S00842,C011,686.825
S00842,C012,642.661
S00842,C013,655.089
S00842,C014,595.622
S00842,C015,665.957
S00842,C016,217.857
S00842,C017,58.707
S00842,C018,92.129
S00842,C019,135.687
S00842,C020,276.727
S00843,C001,785.816
S00843,C002,671.276
S00843,C003,711.341
S00843,C004,649.308
S00843,C005,672.774
S00843,C006,369.776
S00843,C007,213.536
S00843,C008,210.907
S00843,C009,11.443
S00843,C010,113.138
S00843,C011,233.795
S00843,C012,319.817
S00843,C013,400.26
S00843,C014,454.822
S00843,C015,631.826
S00843,C016,609.967
S00843,C017,611.868
S00843,C018,722.816
S00843,C019,742.644
S00843,C020,413.845
S00844,C001,43.84
S00844,C002,162.77
S00844,C003,247.729
S00844,C004,319.79
S00844,C005,424.85
S00844,C006,724.783
S00844,C007,702.027
S00844,C008,777.51
S00844,C009,833.045
S00844,C010,881.766
S00844,C011,791.225
S00844,C012,706.075
S00844,C013,680.443
S00844,C014,590.261
S00844,C015,570.14
S00844,C016,531.745
S00844,C017,374.971
S00844,C018,289.325
S00844,C019,202.204
S00844,C020,410.405
S00845,C001,429.898
S00845,C002,322.459
S00845,C003,397.378
S00845,C004,359.266
S00845,C005,431.159
S00845,C006,350.153
S00845,C007,254.476
S00845,C008,332.41
S00845,C009,364.868
S00845,C010,426.16
S00845,C011,382.162
S00845,C012,346.847
S00845,C013,375.166
S00845,C014,342.42
S00845,C015,471.487
S00845,C016,385.237
S00845,C017,307.978
S00845,C018,393.66
S00845,C019,395.807
S00845,C020,61.378
S00846,C001,797.975
S00846,C002,687.354
S00846,C003,734.723
S00846,C004,675.214
S00846,C005,703.426
S00846,C006,343.222
S00846,C007,195.892
S00846,C008,180.86
S00846,C009,31.141
S00846,C010,144.357
S00846,C011,273.944
S00846,C012,358.803
S00846,C013,438.812
S00846,C014,490.617
S00846,C015,667.364
S00846,C016,595.821
S00846,C017,608.006
S00846,C018,722.195
S00846,C019,746.632
S00846,C020,427.382
S00847,C001,409.212
S00847,C002,280.646
S00847,C003,190.591
S00847,C004,108.6
S00847,C005,96.241
S00847,C006,689.127
S00847,C007,572.689
S00847,C008,645.969
S00847,C009,590.464
S00847,C010,587.079
S00847,C011,445.293
S00847,C012,335.787
S00847,C013,283.265
S00847,C014,184.966
S00847,C015,164.648
S00847,C016,673.934
S00847,C017,541.348
S00847,C018,556.17
S00847,C019,501.978
S00847,C020,299.057
S00848,C001,55.498
S00848,C002,83.595
S00848,C003,194.709
S00848,C004,256.679
S00848,C005,367.938
S00848,C006,666.453
S00848,C007,632.346
S00848,C008,708.819
S00848,C009,756.297
S00848,C010,802.957
S00848,C011,711.757
S00848,C012,627.498
S00848,C013,603.903
S00848,C014,515.421
S00848,C015,507.85
S00848,C016,498.981
S00848,C017,339.446
S00848,C018,277.733
S00848,C019,195.291
S00848,C020,334.053
S00849,C001,257.679
S00849,C002,287.251
S00849,C003,440.208
S00849,C004,470.962
S00849,C005,585.27
S00849,C006,475.777
S00849,C007,508.532
S00849,C008,572.603
S00849,C009,691.382
S00849,C010,772.602
S00849,C011,739.049
S00849,C012,691.698
S00849,C013,700.816
S00849,C014,637.422
S00849,C015,697.463
S00849,C016,237.21
S00849,C017,92.966
S00849,C018,37.291
S00849,C019,99.404
S00849,C020,326.039
S00850,C001,646.414
S00850,C002,566.51
S00850,C003,661.772
S00850,C004,626.588
S00850,C005,694.057
S00850,C006,109.331
S00850,C007,62.266
S00850,C008,98.581
S00850,C009,274.308
S00850,C010,386.077
S00850,C011,452.42
S00850,C012,485.721
S00850,C013,547.79
S00850,C014,555.445
S00850,C015,712.787
S00850,C016,345.89
S00850,C017,387.119
S00850,C018,510.086
S00850,C019,554.118
S00850,C020,323.146
S00851,C001,605.473
S00851,C002,470.756
S00851,C003,449.324
S00851,C004,372.691
S00851,C005,363.79
S00851,C006,555.228
S00851,C007,398.723
S00851,C008,454.805
S00851,C009,337.053
S00851,C010,311.906
S00851,C011,167.737
S00851,C012,74.74
S00851,C013,101.494
S00851,C014,129.178
S00851,C015,306.218
S00851,C016,662.891
S00851,C017,583.313
S00851,C018,652.501
S00851,C019,632.604
S00851,C020,293.971
S00852,C001,887.437
S00852,C002,766.601
S00852,C003,789.291
S00852,C004,720.62
S00852,C005,726.796
S00852,C006,483.419
S00852,C007,333.753
S00852,C008,320.255
S00852,C009,119.696
S00852,C010,52.395
S00852,C011,221.452
S00852,C012,332.483
S00852,C013,413.234
S00852,C014,487.957
S00852,C015,661.952
S00852,C016,731.606
S00852,C017,731.346
S00852,C018,839.967
S00852,C019,855.52
S00852,C020,516.655
S00853,C001,833.162
S00853,C002,707.672
S00853,C003,718.991
S00853,C004,647.545
S00853,C005,647.269
S00853,C006,502.441
S00853,C007,340.123
S00853,C008,346.179
S00853,C009,140.951
S00853,C010,35.844
S00853,C011,135.882
S00853,C012,247.587
S00853,C013,327.958
S00853,C014,404.823
S00853,C015,577.629
S00853,C016,724.709
S00853,C017,705.947
S00853,C018,807.558
S00853,C019,815.05
S00853,C020,467.664
S00854,C001,188.356
S00854,C002,127.65
S00854,C003,67.054
S00854,C004,147.483
S00854,C005,242.602
S00854,C006,739.242
S00854,C007,674.396
S00854,C008,752.448
S00854,C009,761.398
S00854,C010,787.966
S00854,C011,671.458
S00854,C012,572.705
S00854,C013,532.73
S00854,C014,436.642
S00854,C015,390.721
S00854,C016,614.973
S00854,C017,457.259
S00854,C018,414.027
S00854,C019,335.067
S00854,C020,360.117
S00855,C001,340.42
S00855,C002,337.102
S00855,C003,485.69
S00855,C004,501.023
S00855,C005,610.377
S00855,C006,376.067
S00855,C007,419.623
S00855,C008,479.649
S00855,C009,612.638
S00855,C010,701.449
S00855,C011,686.199
S00855,C012,652.787
S00855,C013,673.098
S00855,C014,621.605
S00855,C015,706.013
S00855,C016,152.636
S00855,C017,7.647
S00855,C018,131.58
S00855,C019,196.083
S00855,C020,291.772
S00856,C001,196.252
S00856,C002,288.004
S00856,C003,430.211
S00856,C004,481.901
S00856,C005,596.945
S00856,C006,610.555
S00856,C007,638.95
S00856,C008,705.148
S00856,C009,813.495
S00856,C010,887.722
S00856,C011,837.428
S00856,C012,776.811
S00856,C013,773.785
S00856,C014,698.735
S00856,C015,727.244
S00856,C016,357.568
S00856,C017,227.461
S00856,C018,104.361
S00856,C019,69.719
S00856,C020,420.816
S00857,C001,393.009
S00857,C002,279.534
S00857,C003,349.26
S00857,C004,311.503
S00857,C005,386.395
S00857,C006,395.624
S00857,C007,302.477
S00857,C008,380.33
S00857,C009,402.451
S00857,C010,455.222
S00857,C011,394.174
S00857,C012,344.793
S00857,C013,362.649
S00857,C014,318.33
S00857,C015,435.135
S00857,C016,405.606
S00857,C017,310.387
S00857,C018,382.702
S00857,C019,374.617
S00857,C020,22.884
S00858,C001,229.139
S00858,C002,302.774
S00858,C003,450.916
S00858,C004,496.141
S00858,C005,611.769
S00858,C006,566.844
S00858,C007,602.629
S00858,C008,666.781
S00858,C009,783.172
S00858,C010,861.54
S00858,C011,819.597
S00858,C012,764.77
S00858,C013,766.801
S00858,C014,696.124
S00858,C015,736.423
S00858,C016,309.226
S00858,C017,184.205
S00858,C018,59.45
S00858,C019,72.041
S00858,C020,403.015
S00859,C001,534.896
S00859,C002,416.551
S00859,C003,292.879
S00859,C004,224.178
S00859,C005,116.443
S00859,C006,818.827
S00859,C007,688.155
S00859,C008,756.642
S00859,C009,667.043
S00859,C010,638.521
S00859,C011,476.451
S00859,C012,361.054
S00859,C013,285.571
S00859,C014,203.236
S00859,C015,39.401
S00859,C016,822.724
S00859,C017,691.302
S00859,C018,702.869
S00859,C019,644.31
S00859,C020,441.248
S00860,C001,469.137
S00860,C002,452.396
S00860,C003,594.28
S00860,C004,597.71
S00860,C005,700.153
S00860,C006,267.464
S00860,C007,352.559
S00860,C008,397.744
S00860,C009,562.286
S00860,C010,663.818
S00860,C011,680.544
S00860,C012,669.005
S00860,C013,703.877
S00860,C014,668.821
S00860,C015,777.911
S00860,C016,56.545
S00860,C017,137.484
S00860,C018,252.228
S00860,C019,324.869
S00860,C020,338.243
S00861,C001,666.969
S00861,C002,532.353
S00861,C003,508.527
S00861,C004,430.697
S00861,C005,413.331
S00861,C006,573.696
S00861,C007,410.71
S00861,C008,458.527
S00861,C009,315.375
S00861,C010,271.218
S00861,C011,112.561
S00861,C012,21.441
S00861,C013,95.974
S00861,C014,165.552
S00861,C015,338.398
S00861,C016,704.771
S00861,C017,634.004
S00861,C018,708.1
S00861,C019,691.124
S00861,C020,347.871
S00862,C001,861.609
S00862,C002,730.43
S00862,C003,720.046
S00862,C004,643.347
S00862,C005,624.743
S00862,C006,598.656
S00862,C007,433.1
S00862,C008,445.991
S00862,C009,243.135
S00862,C010,134.322
S00862,C011,103.452
S00862,C012,212.251
S00862,C013,282.241
S00862,C014,373.054
S00862,C015,534.29
S00862,C016,804.629
S00862,C017,770.642
S00862,C018,864.048
S00862,C019,862.316
S00862,C020,510.602
S00863,C001,212.234
S00863,C002,112.603
S00863,C003,40.358
S00863,C004,101.602
S00863,C005,209.248
S00863,C006,699.808
S00863,C007,627.242
S00863,C008,705.241
S00863,C009,707.896
S00863,C010,732.846
S00863,C011,616.055
S00863,C012,517.934
S00863,C013,479.699
S00863,C014,384.534
S00863,C015,351.983
S00863,C016,594.885
S00863,C017,440.398
S00863,C018,412.354
S00863,C019,339.721
S00863,C020,312.964
S00864,C001,477.721
S00864,C002,365.335
S00864,C003,232.799
S00864,C004,171.31
S00864,C005,56.394
S00864,C006,813.846
S00864,C007,692.925
S00864,C008,764.505
S00864,C009,691.763
S00864,C010,673.199
S00864,C011,516.859
S00864,C012,401.646
S00864,C013,331.45
S00864,C014,240.19
S00864,C015,103.659
S00864,C016,794.511
S00864,C017,656.443
S00864,C018,658.416
S00864,C019,595.43
S00864,C020,424.559
S00865,C001,156.612
S00865,C002,133.054
S00865,C003,112.362
S00865,C004,192.839
S00865,C005,286.514
S00865,C006,752.561
S00865,C007,696.878
S00865,C008,774.79
S00865,C009,793.463
S00865,C010,824.272
S00865,C011,711.853
S00865,C012,614.906
S00865,C013,576.703
S00865,C014,481.087
S00865,C015,435.363
S00865,C016,610.479
S00865,C017,451.271
S00865,C018,396.322
S00865,C019,313.708
S00865,C020,384.292
S00866,C001,512.246
S00866,C002,510.119
S00866,C003,655.949
S00866,C004,663.927
S00866,C005,768.496
S00866,C006,293.758
S00866,C007,404.459
S00866,C008,440.355
S00866,C009,617.575
S00866,C010,722.841
S00866,C011,748.1
S00866,C012,740.122
S00866,C013,776.275
S00866,C014,741.759
S00866,C015,849.52
S00866,C016,22.294
S00866,C017,181.695
S00866,C018,275.479
S00866,C019,357.038
S00866,C020,410.912
S00867,C001,448.335
S00867,C002,322.658
S00867,C003,357.307
S00867,C004,302.387
S00867,C005,354.045
S00867,C006,436.106
S00867,C007,314.335
S00867,C008,388.576
S00867,C009,366.177
S00867,C010,400.327
S00867,C011,318.93
S00867,C012,261.827
S00867,C013,279.449
S00867,C014,241.866
S00867,C015,376.427
S00867,C016,483.996
S00867,C017,394.14
S00867,C018,464.12
S00867,C019,450.188
S00867,C020,104.236
S00868,C001,282.014
S00868,C002,336.827
S00868,C003,488.729
S00868,C004,526.281
S00868,C005,641.54
S00868,C006,514.861
S00868,C007,563.1
S00868,C008,623.609
S00868,C009,752.077
S00868,C010,836.238
S00868,C011,806.343
S00868,C012,759.742
S00868,C013,768.495
S00868,C014,703.963
S00868,C015,758.697
S00868,C016,247.904
S00868,C017,138.292
S00868,C018,37.88
S00868,C019,116.06
S00868,C020,394.041
S00869,C001,602.598
S00869,C002,489.332
S00869,C003,357.183
S00869,C004,295.411
S00869,C005,181.343
S00869,C006,892.401
S00869,C007,757.294
S00869,C008,823.692
S00869,C009,721.684
S00869,C010,683.068
S00869,C011,515.889
S00869,C012,402.725
S00869,C013,322.482
S00869,C014,255.91
S00869,C015,81.887
S00869,C016,901.783
S00869,C017,770.089
S00869,C018,779.367
S00869,C019,718.707
S00869,C020,519.262
S00870,C001,771.703
S00870,C002,684.468
S00870,C003,767.469
S00870,C004,723.841
S00870,C005,778.323
S00870,C006,174.758
S00870,C007,116.12
S00870,C008,38.068
S00870,C009,214.891
S00870,C010,330.125
S00870,C011,441.987
S00870,C012,504.306
S00870,C013,577.35
S00870,C014,605.987
S00870,C015,775.261
S00870,C016,462.137
S00870,C017,516.56
S00870,C018,639.957
S00870,C019,684.021
S00870,C020,430.545
S00871,C001,772.619
S00871,C002,666.565
S00871,C003,722.862
S00871,C004,667.151
S00871,C005,702.864
S00871,C006,296.7
S00871,C007,151.587
S00871,C008,134.87
S00871,C009,72.761
S00871,C010,188.84
S00871,C011,304.745
S00871,C012,379.773
S00871,C013,457.625
S00871,C014,501.364
S00871,C015,676.725
S00871,C016,551.657
S00871,C017,569.494
S00871,C018,685.733
S00871,C019,713.766
S00871,C020,405.256
S00872,C001,737.141
S00872,C002,655.179
S00872,C003,745.251
S00872,C004,705.766
S00872,C005,766.336
S00872,C006,128.371
S00872,C007,98.132
S00872,C008,41.548
S00872,C009,248.323
S00872,C010,364.449
S00872,C011,463.379
S00872,C012,516.441
S00872,C013,586.1
S00872,C014,607.148
S00872,C015,772.412
S00872,C016,414.789
S00872,C017,473.029
S00872,C018,597.003
S00872,C019,643.72
S00872,C020,406.57
S00873,C001,311.808
S00873,C002,297.487
S00873,C003,444.433
S00873,C004,458.0
S00873,C005,566.988
S00873,C006,384.276
S00873,C007,409.781
S00873,C008,474.332
S00873,C009,594.505
S00873,C010,678.706
S00873,C011,654.985
S00873,C012,616.923
S00873,C013,634.466
S00873,C014,580.654
S00873,C015,662.704
S00873,C016,190.345
S00873,C017,40.192
S00873,C018,135.335
S00873,C019,181.659
S00873,C020,253.193
S00874,C001,284.502
S00874,C002,329.657
S00874,C003,482.327
S00874,C004,516.633
S00874,C005,631.462
S00874,C006,492.863
S00874,C007,539.578
S00874,C008,600.289
S00874,C009,728.629
S00874,C010,813.149
S00874,C011,784.723
S00874,C012,739.609
S00874,C013,749.795
S00874,C014,686.842
S00874,C015,745.766
S00874,C016,230.88
S00874,C017,114.852
S00874,C018,31.573
S00874,C019,118.387
S00874,C020,373.688
S00875,C001,438.053
S00875,C002,326.034
S00875,C003,193.462
S00875,C004,132.149
S00875,C005,16.693
S00875,C006,791.145
S00875,C007,675.771
S00875,C008,748.824
S00875,C009,686.474
S00875,C010,674.611
S00875,C011,523.174
S00875,C012,409.095
S00875,C013,343.63
S00875,C014,248.229
S00875,C015,136.129
S00875,C016,761.386
S00875,C017,621.099
S00875,C018,620.224
S00875,C019,556.352
S00875,C020,397.755
S00876,C001,65.771
S00876,C002,186.89
S00876,C003,310.559
S00876,C004,372.339
S00876,C005,484.226
S00876,C006,666.329
S00876,C007,661.592
S00876,C008,734.442
S00876,C009,810.64
S00876,C010,869.961
S00876,C011,795.364
S00876,C012,719.998
S00876,C013,704.173
S00876,C014,619.976
S00876,C015,623.056
S00876,C016,452.715
S00876,C017,300.191
S00876,C018,203.563
S00876,C019,117.277
S00876,C020,392.619
S00877,C001,808.684
S00877,C002,678.216
S00877,C003,672.502
S00877,C004,597.108
S00877,C005,584.71
S00877,C006,556.866
S00877,C007,389.62
S00877,C008,409.211
S00877,C009,214.292
S00877,C010,122.071
S00877,C011,59.011
S00877,C012,174.373
S00877,C013,250.973
S00877,C014,335.663
S00877,C015,503.351
S00877,C016,753.761
S00877,C017,716.83
S00877,C018,809.594
S00877,C019,807.821
S00877,C020,456.13
S00878,C001,549.02
S00878,C002,539.692
S00878,C003,682.705
S00878,C004,686.303
S00878,C005,788.127
S00878,C006,258.677
S00878,C007,381.12
S00878,C008,411.016
S00878,C009,595.229
S00878,C010,703.164
S00878,C011,737.859
S00878,C012,736.587
S00878,C013,776.895
S00878,C014,747.707
S00878,C015,862.791
S00878,C016,60.839
S00878,C017,216.359
S00878,C018,316.759
S00878,C019,396.759
S00878,C020,420.917
S00879,C001,622.751
S00879,C002,488.705
S00879,C003,412.364
S00879,C004,330.524
S00879,C005,269.197
S00879,C006,719.539
S00879,C007,568.404
S00879,C008,627.006
S00879,C009,503.414
S00879,C010,458.684
S00879,C011,291.229
S00879,C012,178.376
S00879,C013,97.798
S00879,C014,66.905
S00879,C015,156.36
S00879,C016,790.691
S00879,C017,686.473
S00879,C018,731.038
S00879,C019,691.942
S00879,C020,400.137
S00880,C001,371.86
S00880,C002,366.153
S00880,C003,513.509
S00880,C004,526.156
S00880,C005,634.128
S00880,C006,351.11
S00880,C007,404.614
S00880,C008,461.507
S00880,C009,602.654
S00880,C010,694.851
S00880,C011,687.3
S00880,C012,659.066
S00880,C013,682.962
S00880,C014,635.271
S00880,C015,725.775
S00880,C016,122.139
S00880,C017,38.928
S00880,C018,157.225
S00880,C019,226.175
S00880,C020,302.995
S00881,C001,153.32
S00881,C002,65.586
S00881,C003,97.226
S00881,C004,158.259
S00881,C005,268.617
S00881,C006,680.267
S00881,C007,621.448
S00881,C008,699.393
S00881,C009,719.47
S00881,C010,753.281
S00881,C011,646.623
S00881,C012,554.034
S00881,C013,522.184
S00881,C014,429.687
S00881,C015,409.582
S00881,C016,553.226
S00881,C017,395.927
S00881,C018,358.086
S00881,C019,282.651
S00881,C020,308.702
S00882,C001,422.906
S00882,C002,312.512
S00882,C003,383.549
S00882,C004,344.211
S00882,C005,415.391
S00882,C006,365.927
S00882,C007,268.169
S00882,C008,345.957
S00882,C009,371.595
S00882,C010,429.105
S00882,C011,378.682
S00882,C012,338.914
S00882,C013,364.473
S00882,C014,329.064
S00882,C015,456.181
S00882,C016,396.873
S00882,C017,314.544
S00882,C018,396.236
S00882,C019,394.902
S00882,C020,51.343
S00883,C001,543.438
S00883,C002,430.32
S00883,C003,298.277
S00883,C004,236.322
S00883,C005,122.096
S00883,C006,852.772
S00883,C007,723.694
S00883,C008,792.588
S00883,C009,703.637
S00883,C010,674.234
S00883,C011,511.263
S00883,C012,396.042
S00883,C013,319.452
S00883,C014,239.334
S00883,C015,67.478
S00883,C016,849.66
S00883,C017,715.203
S00883,C018,721.531
S00883,C019,659.974
S00883,C020,471.774
S00884,C001,703.861
S00884,C002,612.652
S00884,C003,692.91
S00884,C004,648.897
S00884,C005,704.11
S00884,C006,173.872
S00884,C007,44.098
S00884,C008,37.882
S00884,C009,194.422
S00884,C010,309.091
S00884,C011,395.705
S00884,C012,445.95
S00884,C013,515.49
S00884,C014,537.838
S00884,C015,704.695
S00884,C016,430.949
S00884,C017,465.014
S00884,C018,586.046
S00884,C019,624.198
S00884,C020,356.749
S00885,C001,531.121
S00885,C002,517.497
S00885,C003,659.276
S00885,C004,661.578
S00885,C005,762.776
S00885,C006,248.001
S00885,C007,362.038
S00885,C008,395.593
S00885,C009,575.797
S00885,C010,682.542
S00885,C011,713.964
S00885,C012,711.229
S00885,C013,750.965
S00885,C014,721.389
S00885,C015,836.61
S00885,C016,53.611
S00885,C017,198.166
S00885,C018,304.45
S00885,C019,382.037
S00885,C020,394.615
S00886,C001,611.809
S00886,C002,490.889
S00886,C003,371.026
S00886,C004,300.492
S00886,C005,194.865
S00886,C006,851.542
S00886,C007,711.323
S00886,C008,775.588
S00886,C009,666.169
S00886,C010,624.333
S00886,C011,456.389
S00886,C012,344.023
S00886,C013,263.189
S00886,C014,202.862
S00886,C015,51.093
S00886,C016,878.169
S00886,C017,753.043
S00886,C018,771.902
S00886,C019,716.507
S00886,C020,489.887
S00887,C001,433.657
S00887,C002,313.189
S00887,C003,363.363
S00887,C004,315.044
S00887,C005,376.089
S00887,C006,408.08
S00887,C007,295.28
S00887,C008,371.4
S00887,C009,368.359
S00887,C010,412.434
S00887,C011,343.74
S00887,C012,293.814
S00887,C013,314.621
S00887,C014,277.306
S00887,C015,407.611
S00887,C016,448.194
S00887,C017,360.194
S00887,C018,434.016
S00887,C019,424.415
S00887,C020,73.545
S00888,C001,67.577
S00888,C002,178.925
S00888,C003,250.051
S00888,C004,325.112
S00888,C005,426.899
S00888,C006,748.45
S00888,C007,724.551
S00888,C008,800.224
S00888,C009,853.365
S00888,C010,900.431
S00888,C011,807.12
S00888,C012,720.086
S00888,C013,692.251
S00888,C014,600.816
S00888,C015,573.884
S00888,C016,554.693
S00888,C017,398.283
S00888,C018,310.606
S00888,C019,223.58
S00888,C020,430.845
S00889,C001,260.276
S00889,C002,263.426
S00889,C003,414.79
S00889,C004,437.715
S00889,C005,550.237
S00889,C006,441.367
S00889,C007,462.118
S00889,C008,528.527
S00889,C009,640.626
S00889,C010,720.256
S00889,C011,685.74
S00889,C012,639.311
S00889,C013,650.029
S00889,C014,588.928
S00889,C015,656.222
S00889,C016,232.161
S00889,C017,72.94
S00889,C018,89.937
S00889,C019,124.613
S00889,C020,273.417
S00890,C001,545.631
S00890,C002,537.69
S00890,C003,681.227
S00890,C004,685.553
S00890,C005,787.832
S00890,C006,264.674
S00890,C007,386.188
S00890,C008,416.636
S00890,C009,600.254
S00890,C010,707.94
S00890,C011,741.608
S00890,C012,739.525
S00890,C013,779.31
S00890,C014,749.405
S00890,C015,863.471
S00890,C016,56.324
S00890,C017,213.234
S00890,C018,312.244
S00890,C019,392.67
S00890,C020,421.933
S00891,C001,626.924
S00891,C002,537.911
S00891,C003,623.862
S00891,C004,584.109
S00891,C005,646.572
S00891,C006,164.969
S00891,C007,33.532
S00891,C008,108.828
S00891,C009,238.466
S00891,C010,345.045
S00891,C011,399.595
S00891,C012,429.87
S00891,C013,491.725
S00891,C014,500.577
S00891,C015,659.917
S00891,C016,373.67
S00891,C017,392.531
S00891,C018,511.897
S00891,C019,547.756
S00891,C020,285.525
S00892,C001,426.325
S00892,C002,314.263
S00892,C003,382.079
S00892,C004,341.186
S00892,C005,410.614
S00892,C006,370.867
S00892,C007,269.901
S00892,C008,347.493
S00892,C009,368.448
S00892,C010,424.148
S00892,C011,371.542
S00892,C012,330.899
S00892,C013,356.289
S00892,C014,321.22
S00892,C015,449.475
S00892,C016,404.987
S00892,C017,322.47
S00892,C018,403.345
S00892,C019,400.96
S00892,C020,54.255
S00893,C001,753.023
S00893,C002,642.108
S00893,C003,690.451
S00893,C004,631.876
S00893,C005,662.864
S00893,C006,326.138
S00893,C007,167.812
S00893,C008,170.543
S00893,C009,48.364
S00893,C010,157.394
S00893,C011,258.796
S00893,C012,332.561
S00893,C013,410.637
S00893,C014,456.222
S00893,C015,632.173
S00893,C016,564.252
S00893,C017,568.85
S00893,C018,681.331
S00893,C019,703.769
S00893,C020,382.21
S00894,C001,103.188
S00894,C002,236.8
S00894,C003,346.342
S00894,C004,414.077
S00894,C005,522.766
S00894,C006,715.106
S00894,C007,716.343
S00894,C008,788.432
S00894,C009,867.871
S00894,C010,927.575
S00894,C011,852.069
S00894,C012,775.226
S00894,C013,757.303
S00894,C014,671.355
S00894,C015,665.403
S00894,C016,487.871
S00894,C017,341.477
S00894,C018,232.77
S00894,C019,153.135
S00894,C020,450.231
S00895,C001,343.055
S00895,C002,233.723
S00895,C003,99.463
S00895,C004,45.748
S00895,C005,78.405
S00895,C006,746.763
S00895,C007,647.292
S00895,C008,723.303
S00895,C009,687.64
S00895,C010,691.795
S00895,C011,553.962
S00895,C012,445.205
S00895,C013,391.719
S00895,C014,293.198
S00895,C015,224.827
S00895,C016,687.951
S00895,C017,541.601
S00895,C018,531.413
S00895,C019,464.459
S00895,C020,348.0
S00896,C001,778.445
S00896,C002,648.309
S00896,C003,644.995
S00896,C004,570.371
S00896,C005,561.495
S00896,C006,536.176
S00896,C007,368.228
S00896,C008,392.431
S00896,C009,205.18
S00896,C010,127.922
S00896,C011,42.678
S00896,C012,155.277
S00896,C013,234.852
S00896,C014,314.841
S00896,C015,485.615
S00896,C016,726.435
S00896,C017,687.142
S00896,C018,779.215
S00896,C019,777.136
S00896,C020,425.435
S00897,C001,839.531
S00897,C002,706.264
S00897,C003,685.692
S00897,C004,607.249
S00897,C005,581.396
S00897,C006,625.947
S00897,C007,458.297
S00897,C008,479.188
S00897,C009,283.026
S00897,C010,182.529
S00897,C011,83.063
S00897,C012,171.779
S00897,C013,234.474
S00897,C014,328.811
S00897,C015,484.455
S00897,C016,815.313
S00897,C017,770.428
S00897,C018,857.948
S00897,C019,850.621
S00897,C020,499.741
S00898,C001,751.008
S00898,C002,639.615
S00898,C003,687.126
S00898,C004,628.263
S00898,C005,658.762
S00898,C006,329.224
S00898,C007,169.951
S00898,C008,174.368
S00898,C009,48.02
S00898,C010,154.803
S00898,C011,254.208
S00898,C012,327.765
S00898,C013,405.855
S00898,C014,451.611
S00898,C015,627.614
S00898,C016,565.566
S00898,C017,568.826
S00898,C018,680.888
S00898,C019,702.749
S00898,C020,379.962
S00899,C001,168.364
S00899,C002,249.47
S00899,C003,394.312
S00899,C004,443.513
S00899,C005,558.839
S00899,C006,591.321
S00899,C007,610.719
S00899,C008,678.756
S00899,C009,780.413
S00899,C010,852.238
S00899,C011,798.719
S00899,C012,736.778
S00899,C013,733.105
S00899,C014,657.879
S00899,C015,687.652
S00899,C016,352.472
S00899,C017,210.661
S00899,C018,97.113
S00899,C019,31.144
S00899,C020,382.606
S00900,C001,467.691
S00900,C002,350.162
S00900,C003,226.256
S00900,C004,157.144
S00900,C005,52.347
S00900,C006,782.999
S00900,C007,661.313
S00900,C008,732.822
S00900,C009,661.009
S00900,C010,644.215
S00900,C011,489.654
S00900,C012,374.838
S00900,C013,306.946
S00900,C014,213.345
S00900,C015,98.542
S00900,C016,768.545
S00900,C017,632.744
S00900,C018,639.197
S00900,C019,578.817
S00900,C020,395.232
S00901,C001,217.52
S00901,C002,144.322
S00901,C003,39.913
S00901,C004,121.935
S00901,C005,212.877
S00901,C006,744.823
S00901,C007,673.444
S00901,C008,751.445
S00901,C009,752.238
S00901,C010,774.682
S00901,C011,653.78
S00901,C012,552.792
S00901,C013,510.05
S00901,C014,413.148
S00901,C015,361.512
S00901,C016,631.751
S00901,C017,475.305
S00901,C018,437.774
S00901,C019,360.55
S00901,C020,359.152
S00902,C001,431.673
S00902,C002,323.531
S00902,C003,397.167
S00902,C004,358.397
S00902,C005,429.542
S00902,C006,351.8
S00902,C007,254.579
S00902,C008,332.455
S00902,C009,362.954
S00902,C010,423.586
S00902,C011,378.874
S00902,C012,343.382
S00902,C013,371.768
S00902,C014,339.312
S00902,C015,468.979
S00902,C016,388.595
S00902,C017,311.402
S00902,C018,396.83
S00902,C019,398.594
S00902,C020,62.217
S00903,C001,736.59
S00903,C002,642.64
S00903,C003,718.228
S00903,C004,671.464
S00903,C005,722.143
S00903,C006,199.895
S00903,C007,78.378
S00903,C008,38.63
S00903,C009,169.201
S00903,C010,285.225
S00903,C011,385.235
S00903,C012,444.253
S00903,C013,516.859
S00903,C014,545.714
S00903,C015,715.665
S00903,C016,466.002
S00903,C017,501.418
S00903,C018,622.273
S00903,C019,659.615
S00903,C020,384.554
S00904,C001,757.402
S00904,C002,627.274
S00904,C003,624.739
S00904,C004,550.48
S00904,C005,543.452
S00904,C006,526.066
S00904,C007,357.841
S00904,C008,385.809
S00904,C009,205.618
S00904,C010,139.435
S00904,C011,37.928
S00904,C012,141.008
S00904,C013,221.91
S00904,C014,298.503
S00904,C015,470.892
S00904,C016,710.236
S00904,C017,668.385
S00904,C018,759.468
S00904,C019,756.692
S00904,C020,404.956
S00905,C001,93.931
S00905,C002,213.868
S00905,C003,339.141
S00905,C004,400.647
S00905,C005,512.733
S00905,C006,667.8
S00905,C007,670.164
S00905,C008,741.862
S00905,C009,824.589
S00905,C010,886.724
S00905,C011,816.075
S00905,C012,742.838
S00905,C013,728.777
S00905,C014,645.63
S00905,C015,651.194
S00905,C016,443.724
S00905,C017,295.193
S00905,C018,190.361
S00905,C019,107.525
S00905,C020,409.551
S00906,C001,405.401
S00906,C002,288.639
S00906,C003,165.257
S00906,C004,95.015
S00906,C005,29.247
S00906,C006,752.202
S00906,C007,640.208
S00906,C008,714.142
S00906,C009,659.905
S00906,C010,654.083
S00906,C011,508.085
S00906,C012,396.024
S00906,C013,336.359
S00906,C014,238.416
S00906,C015,158.904
S00906,C016,719.251
S00906,C017,579.254
S00906,C018,580.305
S00906,C019,518.084
S00906,C020,357.259
S00907,C001,636.664
S00907,C002,502.031
S00907,C003,429.544
S00907,C004,347.57
S00907,C005,288.846
S00907,C006,713.6
S00907,C007,560.321
S00907,C008,617.31
S00907,C009,488.924
S00907,C010,441.383
S00907,C011,273.094
S00907,C012,161.513
S00907,C013,80.052
S00907,C014,72.1
S00907,C015,176.158
S00907,C016,792.469
S00907,C017,691.558
S00907,C018,739.242
S00907,C019,702.124
S00907,C020,403.426
S00908,C001,256.325
S00908,C002,303.652
S00908,C003,456.008
S00908,C004,492.159
S00908,C005,607.301
S00908,C006,506.512
S00908,C007,544.936
S00908,C008,607.928
S00908,C009,729.311
S00908,C010,810.857
S00908,C011,776.594
S00908,C012,727.803
S00908,C013,735.244
S00908,C014,669.831
S00908,C015,723.925
S00908,C016,253.634
S00908,C017,124.03
S00908,C018,3.46
S00908,C019,90.344
S00908,C020,362.614
S00909,C001,643.845
S00909,C002,510.506
S00909,C003,429.004
S00909,C004,347.6
S00909,C005,279.141
S00909,C006,744.118
S00909,C007,591.723
S00909,C008,649.156
S00909,C009,520.492
S00909,C010,470.97
S00909,C011,301.768
S00909,C012,191.972
S00909,C013,110.232
S00909,C014,93.41
S00909,C015,154.623
S00909,C016,817.207
S00909,C017,712.669
S00909,C018,756.228
S00909,C019,716.101
S00909,C020,426.613
S00910,C001,7.537
S00910,C002,131.086
S00910,C003,245.199
S00910,C004,308.934
S00910,C005,419.676
S00910,C006,673.563
S00910,C007,652.239
S00910,C008,727.397
S00910,C009,787.246
S00910,C010,839.198
S00910,C011,754.434
S00910,C012,673.418
S00910,C013,652.558
S00910,C014,565.409
S00910,C015,560.152
S00910,C016,484.413
S00910,C017,326.508
S00910,C018,248.174
S00910,C019,161.852
S00910,C020,364.91
S00911,C001,159.615
S00911,C002,23.52
S00911,C003,144.97
S00911,C004,177.308
S00911,C005,292.95
S00911,C006,610.422
S00911,C007,554.439
S00911,C008,632.218
S00911,C009,661.179
S00911,C010,701.663
S00911,C011,605.599
S00911,C012,520.519
S00911,C013,498.038
S00911,C014,411.364
S00911,C015,420.816
S00911,C016,490.085
S00911,C017,335.2
S00911,C018,312.813
S00911,C019,247.059
S00911,C020,244.099
S00912,C001,158.179
S00912,C002,269.209
S00912,C003,401.573
S00912,C004,460.056
S00912,C005,573.426
S00912,C006,655.88
S00912,C007,674.516
S00912,C008,743.092
S00912,C009,841.038
S00912,C010,910.0
S00912,C011,849.926
S00912,C012,782.807
S00912,C013,773.958
S00912,C014,694.296
S00912,C015,709.285
S00912,C016,410.919
S00912,C017,274.32
S00912,C018,155.456
S00912,C019,93.256
S00912,C020,436.389
S00913,C001,782.711
S00913,C002,662.961
S00913,C003,691.495
S00913,C004,625.604
S00913,C005,640.769
S00913,C006,415.716
S00913,C007,253.479
S00913,C008,260.964
S00913,C009,63.552
S00913,C010,74.34
S00913,C011,180.0
S00913,C012,271.511
S00913,C013,352.856
S00913,C014,413.742
S00913,C015,590.643
S00913,C016,641.744
S00913,C017,631.286
S00913,C018,737.498
S00913,C019,751.128
S00913,C020,411.63
S00914,C001,540.742
S00914,C002,404.887
S00914,C003,351.823
S00914,C004,270.944
S00914,C005,244.75
S00914,C006,632.143
S00914,C007,488.597
S00914,C008,552.793
S00914,C009,455.424
S00914,C010,433.233
S00914,C011,281.178
S00914,C012,168.948
S00914,C013,119.537
S00914,C014,34.162
S00914,C015,190.806
S00914,C016,690.526
S00914,C017,586.001
S00914,C018,633.389
S00914,C019,597.921
S00914,C020,299.497
S00915,C001,658.599
S00915,C002,541.722
S00915,C003,414.451
S00915,C004,348.878
S00915,C005,237.447
S00915,C006,910.467
S00915,C007,768.522
S00915,C008,831.607
S00915,C009,715.598
S00915,C010,667.658
S00915,C011,497.917
S00915,C012,388.796
S00915,C013,307.078
S00915,C014,257.489
S00915,C015,108.536
S00915,C016,937.734
S00915,C017,811.265
S00915,C018,827.085
S00915,C019,769.436
S00915,C020,549.915
S00916,C001,756.969
S00916,C002,697.904
S00916,C003,809.079
S00916,C004,781.947
S00916,C005,856.618
S00916,C006,78.522
S00916,C007,218.073
S00916,C008,185.018
S00916,C009,391.224
S00916,C010,507.244
S00916,C011,604.149
S00916,C012,649.474
S00916,C013,714.713
S00916,C014,724.923
S00916,C015,881.505
S00916,C016,348.725
S00916,C017,451.571
S00916,C018,574.704
S00916,C019,637.175
S00916,C020,475.971
S00917,C001,506.99
S00917,C002,499.567
S00917,C003,643.872
S00917,C004,649.753
S00917,C005,753.223
S00917,C006,277.263
S00917,C007,384.112
S00917,C008,421.341
S00917,C009,596.96
S00917,C010,701.883
S00917,C011,726.834
S00917,C012,719.3
S00917,C013,755.99
S00917,C014,722.429
S00917,C015,832.084
S00917,C016,21.974
S00917,C017,174.479
S00917,C018,275.631
S00917,C019,354.923
S00917,C020,392.35
S00918,C001,831.355
S00918,C002,711.582
S00918,C003,738.487
S00918,C004,671.579
S00918,C005,683.241
S00918,C006,440.235
S00918,C007,284.375
S00918,C008,279.779
S00918,C009,72.575
S00918,C010,44.474
S00918,C011,198.912
S00918,C012,301.594
S00918,C013,383.319
S00918,C014,450.757
S00918,C015,626.831
S00918,C016,679.249
S00918,C017,675.165
S00918,C018,783.109
S00918,C019,798.355
S00918,C020,460.144
S00919,C001,390.926
S00919,C002,370.15
S00919,C003,512.696
S00919,C004,518.557
S00919,C005,623.181
S00919,C006,313.368
S00919,C007,361.391
S00919,C008,418.968
S00919,C009,559.645
S00919,C010,652.667
S00919,C011,648.937
S00919,C012,624.706
S00919,C013,651.963
S00919,C014,608.648
S00919,C015,707.427
S00919,C016,124.008
S00919,C017,69.766
S00919,C018,194.4
S00919,C019,255.697
S00919,C020,275.396
S00920,C001,774.562
S00920,C002,680.415
S00920,C003,754.54
S00920,C004,706.565
S00920,C005,754.742
S00920,C006,216.946
S00920,C007,115.743
S00920,C008,55.148
S00920,C009,165.511
S00920,C010,280.638
S00920,C011,395.72
S00920,C012,462.803
S00920,C013,537.74
S00920,C014,571.727
S00920,C015,743.61
S00920,C016,494.557
S00920,C017,536.281
S00920,C018,657.862
S00920,C019,696.532
S00920,C020,421.9
S00921,C001,456.596
S00921,C002,328.707
S00921,C003,355.223
S00921,C004,296.991
S00921,C005,343.24
S00921,C006,451.286
S00921,C007,325.605
S00921,C008,398.747
S00921,C009,366.745
S00921,C010,395.487
S00921,C011,307.154
S00921,C012,245.793
S00921,C013,261.317
S00921,C014,223.452
S00921,C015,360.396
S00921,C016,502.59
S00921,C017,411.801
S00921,C018,479.901
S00921,C019,463.888
S00921,C020,121.169
S00922,C001,294.722
S00922,C002,195.761
S00922,C003,48.44
S00922,C004,55.198
S00922,C005,129.514
S00922,C006,747.926
S00922,C007,659.067
S00922,C008,736.201
S00922,C009,714.786
S00922,C010,726.145
S00922,C011,594.571
S00922,C012,488.542
S00922,C013,439.145
S00922,C014,340.929
S00922,C015,278.021
S00922,C016,667.673
S00922,C017,516.651
S00922,C018,495.98
S00922,C019,424.787
S00922,C020,350.928
S00923,C001,776.493
S00923,C002,695.396
S00923,C003,785.318
S00923,C004,745.231
S00923,C005,804.393
S00923,C006,145.799
S00923,C007,136.191
S00923,C008,65.988
S00923,C009,257.513
S00923,C010,372.579
S00923,C011,483.621
S00923,C012,543.255
S00923,C013,615.026
S00923,C014,640.1
S00923,C015,807.254
S00923,C016,440.815
S00923,C017,507.459
S00923,C018,631.869
S00923,C019,680.664
S00923,C020,446.722
S00924,C001,538.735
S00924,C002,422.367
S00924,C003,295.244
S00924,C004,229.071
S00924,C005,118.116
S00924,C006,832.446
S00924,C007,702.311
S00924,C008,770.926
S00924,C009,681.387
S00924,C010,652.376
S00924,C011,489.863
S00924,C012,374.541
S00924,C013,298.516
S00924,C014,217.273
S00924,C015,48.601
S00924,C016,833.761
S00924,C017,701.166
S00924,C018,710.716
S00924,C019,650.978
S00924,C020,453.581
S00925,C001,368.567
S00925,C002,279.15
S00925,C003,127.211
S00925,C004,115.538
S00925,C005,94.607
S00925,C006,819.967
S00925,C007,721.513
S00925,C008,797.466
S00925,C009,758.094
S00925,C010,757.597
S00925,C011,613.96
S00925,C012,502.232
S00925,C013,441.981
S00925,C014,344.387
S00925,C015,238.545
S00925,C016,750.955
S00925,C017,600.743
S00925,C018,579.315
S00925,C019,506.46
S00925,C020,421.214
S00926,C001,211.437
S00926,C002,94.396
S00926,C003,66.894
S00926,C004,101.568
S00926,C005,215.921
S00926,C006,667.078
S00926,C007,594.316
S00926,C008,672.329
S00926,C009,677.416
S00926,C010,704.807
S00926,C011,591.87
S00926,C012,496.473
S00926,C013,462.239
S00926,C014,369.031
S00926,C015,351.925
S00926,C016,567.418
S00926,C017,414.62
S00926,C018,393.735
S00926,C019,325.075
S00926,C020,279.982
S00927,C001,269.966
S00927,C002,233.711
S00927,C003,376.822
S00927,C004,387.56
S00927,C005,496.157
S00927,C006,411.264
S00927,C007,407.747
S00927,C008,478.488
S00927,C009,575.093
S00927,C010,650.269
S00927,C011,610.859
S00927,C012,563.771
S00927,C013,575.499
S00927,C014,516.762
S00927,C015,592.944
S00927,C016,257.056
S00927,C017,110.392
S00927,C018,164.028
S00927,C019,175.251
S00927,C020,197.845
S00928,C001,616.217
S00928,C002,485.983
S00928,C003,391.005
S00928,C004,311.45
S00928,C005,230.954
S00928,C006,772.678
S00928,C007,625.805
S00928,C008,686.873
S00928,C009,568.86
S00928,C010,524.864
S00928,C011,356.935
S00928,C012,244.615
S00928,C013,163.679
S00928,C014,113.776
S00928,C015,97.236
S00928,C016,825.489
S00928,C017,712.125
S00928,C018,746.312
S00928,C019,700.306
S00928,C020,433.347
S00929,C001,230.833
S00929,C002,113.533
S00929,C003,57.496
S00929,C004,81.767
S00929,C005,196.28
S00929,C006,673.272
S00929,C007,595.882
S00929,C008,673.779
S00929,C009,672.795
S00929,C010,697.09
S00929,C011,580.728
S00929,C012,483.466
S00929,C013,447.066
S00929,C014,352.943
S00929,C015,332.257
S00929,C016,581.297
S00929,C017,429.81
S00929,C018,412.0
S00929,C019,344.267
S00929,C020,282.292
S00930,C001,761.131
S00930,C002,665.051
S00930,C003,736.947
S00930,C004,688.118
S00930,C005,735.258
S00930,C006,223.043
S00930,C007,105.343
S00930,C008,58.97
S00930,C009,151.265
S00930,C010,267.184
S00930,C011,377.443
S00930,C012,443.011
S00930,C013,517.691
S00930,C014,551.434
S00930,C015,723.381
S00930,C016,493.553
S00930,C017,529.276
S00930,C018,649.902
S00930,C019,686.449
S00930,C020,405.675
S00931,C001,690.2
S00931,C002,554.155
S00931,C003,498.708
S00931,C004,416.922
S00931,C005,370.004
S00931,C006,681.916
S00931,C007,521.035
S00931,C008,570.515
S00931,C009,422.913
S00931,C010,364.01
S00931,C011,193.614
S00931,C012,93.451
S00931,C013,34.663
S00931,C014,125.223
S00931,C015,262.249
S00931,C016,792.932
S00931,C017,706.914
S00931,C018,767.504
S00931,C019,739.123
S00931,C020,415.734
S00932,C001,733.024
S00932,C002,657.233
S00932,C003,753.914
S00932,C004,718.14
S00932,C005,783.378
S00932,C006,93.988
S00932,C007,121.149
S00932,C008,79.738
S00932,C009,286.909
S00932,C010,403.038
S00932,C011,499.221
S00932,C012,548.591
S00932,C013,616.478
S00932,C014,633.373
S00932,C015,795.788
S00932,C016,387.573
S00932,C017,456.543
S00932,C018,581.174
S00932,C019,632.142
S00932,C020,415.248
S00933,C001,649.469
S00933,C002,514.723
S00933,C003,490.622
S00933,C004,412.919
S00933,C005,396.988
S00933,C006,570.629
S00933,C007,409.293
S00933,C008,459.626
S00933,C009,323.426
S00933,C010,284.494
S00933,C011,129.306
S00933,C012,32.456
S00933,C013,90.495
S00933,C014,151.157
S00933,C015,325.756
S00933,C016,694.614
S00933,C017,620.911
S00933,C018,693.286
S00933,C019,675.166
S00933,C020,333.51
S00934,C001,321.329
S00934,C002,233.209
S00934,C003,80.464
S00934,C004,90.138
S00934,C005,121.244
S00934,C006,790.359
S00934,C007,699.193
S00934,C008,776.038
S00934,C009,748.58
S00934,C010,755.324
S00934,C011,618.426
S00934,C012,509.568
S00934,C013,454.972
S00934,C014,356.469
S00934,C015,271.292
S00934,C016,709.742
S00934,C017,557.802
S00934,C018,533.034
S00934,C019,459.415
S00934,C020,392.785
S00935,C001,648.884
S00935,C002,596.005
S00935,C003,714.441
S00935,C004,693.833
S00935,C005,776.337
S00935,C006,51.794
S00935,C007,202.867
S00935,C008,211.476
S00935,C009,410.624
S00935,C010,524.502
S00935,C011,591.664
S00935,C012,617.644
S00935,C013,674.329
S00935,C014,670.4
S00935,C015,815.875
S00935,C016,247.03
S00935,C017,340.989
S00935,C018,464.376
S00935,C019,526.606
S00935,C020,390.332
S00936,C001,163.759
S00936,C002,267.955
S00936,C003,404.145
S00936,C004,460.289
S00936,C005,574.36
S00936,C006,639.164
S00936,C007,659.378
S00936,C008,727.536
S00936,C009,827.606
S00936,C010,897.796
S00936,C011,840.141
S00936,C012,774.737
S00936,C013,767.527
S00936,C014,689.173
S00936,C015,708.427
S00936,C016,393.777
S00936,C017,257.33
S00936,C018,138.249
S00936,C019,78.439
S00936,C020,425.504
S00937,C001,801.093
S00937,C002,666.552
S00937,C003,638.322
S00937,C004,558.868
S00937,C005,528.591
S00937,C006,635.889
S00937,C007,467.658
S00937,C008,496.926
S00937,C009,311.387
S00937,C010,222.766
S00937,C011,75.364
S00937,C012,124.311
S00937,C013,180.265
S00937,C014,276.139
S00937,C015,429.113
S00937,C016,806.843
S00937,C017,751.576
S00937,C018,833.256
S00937,C019,820.941
S00937,C020,472.897
S00938,C001,261.358
S00938,C002,287.617
S00938,C003,440.525
S00938,C004,470.089
S00938,C005,584.152
S00938,C006,468.878
S00938,C007,501.464
S00938,C008,565.501
S00938,C009,684.572
S00938,C010,766.065
S00938,C011,733.288
S00938,C012,686.614
S00938,C013,696.346
S00938,C014,633.608
S00938,C015,695.254
S00938,C016,232.193
S00938,C017,86.234
S00938,C018,44.061
S00938,C019,104.866
S00938,C020,320.82
S00939,C001,712.132
S00939,C002,647.271
S00939,C003,754.679
S00939,C004,725.657
S00939,C005,798.887
S00939,C006,35.298
S00939,C007,163.141
S00939,C008,143.175
S00939,C009,350.119
S00939,C010,466.074
S00939,C011,553.332
S00939,C012,594.302
S00939,C013,658.207
S00939,C014,666.832
S00939,C015,822.991
S00939,C016,332.536
S00939,C017,417.725
S00939,C018,542.229
S00939,C019,599.662
S00939,C020,419.75
S00940,C001,142.291
S00940,C002,195.58
S00940,C003,344.958
S00940,C004,388.849
S00940,C005,504.474
S00940,C006,564.173
S00940,C007,569.278
S00940,C008,639.918
S00940,C009,730.888
S00940,C010,798.963
S00940,C011,740.723
S00940,C012,676.98
S00940,C013,672.576
S00940,C014,597.359
S00940,C015,630.167
S00940,C016,350.501
S00940,C017,195.94
S00940,C018,113.195
S00940,C019,35.459
S00940,C020,325.858
S00941,C001,497.742
S00941,C002,478.777
S00941,C003,619.205
S00941,C004,620.451
S00941,C005,721.328
S00941,C006,245.693
S00941,C007,341.976
S00941,C008,382.591
S00941,C009,553.986
S00941,C010,658.006
S00941,C011,681.994
S00941,C012,675.32
S00941,C013,713.139
S00941,C014,681.656
S00941,C015,795.375
S00941,C016,58.162
S00941,C017,166.334
S00941,C018,280.306
S00941,C019,353.644
S00941,C020,353.717
S00942,C001,728.273
S00942,C002,592.857
S00942,C003,558.514
S00942,C004,478.57
S00942,C005,447.5
S00942,C006,627.163
S00942,C007,461.227
S00942,C008,502.243
S00942,C009,338.54
S00942,C010,271.618
S00942,C011,101.087
S00942,C012,50.266
S00942,C013,100.459
S00942,C014,194.954
S00942,C015,352.274
S00942,C016,770.177
S00942,C017,701.573
S00942,C018,775.503
S00942,C019,757.371
S00942,C020,415.444
S00943,C001,670.95
S00943,C002,567.216
S00943,C003,631.154
S00943,C004,580.217
S00943,C005,626.203
S00943,C006,252.851
S00943,C007,84.734
S00943,C008,127.08
S00943,C009,145.033
S00943,C010,246.704
S00943,C011,307.993
S00943,C012,353.239
S00943,C013,422.78
S00943,C014,447.899
S00943,C015,617.406
S00943,C016,469.602
S00943,C017,472.686
S00943,C018,586.494
S00943,C019,612.176
S00943,C020,305.898
S00944,C001,214.481
S00944,C002,125.262
S00944,C003,31.885
S00944,C004,106.7
S00944,C005,208.189
S00944,C006,718.219
S00944,C007,645.859
S00944,C008,723.854
S00944,C009,725.36
S00944,C010,749.078
S00944,C011,630.356
S00944,C012,530.904
S00944,C013,490.636
S00944,C014,394.626
S00944,C015,353.846
S00944,C016,610.375
S00944,C017,455.08
S00944,C018,423.268
S00944,C019,348.697
S00944,C020,331.604
S00945,C001,815.674
S00945,C002,687.997
S00945,C003,692.739
S00945,C004,619.737
S00945,C005,615.199
S00945,C006,520.375
S00945,C007,354.992
S00945,C008,368.34
S00945,C009,168.289
S00945,C010,73.675
S00945,C011,98.328
S00945,C012,211.496
S00945,C013,291.19
S00945,C014,370.302
S00945,C015,541.827
S00945,C016,730.534
S00945,C017,703.393
S00945,C018,801.244
S00945,C019,804.739
S00945,C020,454.693
S00946,C001,485.822
S00946,C002,464.216
S00946,C003,603.883
S00946,C004,604.495
S00946,C005,705.116
S00946,C006,245.347
S00946,C007,333.925
S00946,C008,377.282
S00946,C009,544.844
S00946,C010,647.704
S00946,C011,668.812
S00946,C012,660.671
S00946,C013,697.799
S00946,C014,665.684
S00946,C015,779.012
S00946,C016,68.324
S00946,C017,156.101
S00946,C018,273.151
S00946,C019,344.277
S00946,C020,337.427
S00947,C001,519.154
S00947,C002,510.208
S00947,C003,653.821
S00947,C004,658.605
S00947,C005,761.36
S00947,C006,268.107
S00947,C007,379.185
S00947,C008,414.443
S00947,C009,592.561
S00947,C010,698.408
S00947,C011,726.356
S00947,C012,720.868
S00947,C013,758.804
S00947,C014,726.789
S00947,C015,838.512
S00947,C016,34.209
S00947,C017,186.42
S00947,C018,288.453
S00947,C019,367.584
S00947,C020,397.81
S00948,C001,475.281
S00948,C002,458.721
S00948,C003,600.533
S00948,C004,603.769
S00948,C005,706.039
S00948,C006,264.432
S00948,C007,352.41
S00948,C008,396.517
S00948,C009,562.732
S00948,C010,664.838
S00948,C011,683.095
S00948,C012,672.501
S00948,C013,707.918
S00948,C014,673.477
S00948,C015,783.302
S00948,C016,53.334
S00948,C017,143.421
S00948,C018,257.384
S00948,C019,330.559
S00948,C020,343.271
S00949,C001,104.018
S00949,C002,191.499
S00949,C003,234.678
S00949,C004,313.681
S00949,C005,409.015
S00949,C006,781.006
S00949,C007,750.553
S00949,C008,826.96
S00949,C009,871.656
S00949,C010,914.045
S00949,C011,814.097
S00949,C012,723.072
S00949,C013,690.741
S00949,C014,597.121
S00949,C015,558.056
S00949,C016,594.226
S00949,C017,436.937
S00949,C018,351.946
S00949,C019,264.85
S00949,C020,450.52
S00950,C001,809.743
S00950,C002,702.811
S00950,C003,756.438
S00950,C004,699.206
S00950,C005,731.446
S00950,C006,320.915
S00950,C007,185.209
S00950,C008,156.89
S00950,C009,67.246
S00950,C010,176.169
S00950,C011,310.308
S00950,C012,394.121
S00950,C013,473.729
S00950,C014,523.215
S00950,C015,699.595
S00950,C016,584.273
S00950,C017,605.926
S00950,C018,722.701
S00950,C019,751.231
S00950,C020,441.665
S00951,C001,337.84
S00951,C002,224.115
S00951,C003,302.633
S00951,C004,273.624
S00951,C005,359.882
S00951,C006,431.457
S00951,C007,351.996
S00951,C008,430.05
S00951,C009,458.16
S00951,C010,509.093
S00951,C011,439.752
S00951,C012,380.455
S00951,C013,388.132
S00951,C014,331.164
S00951,C015,426.923
S00951,C016,402.985
S00951,C017,288.981
S00951,C018,346.015
S00951,C019,328.951
S00951,C020,37.899
S00952,C001,211.94
S00952,C002,273.67
S00952,C003,423.762
S00952,C004,466.01
S00952,C005,581.638
S00952,C006,546.958
S00952,C007,575.414
S00952,C008,641.146
S00952,C009,752.586
S00952,C010,829.348
S00952,C011,785.407
S00952,C012,730.014
S00952,C013,732.029
S00952,C014,661.684
S00952,C015,704.275
S00952,C016,301.657
S00952,C017,164.164
S00952,C018,45.964
S00952,C019,46.298
S00952,C020,368.669
S00953,C001,685.811
S00953,C002,591.475
S00953,C003,668.359
S00953,C004,623.016
S00953,C005,676.79
S00953,C006,191.408
S00953,C007,33.473
S00953,C008,65.692
S00953,C009,182.65
S00953,C010,294.76
S00953,C011,372.314
S00953,C012,419.282
S00953,C013,488.063
S00953,C014,509.615
S00953,C015,676.45
S00953,C016,433.291
S00953,C017,457.466
S00953,C018,576.757
S00953,C019,611.473
S00953,C020,333.707
S00954,C001,693.282
S00954,C002,561.211
S00954,C003,552.386
S00954,C004,477.334
S00954,C005,469.811
S00954,C006,530.42
S00954,C007,364.071
S00954,C008,405.486
S00954,C009,251.961
S00954,C010,208.366
S00954,C011,67.369
S00954,C012,78.771
S00954,C013,159.707
S00954,C014,227.206
S00954,C015,401.96
S00954,C016,685.103
S00954,C017,628.309
S00954,C018,711.729
S00954,C019,702.603
S00954,C020,352.293
S00955,C001,786.047
S00955,C002,683.947
S00955,C003,746.214
S00955,C004,692.808
S00955,C005,732.186
S00955,C006,274.545
S00955,C007,144.923
S00955,C008,110.49
S00955,C009,104.348
S00955,C010,218.766
S00955,C011,340.679
S00955,C012,415.624
S00955,C013,493.135
S00955,C014,535.083
S00955,C015,709.831
S00955,C016,541.175
S00955,C017,569.134
S00955,C018,687.797
S00955,C019,720.016
S00955,C020,422.689
S00956,C001,68.704
S00956,C002,133.594
S00956,C003,274.276
S00956,C004,326.443
S00956,C005,441.071
S00956,C006,614.939
S00956,C007,600.953
S00956,C008,674.931
S00956,C009,745.486
S00956,C010,803.685
S00956,C011,729.372
S00956,C012,655.452
S00956,C013,641.948
S00956,C014,559.93
S00956,C015,574.067
S00956,C016,422.65
S00956,C017,264.505
S00956,C018,191.734
S00956,C019,108.649
S00956,C020,326.414
S00957,C001,406.231
S00957,C002,299.555
S00957,C003,160.193
S00957,C004,108.928
S00957,C005,26.599
S00957,C006,792.542
S00957,C007,683.591
S00957,C008,757.965
S00957,C009,705.285
S00957,C010,698.645
S00957,C011,550.93
S00957,C012,437.969
S00957,C013,375.445
S00957,C014,278.548
S00957,C015,173.913
S00957,C016,748.481
S00957,C017,604.481
S00957,C018,597.04
S00957,C019,530.286
S00957,C020,395.635
S00958,C001,383.187
S00958,C002,282.864
S00958,C003,137.083
S00958,C004,100.862
S00958,C005,57.656
S00958,C006,799.042
S00958,C007,695.406
S00958,C008,770.668
S00958,C009,725.315
S00958,C010,722.365
S00958,C011,577.294
S00958,C012,465.192
S00958,C013,404.485
S00958,C014,306.971
S00958,C015,204.999
S00958,C016,742.956
S00958,C017,595.95
S00958,C018,582.382
S00958,C019,512.964
S00958,C020,400.609
S00959,C001,529.501
S00959,C002,396.735
S00959,C003,316.796
S00959,C004,234.887
S00959,C005,182.739
S00959,C006,696.615
S00959,C007,558.168
S00959,C008,624.277
S00959,C009,530.108
S00959,C010,504.996
S00959,C011,347.758
S00959,C012,232.731
S00959,C013,166.451
S00959,C014,71.197
S00959,C015,117.614
S00959,C016,733.274
S00959,C017,617.324
S00959,C018,651.329
S00959,C019,606.714
S00959,C020,341.677
S00960,C001,819.928
S00960,C002,700.277
S00960,C003,727.828
S00960,C004,661.232
S00960,C005,673.888
S00960,C006,432.978
S00960,C007,275.673
S00960,C008,273.491
S00960,C009,66.234
S00960,C010,50.017
S00960,C011,194.78
S00960,C012,295.154
S00960,C013,376.891
S00960,C014,442.763
S00960,C015,619.112
S00960,C016,669.494
S00960,C017,664.265
S00960,C018,771.941
S00960,C019,786.97
S00960,C020,448.688
S00961,C001,536.206
S00961,C002,403.403
S00961,C003,323.304
S00961,C004,241.424
S00961,C005,187.763
S00961,C006,699.063
S00961,C007,559.64
S00961,C008,625.281
S00961,C009,528.963
S00961,C010,502.436
S00961,C011,344.266
S00961,C012,229.048
S00961,C013,161.53
S00961,C014,67.607
S00961,C015,116.946
S00961,C016,738.036
S00961,C017,622.792
S00961,C018,657.429
S00961,C019,613.104
S00961,C020,346.257
S00962,C001,682.527
S00962,C002,546.572
S00962,C003,505.084
S00962,C004,424.498
S00962,C005,390.724
S00962,C006,634.524
S00962,C007,472.35
S00962,C008,520.561
S00962,C009,372.957
S00962,C010,318.106
S00962,C011,149.226
S00962,C012,42.873
S00962,C013,44.641
S00962,C014,138.288
S00962,C015,297.328
S00962,C016,755.703
S00962,C017,676.696
S00962,C018,743.617
S00962,C019,720.375
S00962,C020,386.708
S00963,C001,106.298
S00963,C002,211.361
S00963,C003,345.33
S00963,C004,402.44
S00963,C005,516.109
S00963,C006,639.57
S00963,C007,644.606
S00963,C008,715.702
S00963,C009,802.299
S00963,C010,866.726
S00963,C011,800.315
S00963,C012,730.044
S00963,C013,718.942
S00963,C014,638.012
S00963,C015,651.454
S00963,C016,414.938
S00963,C017,266.162
S00963,C018,162.417
S00963,C019,78.564
S00963,C020,390.361
S00964,C001,675.007
S00964,C002,544.226
S00964,C003,542.367
S00964,C004,469.182
S00964,C005,468.56
S00964,C006,503.174
S00964,C007,337.419
S00964,C008,381.037
S00964,C009,236.825
S00964,C010,206.507
S00964,C011,88.495
S00964,C012,98.185
S00964,C013,175.651
S00964,C014,232.949
S00964,C015,409.57
S00964,C016,656.829
S00964,C017,601.686
S00964,C018,686.804
S00964,C019,679.603
S00964,C020,328.426
S00965,C001,195.89
S00965,C002,251.29
S00965,C003,401.985
S00965,C004,443.213
S00965,C005,558.822
S00965,C006,542.249
S00965,C007,564.201
S00965,C008,631.341
S00965,C009,737.754
S00965,C010,812.604
S00965,C011,765.722
S00965,C012,708.848
S00965,C013,709.918
S00965,C014,638.975
S00965,C015,681.082
S00965,C016,306.976
S00965,C017,161.814
S00965,C018,57.142
S00965,C019,30.309
S00965,C020,348.819
S00966,C001,425.023
S00966,C002,312.041
S00966,C003,181.193
S00966,C004,118.06
S00966,C005,5.52
S00966,C006,779.399
S00966,C007,665.591
S00966,C008,739.038
S00966,C009,679.962
S00966,C010,670.37
S00966,C011,520.826
S00966,C012,407.362
S00966,C013,343.817
S00966,C014,247.321
S00966,C015,145.503
S00966,C016,747.389
S00966,C017,606.832
S00966,C018,605.921
S00966,C019,542.255
S00966,C020,385.151
S00967,C001,387.646
S00967,C002,263.324
S00967,C003,160.51
S00967,C004,79.641
S00967,C005,74.456
S00967,C006,706.911
S00967,C007,595.738
S00967,C008,670.024
S00967,C009,620.853
S00967,C010,619.83
S00967,C011,479.166
S00967,C012,369.804
S00967,C013,316.658
S00967,C014,218.21
S00967,C015,177.157
S00967,C016,677.812
S00967,C017,540.447
S00967,C018,547.608
S00967,C019,489.307
S00967,C020,312.247
S00968,C001,628.587
S00968,C002,492.48
S00968,C003,442.975
S00968,C004,361.836
S00968,C005,326.051
S00968,C006,642.481
S00968,C007,486.543
S00968,C008,541.943
S00968,C009,413.486
S00968,C010,371.304
S00968,C011,207.155
S00968,C012,91.82
S00968,C013,29.033
S00968,C014,73.556
S00968,C015,238.619
S00968,C016,737.733
S00968,C017,647.159
S00968,C018,705.492
S00968,C019,676.407
S00968,C020,356.037
S00969,C001,409.319
S00969,C002,298.57
S00969,C003,370.696
S00969,C004,332.71
S00969,C005,406.121
S00969,C006,375.389
S00969,C007,281.073
S00969,C008,358.956
S00969,C009,385.255
S00969,C010,441.65
S00969,C011,387.865
S00969,C012,344.6
S00969,C013,367.225
S00969,C014,328.157
S00969,C015,450.86
S00969,C016,396.194
S00969,C017,308.664
S00969,C018,387.147
S00969,C019,383.696
S00969,C020,37.48
S00970,C001,728.141
S00970,C002,625.346
S00970,C003,688.479
S00970,C004,636.238
S00970,C005,678.749
S00970,C006,256.885
S00970,C007,102.843
S00970,C008,103.345
S00970,C009,112.531
S00970,C010,226.216
S00970,C011,319.83
S00970,C012,381.518
S00970,C013,455.813
S00970,C014,490.095
S00970,C015,662.767
S00970,C016,502.783
S00970,C017,519.432
S00970,C018,636.068
S00970,C019,665.344
S00970,C020,364.067
S00971,C001,279.918
S00971,C002,318.998
S00971,C003,471.888
S00971,C004,504.438
S00971,C005,618.993
S00971,C006,482.157
S00971,C007,525.595
S00971,C008,587.063
S00971,C009,713.495
S00971,C010,797.494
S00971,C011,768.541
S00971,C012,723.481
S00971,C013,733.932
S00971,C014,671.422
S00971,C015,731.932
S00971,C016,226.444
S00971,C017,101.624
S00971,C018,29.621
S00971,C019,115.246
S00971,C020,357.545
S00972,C001,203.276
S00972,C002,300.429
S00972,C003,440.657
S00972,C004,494.017
S00972,C005,608.784
S00972,C006,624.196
S00972,C007,654.601
S00972,C008,720.422
S00972,C009,829.878
S00972,C010,904.322
S00972,C011,853.965
S00972,C012,793.0
S00972,C013,789.483
S00972,C014,713.903
S00972,C015,740.311
S00972,C016,367.42
S00972,C017,241.104
S00972,C018,116.966
S00972,C019,86.059
S00972,C020,437.398
S00973,C001,827.947
S00973,C002,701.937
S00973,C003,711.8
S00973,C004,640.01
S00973,C005,638.852
S00973,C006,505.847
S00973,C007,342.615
S00973,C008,350.636
S00973,C009,146.583
S00973,C010,45.013
S00973,C011,126.499
S00973,C012,238.392
S00973,C013,318.673
S00973,C014,395.914
S00973,C015,568.506
S00973,C016,725.075
S00973,C017,704.239
S00973,C018,804.964
S00973,C019,811.505
S00973,C020,463.387
S00974,C001,168.099
S00974,C002,225.117
S00974,C003,374.891
S00974,C004,417.981
S00974,C005,533.624
S00974,C006,555.796
S00974,C007,569.739
S00974,C008,638.643
S00974,C009,737.643
S00974,C010,809.189
S00974,C011,756.557
S00974,C012,696.118
S00974,C013,694.325
S00974,C014,621.068
S00974,C015,658.001
S00974,C016,330.112
S00974,C017,179.961
S00974,C018,85.075
S00974,C019,11.932
S00974,C020,340.11
S00975,C001,743.036
S00975,C002,636.787
S00975,C003,693.778
S00975,C004,638.752
S00975,C005,676.303
S00975,C006,286.666
S00975,C007,131.972
S00975,C008,130.551
S00975,C009,82.586
S00975,C010,196.287
S00975,C011,295.838
S00975,C012,363.544
S00975,C013,439.767
S00975,C014,479.314
S00975,C015,653.736
S00975,C016,531.264
S00975,C017,543.742
S00975,C018,658.916
S00975,C019,685.585
S00975,C020,375.479
S00976,C001,366.338
S00976,C002,269.983
S00976,C003,366.892
S00976,C004,342.908
S00976,C005,430.187
S00976,C006,364.151
S00976,C007,299.245
S00976,C008,376.677
S00976,C009,432.291
S00976,C010,497.618
S00976,C011,452.128
S00976,C012,409.426
S00976,C013,429.327
S00976,C014,383.858
S00976,C015,492.653
S00976,C016,341.188
S00976,C017,244.255
S00976,C018,322.792
S00976,C019,323.825
S00976,C020,50.967
S00977,C001,688.842
S00977,C002,553.069
S00977,C003,515.098
S00977,C004,434.901
S00977,C005,403.672
S00977,C006,625.327
S00977,C007,462.23
S00977,C008,509.107
S00977,C009,358.903
S00977,C010,303.031
S00977,C011,134.124
S00977,C012,30.819
S00977,C013,59.534
S00977,C014,151.077
S00977,C015,312.144
S00977,C016,751.84
S00977,C017,675.747
S00977,C018,744.896
S00977,C019,723.373
S00977,C020,386.672
S00978,C001,687.433
S00978,C002,570.462
S00978,C003,609.186
S00978,C004,548.062
S00978,C005,576.004
S00978,C006,357.095
S00978,C007,188.843
S00978,C008,223.498
S00978,C009,112.715
S00978,C010,169.751
S00978,C011,203.583
S00978,C012,256.447
S00978,C013,331.07
S00978,C014,370.601
S00978,C015,545.87
S00978,C016,555.304
S00978,C017,535.638
S00978,C018,640.119
S00978,C019,653.107
S00978,C020,315.548
S00979,C001,733.346
S00979,C002,664.97
S00979,C003,768.728
S00979,C004,737.135
S00979,C005,807.235
S00979,C006,63.01
S00979,C007,157.243
S00979,C008,124.604
S00979,C009,331.817
S00979,C010,447.945
S00979,C011,542.142
S00979,C012,588.162
S00979,C013,654.276
S00979,C014,667.071
S00979,C015,826.288
S00979,C016,360.676
S00979,C017,443.346
S00979,C018,568.004
S00979,C019,623.965
S00979,C020,431.86
S00980,C001,3.857
S00980,C002,132.605
S00980,C003,242.515
S00980,C004,307.542
S00980,C005,417.609
S00980,C006,680.434
S00980,C007,658.31
S00980,C008,733.586
S00980,C009,792.237
S00980,C010,843.477
S00980,C011,757.558
S00980,C012,675.77
S00980,C013,654.079
S00980,C014,566.395
S00980,C015,558.855
S00980,C016,491.655
S00980,C017,333.768
S00980,C018,254.985
S00980,C019,168.514
S00980,C020,369.763
S00981,C001,760.9
S00981,C002,628.731
S00981,C003,616.703
S00981,C004,540.333
S00981,C005,525.565
S00981,C006,561.5
S00981,C007,393.272
S00981,C008,423.615
S00981,C009,244.342
S00981,C010,171.372
S00981,C011,1.015
S00981,C012,115.052
S00981,C013,192.822
S00981,C014,276.258
S00981,C015,444.65
S00981,C016,737.138
S00981,C017,688.535
S00981,C018,775.443
S00981,C019,768.532
S00981,C020,417.4
S00982,C001,748.122
S00982,C002,629.806
S00982,C003,662.98
S00982,C004,599.033
S00982,C005,619.414
S00982,C006,387.67
S00982,C007,222.605
S00982,C008,238.135
S00982,C009,66.23
S00982,C010,110.995
S00982,C011,188.431
S00982,C012,266.953
S00982,C013,346.753
S00982,C014,400.016
S00982,C015,577.017
S00982,C016,606.421
S00982,C017,594.167
S00982,C018,700.34
S00982,C019,714.403
S00982,C020,376.505
S00983,C001,715.143
S00983,C002,662.767
S00983,C003,779.987
S00983,C004,757.577
S00983,C005,837.54
S00983,C006,62.172
S00983,C007,228.465
S00983,C008,213.227
S00983,C009,420.243
S00983,C010,536.187
S00983,C011,620.508
S00983,C012,656.785
S00983,C013,717.935
S00983,C014,720.732
S00983,C015,871.372
S00983,C016,295.016
S00983,C017,403.141
S00983,C018,525.165
S00983,C019,590.159
S00983,C020,452.763
S00984,C001,379.87
S00984,C002,268.911
S00984,C003,344.743
S00984,C004,310.523
S00984,C005,389.388
S00984,C006,394.625
S00984,C007,307.964
S00984,C008,385.988
S00984,C009,414.862
S00984,C010,469.661
S00984,C011,410.135
S00984,C012,360.465
S00984,C013,377.224
S00984,C014,330.784
S00984,C015,443.259
S00984,C016,393.789
S00984,C017,295.485
S00984,C018,366.736
S00984,C019,358.83
S00984,C020,7.801
S00985,C001,304.768
S00985,C002,186.791
S00985,C003,78.388
S00985,C004,7.348
S00985,C005,122.972
S00985,C006,699.687
S00985,C007,605.956
S00985,C008,682.754
S00985,C009,658.757
S00985,C010,670.818
S00985,C011,541.632
S00985,C012,437.554
S00985,C013,392.269
S00985,C014,295.101
S00985,C015,257.944
S00985,C016,635.436
S00985,C017,489.195
S00985,C018,481.5
S00985,C019,416.897
S00985,C020,301.201
S00986,C001,722.771
S00986,C002,589.282
S00986,C003,571.2
S00986,C004,493.939
S00986,C005,476.79
S00986,C006,570.013
S00986,C007,402.947
S00986,C008,441.245
S00986,C009,276.426
S00986,C010,215.952
S00986,C011,49.454
S00986,C012,66.193
S00986,C013,145.572
S00986,C014,227.217
S00986,C015,396.342
S00986,C016,726.826
S00986,C017,668.29
S00986,C018,749.656
S00986,C019,738.152
S00986,C020,389.4
S00987,C001,327.739
S00987,C002,358.38
S00987,C003,511.209
S00987,C004,538.902
S00987,C005,652.264
S00987,C006,446.638
S00987,C007,502.975
S00987,C008,560.501
S00987,C009,698.05
S00987,C010,786.95
S00987,C011,768.554
S00987,C012,730.549
S00987,C013,746.289
S00987,C014,688.926
S00987,C015,759.483
S00987,C016,179.468
S00987,C017,82.136
S00987,C018,78.422
S00987,C019,164.088
S00987,C020,365.806
S00988,C001,368.151
S00988,C002,351.758
S00988,C003,496.372
S00988,C004,505.295
S00988,C005,611.663
S00988,C006,337.099
S00988,C007,380.531
S00988,C008,439.85
S00988,C009,575.759
S00988,C010,666.593
S00988,C011,657.314
S00988,C012,628.989
S00988,C013,653.339
S00988,C014,606.664
S00988,C015,700.057
S00988,C016,137.56
S00988,C017,46.437
S00988,C018,171.172
S00988,C019,231.56
S00988,C020,273.931
S00989,C001,419.208
S00989,C002,395.478
S00989,C003,536.117
S00989,C004,539.161
S00989,C005,641.96
S00989,C006,287.027
S00989,C007,343.489
S00989,C008,398.075
S00989,C009,545.804
S00989,C010,641.728
S00989,C011,645.268
S00989,C012,626.125
S00989,C013,656.773
S00989,C014,617.374
S00989,C015,721.861
S00989,C016,107.757
S00989,C017,96.722
S00989,C018,220.513
S00989,C019,283.891
S00989,C020,284.899
S00990,C001,354.928
S00990,C002,241.581
S00990,C003,114.039
S00990,C004,48.307
S00990,C005,67.892
S00990,C006,739.433
S00990,C007,636.952
S00990,C008,712.571
S00990,C009,673.258
S00990,C010,675.838
S00990,C011,536.927
S00990,C012,427.811
S00990,C013,373.942
S00990,C014,275.417
S00990,C015,210.197
S00990,C016,687.742
S00990,C017,543.307
S00990,C018,537.148
S00990,C019,472.071
S00990,C020,341.008
S00991,C001,379.989
S00991,C002,391.749
S00991,C003,542.398
S00991,C004,561.089
S00991,C005,671.398
S00991,C006,382.26
S00991,C007,449.219
S00991,C008,502.683
S00991,C009,650.562
S00991,C010,744.422
S00991,C011,738.657
S00991,C012,709.986
S00991,C013,732.792
S00991,C014,683.142
S00991,C015,768.434
S00991,C016,114.55
S00991,C017,65.738
S00991,C018,141.553
S00991,C019,222.427
S00991,C020,352.024
S00992,C001,122.872
S00992,C002,60.405
S00992,C003,125.435
S00992,C004,188.807
S00992,C005,298.759
S00992,C006,679.863
S00992,C007,628.449
S00992,C008,706.131
S00992,C009,734.423
S00992,C010,772.013
S00992,C011,669.587
S00992,C012,579.167
S00992,C013,549.461
S00992,C014,457.885
S00992,C015,440.128
S00992,C016,539.845
S00992,C017,381.241
S00992,C018,335.684
S00992,C019,257.661
S00992,C020,318.546
S00993,C001,616.027
S00993,C002,491.675
S00993,C003,379.162
S00993,C004,305.03
S00993,C005,206.165
S00993,C006,828.651
S00993,C007,685.931
S00993,C008,749.035
S00993,C009,636.007
S00993,C010,592.758
S00993,C011,424.552
S00993,C012,312.542
S00993,C013,231.491
S00993,C014,175.043
S00993,C015,55.75
S00993,C016,864.303
S00993,C017,742.906
S00993,C018,766.81
S00993,C019,714.352
S00993,C020,473.986
S00994,C001,500.607
S00994,C002,369.715
S00994,C003,282.153
S00994,C004,200.642
S00994,C005,145.81
S00994,C006,706.443
S00994,C007,573.537
S00994,C008,641.862
S00994,C009,557.16
S00994,C010,536.899
S00994,C011,382.32
S00994,C012,267.875
S00994,C013,203.525
S00994,C014,106.955
S00994,C015,105.65
S00994,C016,727.678
S00994,C017,605.944
S00994,C018,633.336
S00994,C019,584.963
S00994,C020,338.716
S00995,C001,539.044
S00995,C002,405.867
S00995,C003,327.771
S00995,C004,245.813
S00995,C005,193.922
S00995,C006,694.843
S00995,C007,554.711
S00995,C008,620.052
S00995,C009,522.74
S00995,C010,495.898
S00995,C011,337.696
S00995,C012,222.491
S00995,C013,155.291
S00995,C014,61.033
S00995,C015,122.555
S00995,C016,736.207
S00995,C017,622.017
S00995,C018,657.885
S00995,C019,614.332
S00995,C020,344.244
S00996,C001,477.816
S00996,C002,360.786
S00996,C003,235.733
S00996,C004,167.572
S00996,C005,60.208
S00996,C006,791.455
S00996,C007,668.586
S00996,C008,739.724
S00996,C009,665.352
S00996,C010,646.758
S00996,C011,490.857
S00996,C012,375.758
S00996,C013,306.448
S00996,C014,214.231
S00996,C015,90.238
S00996,C016,778.916
S00996,C017,643.411
S00996,C018,650.019
S00996,C019,589.556
S00996,C020,404.709
S00997,C001,654.363
S00997,C002,518.322
S00997,C003,475.435
S00997,C004,394.846
S00997,C005,362.372
S00997,C006,630.046
S00997,C007,470.528
S00997,C008,522.323
S00997,C009,384.49
S00997,C010,337.133
S00997,C011,171.231
S00997,C012,56.773
S00997,C013,27.357
S00997,C014,109.778
S00997,C015,273.998
S00997,C016,740.117
S00997,C017,656.521
S00997,C018,720.379
S00997,C019,695.156
S00997,C020,365.663
S00998,C001,409.138
S00998,C002,287.638
S00998,C003,338.755
S00998,C004,292.546
S00998,C005,358.164
S00998,C006,423.633
S00998,C007,317.086
S00998,C008,393.82
S00998,C009,394.157
S00998,C010,437.09
S00998,C011,363.428
S00998,C012,307.336
S00998,C013,322.069
S00998,C014,277.055
S00998,C015,397.911
S00998,C016,446.801
S00998,C017,350.569
S00998,C018,418.463
S00998,C019,404.981
S00998,C020,59.471
S00999,C001,689.353
S00999,C002,595.766
S00999,C003,673.5
S00999,C004,628.504
S00999,C005,682.677
S00999,C006,186.948
S00999,C007,33.652
S00999,C008,59.602
S00999,C009,185.387
S00999,C010,298.172
S00999,C011,377.689
S00999,C012,425.306
S00999,C013,494.219
S00999,C014,515.862
S00999,C015,682.654
S00999,C016,432.134
S00999,C017,458.519
S00999,C018,578.237
S00999,C019,613.751
S00999,C020,338.43
S01000,C001,497.479
S01000,C002,474.314
S01000,C003,613.075
S01000,C004,612.5
S01000,C005,712.267
S01000,C006,234.361
S01000,C007,327.049
S01000,C008,368.627
S01000,C009,538.825
S01000,C010,642.67
S01000,C011,666.817
S01000,C012,660.809
S01000,C013,699.249
S01000,C014,668.791
S01000,C015,784.285
S01000,C016,73.281
S01000,C017,168.266
S01000,C018,285.459
S01000,C019,356.512
S01000,C020,342.045
S01001,C001,521.811
S01001,C002,395.647
S01001,C003,290.226
S01001,C004,212.554
S01001,C005,128.922
S01001,C006,759.162
S01001,C007,626.017
S01001,C008,693.908
S01001,C009,604.204
S01001,C010,578.233
S01001,C011,418.653
S01001,C012,303.161
S01001,C013,231.202
S01001,C014,142.789
S01001,C015,54.543
S01001,C016,775.15
S01001,C017,649.525
S01001,C018,670.446
S01001,C019,617.59
S01001,C020,388.439
S01002,C001,351.264
S01002,C002,232.914
S01002,C003,300.62
S01002,C004,266.078
S01002,C005,347.462
S01002,C006,438.725
S01002,C007,351.364
S01002,C008,429.291
S01002,C009,447.763
S01002,C010,494.839
S01002,C011,421.036
S01002,C012,359.757
S01002,C013,366.731
S01002,C014,310.13
S01002,C015,409.206
S01002,C016,421.699
S01002,C017,310.033
S01002,C018,367.176
S01002,C019,348.666
S01002,C020,39.941
S01003,C001,835.94
S01003,C002,714.427
S01003,C003,736.834
S01003,C004,668.506
S01003,C005,676.574
S01003,C006,460.123
S01003,C007,302.559
S01003,C008,300.411
S01003,C009,93.057
S01003,C010,23.117
S01003,C011,182.596
S01003,C012,288.575
S01003,C013,370.111
S01003,C014,440.67
S01003,C015,615.957
S01003,C016,695.386
S01003,C017,687.535
S01003,C018,793.888
S01003,C019,807.049
S01003,C020,465.797
S01004,C001,752.527
S01004,C002,637.186
S01004,C003,676.751
S01004,C004,614.956
S01004,C005,639.71
S01004,C006,362.727
S01004,C007,200.126
S01004,C008,210.151
S01004,C009,45.22
S01004,C010,125.627
S01004,C011,218.347
S01004,C012,295.631
S01004,C013,374.862
S01004,C014,425.212
S01004,C015,601.952
S01004,C016,590.404
S01004,C017,585.461
S01004,C018,694.495
S01004,C019,712.165
S01004,C020,380.463
S01005,C001,718.289
S01005,C002,612.742
S01005,C003,671.822
S01005,C004,618.024
S01005,C005,658.231
S01005,C006,273.98
S01005,C007,113.22
S01005,C008,125.276
S01005,C009,101.878
S01005,C010,211.467
S01005,C011,297.337
S01005,C012,357.704
S01005,C013,431.991
S01005,C014,466.932
S01005,C015,640.044
S01005,C016,510.243
S01005,C017,519.599
S01005,C018,634.298
S01005,C019,660.57
S01005,C020,351.358
S01006,C001,152.543
S01006,C002,210.305
S01006,C003,359.444
S01006,C004,403.607
S01006,C005,519.232
S01006,C006,563.562
S01006,C007,573.014
S01006,C008,642.845
S01006,C009,737.58
S01006,C010,807.204
S01006,C011,751.316
S01006,C012,688.865
S01006,C013,685.423
S01006,C014,610.867
S01006,C015,644.794
S01006,C016,343.336
S01006,C017,191.043
S01006,C018,100.988
S01006,C019,20.766
S01006,C020,335.662
S01007,C001,404.225
S01007,C002,308.711
S01007,C003,402.15
S01007,C004,373.999
S01007,C005,456.099
S01007,C006,330.794
S01007,C007,260.447
S01007,C008,337.94
S01007,C009,397.445
S01007,C010,467.148
S01007,C011,432.121
S01007,C012,398.599
S01007,C013,425.684
S01007,C014,388.763
S01007,C015,509.005
S01007,C016,335.947
S01007,C017,256.656
S01007,C018,346.128
S01007,C019,354.337
S01007,C020,69.595
S01008,C001,373.685
S01008,C002,269.114
S01008,C003,355.128
S01008,C004,325.682
S01008,C005,408.625
S01008,C006,379.036
S01008,C007,301.796
S01008,C008,379.78
S01008,C009,421.257
S01008,C010,481.254
S01008,C011,428.704
S01008,C012,382.665
S01008,C013,401.184
S01008,C014,355.459
S01008,C015,466.46
S01008,C016,369.216
S01008,C017,271.879
S01008,C018,346.581
S01008,C019,342.757
S01008,C020,23.511
S01009,C001,802.291
S01009,C002,678.944
S01009,C003,697.494
S01009,C004,628.342
S01009,C005,635.059
S01009,C006,461.9
S01009,C007,298.725
S01009,C008,307.33
S01009,C009,105.878
S01009,C010,44.024
S01009,C011,145.657
S01009,C012,248.109
S01009,C013,329.793
S01009,C014,399.089
S01009,C015,574.582
S01009,C016,683.136
S01009,C017,666.396
S01009,C018,769.496
S01009,C019,779.098
S01009,C020,434.098
S01010,C001,560.761
S01010,C002,430.095
S01010,C003,338.664
S01010,C004,258.087
S01010,C005,187.059
S01010,C006,737.712
S01010,C007,596.719
S01010,C008,661.309
S01010,C009,558.371
S01010,C010,525.613
S01010,C011,362.918
S01010,C012,247.532
S01010,C013,172.735
S01010,C014,92.149
S01010,C015,84.944
S01010,C016,776.768
S01010,C017,659.838
S01010,C018,691.364
S01010,C019,644.518
S01010,C020,385.251
S01011,C001,850.608
S01011,C002,716.188
S01011,C003,687.541
S01011,C004,607.824
S01011,C005,574.853
S01011,C006,661.362
S01011,C007,493.41
S01011,C008,516.053
S01011,C009,320.82
S01011,C010,219.728
S01011,C011,108.48
S01011,C012,173.986
S01011,C013,225.69
S01011,C014,323.007
S01011,C015,470.186
S01011,C016,844.752
S01011,C017,794.866
S01011,C018,879.071
S01011,C019,868.493
S01011,C020,519.271
S01012,C001,658.19
S01012,C002,608.417
S01012,C003,728.788
S01012,C004,709.468
S01012,C005,793.035
S01012,C006,62.146
S01012,C007,220.426
S01012,C008,225.374
S01012,C009,426.583
S01012,C010,540.909
S01012,C011,610.025
S01012,C012,636.532
S01012,C013,693.244
S01012,C014,689.037
S01012,C015,833.899
S01012,C016,243.658
S01012,C017,345.813
S01012,C018,468.223
S01012,C019,532.651
S01012,C020,406.76
S01013,C001,173.395
S01013,C002,54.136
S01013,C003,99.847
S01013,C004,142.38
S01013,C005,256.981
S01013,C006,650.653
S01013,C007,587.604
S01013,C008,665.617
S01013,C009,683.305
S01013,C010,717.144
S01013,C011,611.767
S01013,C012,520.633
S01013,C013,491.18
S01013,C014,400.253
S01013,C015,391.859
S01013,C016,535.857
S01013,C017,380.836
S01013,C018,354.331
S01013,C019,284.351
S01013,C020,274.062
S01014,C001,438.527
S01014,C002,329.301
S01014,C003,192.85
S01014,C004,136.27
S01014,C005,22.701
S01014,C006,802.9
S01014,C007,688.46
S01014,C008,761.677
S01014,C009,699.952
S01014,C010,687.974
S01014,C011,536.187
S01014,C012,421.966
S01014,C013,355.884
S01014,C014,260.918
S01014,C015,142.54
S01014,C016,769.835
S01014,C017,628.361
S01014,C018,625.08
S01014,C019,559.936
S01014,C020,408.705
S01015,C001,761.597
S01015,C002,626.941
S01015,C003,599.012
S01015,C004,519.801
S01015,C005,491.985
S01015,C006,617.974
S01015,C007,450.3
S01015,C008,485.111
S01015,C009,309.785
S01015,C010,233.253
S01015,C011,66.489
S01015,C012,84.672
S01015,C013,145.835
S01015,C014,239.399
S01015,C015,397.515
S01015,C016,777.752
S01015,C017,717.776
S01015,C018,797.138
S01015,C019,783.259
S01015,C020,436.528
S01016,C001,475.488
S01016,C002,374.908
S01016,C003,229.789
S01016,C004,186.315
S01016,C005,79.959
S01016,C006,860.353
S01016,C007,744.414
S01016,C008,817.078
S01016,C009,749.342
S01016,C010,731.961
S01016,C011,575.55
S01016,C012,460.266
S01016,C013,389.241
S01016,C014,298.889
S01016,C015,150.609
S01016,C016,825.236
S01016,C017,681.897
S01016,C018,673.562
S01016,C019,605.372
S01016,C020,466.357
S01017,C001,429.572
S01017,C002,329.944
S01017,C003,183.88
S01017,C004,144.359
S01017,C005,55.487
S01017,C006,832.004
S01017,C007,722.125
S01017,C008,796.191
S01017,C009,739.492
S01017,C010,729.224
S01017,C011,578.018
S01017,C012,463.842
S01017,C013,397.539
S01017,C014,302.789
S01017,C015,176.194
S01017,C016,785.988
S01017,C017,640.6
S01017,C018,629.212
S01017,C019,560.15
S01017,C020,435.153
S01018,C001,684.899
S01018,C002,548.869
S01018,C003,505.088
S01018,C004,424.238
S01018,C005,388.247
S01018,C006,642.65
S01018,C007,480.583
S01018,C008,528.853
S01018,C009,380.796
S01018,C010,324.824
S01018,C011,155.426
S01018,C012,51.062
S01018,C013,40.043
S01018,C014,136.271
S01018,C015,292.31
S01018,C016,762.573
S01018,C017,682.548
S01018,C018,748.537
S01018,C019,724.501
S01018,C020,392.269
S01019,C001,247.539
S01019,C002,303.953
S01019,C003,455.332
S01019,C004,494.622
S01019,C005,610.084
S01019,C006,526.871
S01019,C007,564.92
S01019,C008,628.191
S01019,C009,748.261
S01019,C010,828.879
S01019,C011,792.226
S01019,C012,741.481
S01019,C013,747.163
S01019,C014,679.977
S01019,C015,729.513
S01019,C016,271.395
S01019,C017,144.478
S01019,C018,20.083
S01019,C019,81.415
S01019,C020,377.117
S01020,C001,871.607
S01020,C002,737.23
S01020,C003,708.38
S01020,C004,628.562
S01020,C005,594.545
S01020,C006,673.144
S01020,C007,505.571
S01020,C008,525.553
S01020,C009,327.224
S01020,C010,222.03
S01020,C011,125.966
S01020,C012,195.029
S01020,C013,245.367
S01020,C014,343.041
S01020,C015,487.96
S01020,C016,861.303
S01020,C017,813.522
S01020,C018,898.68
S01020,C019,888.764
S01020,C020,539.164
S01021,C001,776.603
S01021,C002,664.092
S01021,C003,708.546
S01021,C004,648.21
S01021,C005,675.285
S01021,C006,348.656
S01021,C007,193.311
S01021,C008,189.833
S01021,C009,21.365
S01021,C010,134.286
S01021,C011,250.093
S01021,C012,331.677
S01021,C013,411.314
S01021,C014,462.204
S01021,C015,638.913
S01021,C016,590.834
S01021,C017,595.781
S01021,C018,707.953
S01021,C019,729.635
S01021,C020,405.139
S01022,C001,824.321
S01022,C002,707.015
S01022,C003,739.888
S01022,C004,674.97
S01022,C005,691.401
S01022,C006,413.253
S01022,C007,259.882
S01022,C008,251.945
S01022,C009,45.922
S01022,C010,73.303
S01022,C011,221.056
S01022,C012,319.071
S01022,C013,400.722
S01022,C014,463.903
S01022,C015,640.666
S01022,C016,657.0
S01022,C017,657.913
S01022,C018,767.87
S01022,C019,785.876
S01022,C020,452.345
S01023,C001,291.329
S01023,C002,310.992
S01023,C003,463.439
S01023,C004,489.272
S01023,C005,602.338
S01023,C006,442.351
S01023,C007,481.926
S01023,C008,543.936
S01023,C009,669.779
S01023,C010,754.424
S01023,C011,728.343
S01023,C012,686.298
S01023,C013,699.632
S01023,C014,640.426
S01023,C015,709.216
S01023,C016,201.363
S01023,C017,59.476
S01023,C018,65.284
S01023,C019,135.623
S01023,C020,320.558
S01024,C001,503.483
S01024,C002,381.976
S01024,C003,265.3
S01024,C004,192.094
S01024,C005,94.713
S01024,C006,781.171
S01024,C007,652.848
S01024,C008,722.35
S01024,C009,639.515
S01024,C010,616.521
S01024,C011,458.165
S01024,C012,342.746
S01024,C013,271.425
S01024,C014,181.747
S01024,C015,59.254
S01024,C016,782.815
S01024,C017,651.869
S01024,C018,665.247
S01024,C019,608.208
S01024,C020,401.616
S01025,C001,550.04
S01025,C002,417.3
S01025,C003,336.142
S01025,C004,254.371
S01025,C005,197.018
S01025,C006,706.246
S01025,C007,564.991
S01025,C008,629.691
S01025,C009,529.027
S01025,C010,499.473
S01025,C011,339.327
S01025,C012,223.846
S01025,C013,153.492
S01025,C014,63.962
S01025,C015,114.609
S01025,C016,749.379
S01025,C017,635.286
S01025,C018,670.836
S01025,C019,626.851
S01025,C020,357.375
S01026,C001,621.567
S01026,C002,486.529
S01026,C003,418.213
S01026,C004,336.166
S01026,C005,283.108
S01026,C006,695.447
S01026,C007,543.099
S01026,C008,601.0
S01026,C009,476.586
S01026,C010,432.877
S01026,C011,266.277
S01026,C012,152.523
S01026,C013,73.242
S01026,C014,53.808
S01026,C015,179.449
S01026,C016,772.933
S01026,C017,672.337
S01026,C018,720.846
S01026,C019,684.571
S01026,C020,383.986
S01027,C001,712.142
S01027,C002,642.7
S01027,C003,746.048
S01027,C004,714.497
S01027,C005,784.951
S01027,C006,52.545
S01027,C007,139.514
S01027,C008,116.954
S01027,C009,323.803
S01027,C010,439.752
S01027,C011,528.118
S01027,C012,570.995
S01027,C013,635.98
S01027,C014,646.97
S01027,C015,805.175
S01027,C016,348.736
S01027,C017,425.456
S01027,C018,550.204
S01027,C019,604.666
S01027,C020,409.179
S01028,C001,758.512
S01028,C002,624.01
S01028,C003,597.449
S01028,C004,518.466
S01028,C005,491.978
S01028,C006,611.97
S01028,C007,444.296
S01028,C008,479.185
S01028,C009,304.384
S01028,C010,228.999
S01028,C011,61.242
S01028,C012,82.929
S01028,C013,146.937
S01028,C014,239.468
S01028,C015,399.09
S01028,C016,772.178
S01028,C017,712.753
S01028,C018,792.575
S01028,C019,779.148
S01028,C020,432.002
S01029,C001,698.842
S01029,C002,604.402
S01029,C003,680.657
S01029,C004,634.796
S01029,C005,687.553
S01029,C006,193.675
S01029,C007,44.324
S01029,C008,56.683
S01029,C009,176.657
S01029,C010,290.189
S01029,C011,373.629
S01029,C012,423.948
S01029,C013,493.863
S01029,C014,517.528
S01029,C015,685.339
S01029,C016,442.32
S01029,C017,469.179
S01029,C018,588.838
S01029,C019,624.096
S01029,C020,346.417
S01030,C001,461.331
S01030,C002,359.314
S01030,C003,438.975
S01030,C004,401.326
S01030,C005,471.913
S01030,C006,309.746
S01030,C007,213.42
S01030,C008,291.457
S01030,C009,337.365
S01030,C010,407.431
S01030,C011,380.496
S01030,C012,357.935
S01030,C013,394.258
S01030,C014,370.374
S01030,C015,507.072
S01030,C016,367.848
S01030,C017,307.986
S01030,C018,403.848
S01030,C019,414.533
S01030,C020,101.028
S01031,C001,427.117
S01031,C002,437.024
S01031,C003,586.801
S01031,C004,602.829
S01031,C005,711.794
S01031,C006,358.273
S01031,C007,441.676
S01031,C008,489.323
S01031,C009,648.616
S01031,C010,746.893
S01031,C011,751.775
S01031,C012,729.904
S01031,C013,757.136
S01031,C014,712.148
S01031,C015,804.475
S01031,C016,72.045
S01031,C017,106.993
S01031,C018,185.659
S01031,C019,268.533
S01031,C020,379.136
S01032,C001,375.603
S01032,C002,260.763
S01032,C003,134.963
S01032,C004,66.733
S01032,C005,49.202
S01032,C006,744.564
S01032,C007,638.105
S01032,C008,713.086
S01032,C009,667.66
S01032,C010,666.837
S01032,C011,524.978
S01032,C012,414.586
S01032,C013,358.374
S01032,C014,259.915
S01032,C015,189.218
S01032,C016,700.599
S01032,C017,557.948
S01032,C018,554.805
S01032,C019,490.906
S01032,C020,347.134
S01033,C001,203.107
S01033,C002,95.345
S01033,C003,58.545
S01033,C004,108.296
S01033,C005,220.079
S01033,C006,681.276
S01033,C007,610.509
S01033,C008,688.544
S01033,C009,694.808
S01033,C010,722.174
S01033,C011,608.606
S01033,C012,512.519
S01033,C013,477.066
S01033,C014,383.144
S01033,C015,359.626
S01033,C016,575.733
S01033,C017,421.539
S01033,C018,395.566
S01033,C019,324.377
S01033,C020,296.09
S01034,C001,322.058
S01034,C002,330.833
S01034,C003,481.822
S01034,C004,502.369
S01034,C005,613.714
S01034,C006,406.949
S01034,C007,451.516
S01034,C008,511.764
S01034,C009,643.338
S01034,C010,730.893
S01034,C011,711.741
S01034,C012,674.86
S01034,C013,692.265
S01034,C014,637.366
S01034,C015,714.792
S01034,C016,168.678
S01034,C017,26.663
S01034,C018,100.62
S01034,C019,170.568
S01034,C020,311.099
S01035,C001,766.104
S01035,C002,653.785
S01035,C003,698.977
S01035,C004,639.046
S01035,C005,667.152
S01035,C006,342.641
S01035,C007,185.375
S01035,C008,185.405
S01035,C009,31.15
S01035,C010,140.412
S01035,C011,249.144
S01035,C012,327.746
S01035,C013,406.868
S01035,C014,455.975
S01035,C015,632.485
S01035,C016,581.954
S01035,C017,585.688
S01035,C018,697.63
S01035,C019,719.116
S01035,C020,394.696
S01036,C001,852.565
S01036,C002,734.787
S01036,C003,765.761
S01036,C004,699.953
S01036,C005,713.776
S01036,C006,433.2
S01036,C007,283.749
S01036,C008,270.308
S01036,C009,70.252
S01036,C010,67.359
S01036,C011,230.51
S01036,C012,333.886
S01036,C013,415.61
S01036,C014,482.661
S01036,C015,658.882
S01036,C016,682.295
S01036,C017,685.613
S01036,C018,796.034
S01036,C019,814.372
S01036,C020,480.648
S01037,C001,656.767
S01037,C002,602.369
S01037,C003,719.507
S01037,C004,697.844
S01037,C005,779.258
S01037,C006,41.656
S01037,C007,197.011
S01037,C008,202.809
S01037,C009,403.22
S01037,C010,517.455
S01037,C011,587.046
S01037,C012,614.844
S01037,C013,672.451
S01037,C014,670.042
S01037,C015,816.926
S01037,C016,257.465
S01037,C017,350.417
S01037,C018,473.993
S01037,C019,535.654
S01037,C020,393.67
S01038,C001,706.569
S01038,C002,611.698
S01038,C003,687.094
S01038,C004,640.7
S01038,C005,692.533
S01038,C006,197.835
S01038,C007,52.274
S01038,C008,54.314
S01038,C009,171.192
S01038,C010,285.358
S01038,C011,372.129
S01038,C012,424.543
S01038,C013,495.188
S01038,C014,520.322
S01038,C015,688.823
S01038,C016,449.493
S01038,C017,477.176
S01038,C018,596.887
S01038,C019,632.144
S01038,C020,353.377
S01039,C001,694.072
S01039,C002,561.89
S01039,C003,552.457
S01039,C004,477.26
S01039,C005,469.196
S01039,C006,532.664
S01039,C007,366.319
S01039,C008,407.702
S01039,C009,253.808
S01039,C010,209.428
S01039,C011,66.638
S01039,C012,76.919
S01039,C013,157.989
S01039,C014,226.146
S01039,C015,400.714
S01039,C016,687.092
S01039,C017,630.011
S01039,C018,713.211
S01039,C019,703.868
S01039,C020,353.676
S01040,C001,775.202
S01040,C002,680.743
S01040,C003,754.427
S01040,C004,706.238
S01040,C005,754.082
S01040,C006,219.2
S01040,C007,116.663
S01040,C008,57.169
S01040,C009,163.229
S01040,C010,278.319
S01040,C011,393.731
S01040,C012,461.14
S01040,C013,536.19
S01040,C014,570.496
S01040,C015,742.512
S01040,C016,496.46
S01040,C017,537.686
S01040,C018,659.176
S01040,C019,697.612
S01040,C020,422.06
S01041,C001,145.246
S01041,C002,254.993
S01041,C003,387.845
S01041,C004,445.95
S01041,C005,559.415
S01041,C006,650.887
S01041,C007,666.342
S01041,C008,735.535
S01041,C009,830.895
S01041,C010,898.842
S01041,C011,837.351
S01041,C012,769.548
S01041,C013,760.231
S01041,C014,680.318
S01041,C015,695.097
S01041,C016,410.581
S01041,C017,270.633
S01041,C018,154.634
S01041,C019,85.829
S01041,C020,424.477
S01042,C001,356.096
S01042,C002,388.867
S01042,C003,541.695
S01042,C004,569.027
S01042,C005,682.186
S01042,C006,442.426
S01042,C007,508.83
S01042,C008,563.279
S01042,C009,708.029
S01042,C010,799.695
S01042,C011,786.956
S01042,C012,752.26
S01042,C013,770.156
S01042,C014,714.746
S01042,C015,788.218
S01042,C016,163.059
S01042,C017,99.352
S01042,C018,104.165
S01042,C019,191.116
S01042,C020,388.96
S01043,C001,514.15
S01043,C002,378.305
S01043,C003,327.005
S01043,C004,246.648
S01043,C005,227.847
S01043,C006,624.039
S01043,C007,484.764
S01043,C008,551.141
S01043,C009,463.497
S01043,C010,447.445
S01043,C011,300.119
S01043,C012,190.286
S01043,C013,145.593
S01043,C014,58.368
S01043,C015,190.807
S01043,C016,672.177
S01043,C017,564.339
S01043,C018,609.156
S01043,C019,572.46
S01043,C020,280.242
S01044,C001,97.404
S01044,C002,76.562
S01044,C003,148.915
S01044,C004,216.141
S01044,C005,324.418
S01044,C006,690.083
S01044,C007,644.875
S01044,C008,722.241
S01044,C009,756.523
S01044,C010,796.513
S01044,C011,696.466
S01044,C012,607.033
S01044,C013,578.018
S01044,C014,486.607
S01044,C015,467.264
S01044,C016,537.917
S01044,C017,378.524
S01044,C018,323.99
S01044,C019,242.836
S01044,C020,337.959
S01045,C001,542.536
S01045,C002,416.083
S01045,C003,310.815
S01045,C004,233.325
S01045,C005,147.304
S01045,C006,768.099
S01045,C007,632.132
S01045,C008,698.826
S01045,C009,603.203
S01045,C010,573.301
S01045,C011,411.403
S01045,C012,295.95
S01045,C013,221.362
S01045,C014,138.218
S01045,C015,43.361
S01045,C016,790.505
S01045,C017,666.669
S01045,C018,689.449
S01045,C019,637.379
S01045,C020,402.197
S01046,C001,380.49
S01046,C002,344.109
S01046,C003,481.16
S01046,C004,481.668
S01046,C005,583.662
S01046,C006,305.713
S01046,C007,332.059
S01046,C008,394.788
S01046,C009,523.367
S01046,C010,612.949
S01046,C011,603.785
S01046,C012,577.741
S01046,C013,604.671
S01046,C014,561.915
S01046,C015,663.598
S01046,C016,165.927
S01046,C017,93.714
S01046,C018,213.403
S01046,C019,261.235
S01046,C020,228.747
S01047,C001,749.561
S01047,C002,635.239
S01047,C003,677.031
S01047,C004,616.073
S01047,C005,642.576
S01047,C006,352.873
S01047,C007,190.632
S01047,C008,200.243
S01047,C009,45.469
S01047,C010,134.54
S01047,C011,227.476
S01047,C012,302.941
S01047,C013,381.738
S01047,C014,430.421
S01047,C015,606.955
S01047,C016,581.961
S01047,C017,578.753
S01047,C018,688.511
S01047,C019,707.189
S01047,C020,377.598
S01048,C001,639.146
S01048,C002,505.827
S01048,C003,424.36
S01048,C004,342.937
S01048,C005,274.886
S01048,C006,741.914
S01048,C007,589.982
S01048,C008,647.793
S01048,C009,520.436
S01048,C010,471.91
S01048,C011,302.983
S01048,C012,192.518
S01048,C013,110.825
S01048,C014,89.793
S01048,C015,151.549
S01048,C016,813.637
S01048,C017,708.659
S01048,C018,751.876
S01048,C019,711.584
S01048,C020,422.871
S01049,C001,448.264
S01049,C002,344.206
S01049,C003,201.967
S01049,C004,153.944
S01049,C005,47.706
S01049,C006,828.989
S01049,C007,715.105
S01049,C008,788.349
S01049,C009,725.746
S01049,C010,712.317
S01049,C011,559.004
S01049,C012,444.328
S01049,C013,376.387
S01049,C014,282.885
S01049,C015,151.177
S01049,C016,792.111
S01049,C017,649.022
S01049,C018,642.055
S01049,C019,574.892
S01049,C020,434.117
S01050,C001,718.562
S01050,C002,583.096
S01050,C003,548.486
S01050,C004,468.559
S01050,C005,437.943
S01050,C006,624.508
S01050,C007,459.105
S01050,C008,501.483
S01050,C009,340.91
S01050,C010,276.896
S01050,C011,106.371
S01050,C012,41.485
S01050,C013,91.72
S01050,C014,185.359
S01050,C015,344.04
S01050,C016,764.117
S01050,C017,694.067
S01050,C018,767.155
S01050,C019,748.454
S01050,C020,407.323
S01051,C001,220.257
S01051,C002,122.754
S01051,C003,30.212
S01051,C004,95.984
S01051,C005,201.261
S01051,C006,707.917
S01051,C007,633.754
S01051,C008,711.715
S01051,C009,711.824
S01051,C010,735.253
S01051,C011,616.615
S01051,C012,517.413
S01051,C013,477.72
S01051,C014,381.99
S01051,C015,345.181
S01051,C016,604.822
S01051,C017,450.474
S01051,C018,422.418
S01051,C019,349.52
S01051,C020,319.695
S01052,C001,644.567
S01052,C002,561.298
S01052,C003,653.055
S01052,C004,615.99
S01052,C005,681.297
S01052,C006,128.163
S01052,C007,44.357
S01052,C008,93.296
S01052,C009,257.94
S01052,C010,368.799
S01052,C011,433.464
S01052,C012,467.144
S01052,C013,529.713
S01052,C014,538.701
S01052,C015,697.326
S01052,C016,358.86
S01052,C017,393.295
S01052,C018,515.311
S01052,C019,556.702
S01052,C020,314.186
S01053,C001,239.795
S01053,C002,141.545
S01053,C003,13.332
S01053,C004,80.262
S01053,C005,181.991
S01053,C006,717.608
S01053,C007,639.343
S01053,C008,717.164
S01053,C009,711.518
S01053,C010,731.81
S01053,C011,609.7
S01053,C012,508.614
S01053,C013,466.443
S01053,C014,369.889
S01053,C015,327.029
S01053,C016,620.88
S01053,C017,467.422
S01053,C018,441.59
S01053,C019,369.226
S01053,C020,326.202
S01054,C001,232.531
S01054,C002,294.618
S01054,C003,445.004
S01054,C004,486.574
S01054,C005,602.175
S01054,C006,542.054
S01054,C007,576.806
S01054,C008,641.015
S01054,C009,757.747
S01054,C010,836.732
S01054,C011,796.711
S01054,C012,743.642
S01054,C013,747.399
S01054,C014,678.453
S01054,C015,723.806
S01054,C016,288.863
S01054,C017,159.089
S01054,C018,34.72
S01054,C019,67.583
S01054,C020,380.595
S01055,C001,699.884
S01055,C002,563.805
S01055,C003,509.482
S01055,C004,427.735
S01055,C005,381.119
S01055,C006,682.167
S01055,C007,520.395
S01055,C008,568.639
S01055,C009,417.928
S01055,C010,356.67
S01055,C011,186.107
S01055,C012,90.447
S01055,C013,42.775
S01055,C014,136.001
S01055,C015,272.648
S01055,C016,797.251
S01055,C017,712.997
S01055,C018,774.884
S01055,C019,747.365
S01055,C020,421.926
S01056,C001,578.856
S01056,C002,442.739
S01056,C003,397.411
S01056,C004,317.092
S01056,C005,291.517
S01056,C006,618.698
S01056,C007,468.51
S01056,C008,528.822
S01056,C009,418.225
S01056,C010,389.552
S01056,C011,234.429
S01056,C012,121.526
S01056,C013,78.934
S01056,C014,48.021
S01056,C015,225.033
S01056,C016,697.905
S01056,C017,602.268
S01056,C018,657.533
S01056,C019,627.096
S01056,C020,311.851
S01057,C001,795.578
S01057,C002,665.293
S01057,C003,660.776
S01057,C004,585.743
S01057,C005,574.978
S01057,C006,547.107
S01057,C007,379.531
S01057,C008,401.0
S01057,C009,209.043
S01057,C010,122.952
S01057,C011,50.88
S01057,C012,166.199
S01057,C013,244.242
S01057,C014,326.935
S01057,C015,496.076
S01057,C016,741.403
S01057,C017,703.619
S01057,C018,796.175
S01057,C019,794.358
S01057,C020,442.671
S01058,C001,825.535
S01058,C002,702.903
S01058,C003,722.671
S01058,C004,653.656
S01058,C005,660.19
S01058,C006,466.189
S01058,C007,306.068
S01058,C008,308.293
S01058,C009,101.922
S01058,C010,21.379
S01058,C011,164.701
S01058,C012,270.684
S01058,C013,352.187
S01058,C014,423.284
S01058,C015,598.36
S01058,C016,695.641
S01058,C017,683.662
S01058,C018,788.447
S01058,C019,799.787
S01058,C020,456.419
S01059,C001,701.325
S01059,C002,601.207
S01059,C003,669.416
S01059,C004,619.815
S01059,C005,667.063
S01059,C006,231.82
S01059,C007,71.78
S01059,C008,89.934
S01059,C009,142.396
S01059,C010,253.754
S01059,C011,335.24
S01059,C012,388.43
S01059,C013,459.943
S01059,C014,487.876
S01059,C015,658.07
S01059,C016,471.094
S01059,C017,487.648
S01059,C018,604.761
S01059,C019,635.24
S01059,C020,340.584
S01060,C001,809.552
S01060,C002,678.096
S01060,C003,667.942
S01060,C004,591.604
S01060,C005,575.625
S01060,C006,573.711
S01060,C007,406.096
S01060,C008,427.405
S01060,C009,233.773
S01060,C010,141.18
S01060,C011,51.204
S01060,C012,163.594
S01060,C013,237.771
S01060,C014,325.119
S01060,C015,490.453
S01060,C016,766.125
S01060,C017,725.725
S01060,C018,816.493
S01060,C019,812.7
S01060,C020,460.99
S01061,C001,895.922
S01061,C002,768.391
S01061,C003,771.367
S01061,C004,697.375
S01061,C005,687.959
S01061,C006,565.097
S01061,C007,405.789
S01061,C008,405.501
S01061,C009,198.155
S01061,C010,82.221
S01061,C011,162.518
S01061,C012,277.778
S01061,C013,353.127
S01061,C014,439.157
S01061,C015,605.8
S01061,C016,793.723
S01061,C017,775.589
S01061,C018,876.495
S01061,C019,882.511
S01061,C020,533.565
S01062,C001,760.921
S01062,C002,678.254
S01062,C003,766.86
S01062,C004,726.27
S01062,C005,785.019
S01062,C006,144.149
S01062,C007,116.95
S01062,C008,47.179
S01062,C009,244.936
S01062,C010,360.641
S01062,C011,467.498
S01062,C012,525.302
S01062,C013,596.594
S01062,C014,620.922
S01062,C015,787.865
S01062,C016,435.214
S01062,C017,496.387
S01062,C018,620.484
S01062,C019,667.585
S01062,C020,428.434
S01063,C001,384.721
S01063,C002,383.199
S01063,C003,531.261
S01063,C004,544.779
S01063,C005,653.005
S01063,C006,350.979
S01063,C007,412.299
S01063,C008,466.942
S01063,C009,612.981
S01063,C010,706.829
S01063,C011,702.53
S01063,C012,675.985
S01063,C013,700.788
S01063,C014,653.836
S01063,C015,744.881
S01063,C016,106.683
S01063,C017,52.958
S01063,C018,161.341
S01063,C019,234.976
S01063,C020,321.296
S01064,C001,720.177
S01064,C002,600.19
S01064,C003,630.517
S01064,C004,566.001
S01064,C005,585.945
S01064,C006,393.492
S01064,C007,225.816
S01064,C008,251.744
S01064,C009,98.985
S01064,C010,129.814
S01064,C011,170.866
S01064,C012,239.265
S01064,C013,317.822
S01064,C014,367.951
S01064,C015,544.816
S01064,C016,597.789
S01064,C017,577.274
S01064,C018,680.464
S01064,C019,691.35
S01064,C020,349.496
S01065,C001,236.373
S01065,C002,280.123
S01065,C003,432.563
S01065,C004,468.576
S01065,C005,583.743
S01065,C006,507.944
S01065,C007,538.991
S01065,C008,603.787
S01065,C009,719.387
S01065,C010,798.646
S01065,C011,760.4
S01065,C012,709.366
S01065,C013,715.263
S01065,C014,648.635
S01065,C015,700.832
S01065,C016,265.363
S01065,C017,125.07
S01065,C018,20.269
S01065,C019,72.351
S01065,C020,345.066
S01066,C001,846.93
S01066,C002,715.963
S01066,C003,706.94
S01066,C004,630.598
S01066,C005,613.73
S01066,C006,586.366
S01066,C007,420.315
S01066,C008,434.882
S01066,C009,233.641
S01066,C010,128.119
S01066,C011,90.21
S01066,C012,201.305
S01066,C013,273.246
S01066,C014,362.591
S01066,C015,525.747
S01066,C016,790.131
S01066,C017,755.479
S01066,C018,848.778
S01066,C019,847.098
S01066,C020,495.394
S01067,C001,781.936
S01067,C002,719.116
S01067,C003,826.634
S01067,C004,796.807
S01067,C005,868.256
S01067,C006,100.977
S01067,C007,216.856
S01067,C008,172.877
S01067,C009,375.354
S01067,C010,490.808
S01067,C011,595.231
S01067,C012,645.931
S01067,C013,713.441
S01067,C014,728.058
S01067,C015,887.827
S01067,C016,380.775
S01067,C017,480.615
S01067,C018,604.241
S01067,C019,665.227
S01067,C020,491.081
S01068,C001,371.743
S01068,C002,260.995
S01068,C003,127.942
S01068,C004,68.804
S01068,C005,49.71
S01068,C006,757.762
S01068,C007,653.04
S01068,C008,728.259
S01068,C009,684.315
S01068,C010,683.713
S01068,C011,541.618
S01068,C012,430.985
S01068,C013,373.992
S01068,C014,275.626
S01068,C015,196.939
S01068,C016,708.553
S01068,C017,564.205
S01068,C018,557.43
S01068,C019,491.661
S01068,C020,359.728
S01069,C001,554.492
S01069,C002,419.709
S01069,C003,352.275
S01069,C004,270.293
S01069,C005,227.244
S01069,C006,671.848
S01069,C007,527.967
S01069,C008,591.594
S01069,C009,488.937
S01069,C010,460.505
S01069,C011,302.305
S01069,C012,187.229
S01069,C013,122.691
S01069,C014,25.695
S01069,C015,154.598
S01069,C016,726.209
S01069,C017,617.93
S01069,C018,660.376
S01069,C019,621.051
S01069,C020,334.326
S01070,C001,364.396
S01070,C002,251.642
S01070,C003,122.406
S01070,C004,58.412
S01070,C005,57.901
S01070,C006,746.545
S01070,C007,642.551
S01070,C008,717.921
S01070,C009,675.893
S01070,C010,676.761
S01070,C011,536.206
S01070,C012,426.318
S01070,C013,370.945
S01070,C014,272.442
S01070,C015,201.677
S01070,C016,697.141
S01070,C017,553.062
S01070,C018,547.257
S01070,C019,482.159
S01070,C020,348.395
S01071,C001,377.668
S01071,C002,269.634
S01071,C003,132.341
S01071,C004,79.411
S01071,C005,45.346
S01071,C006,770.63
S01071,C007,665.672
S01071,C008,740.811
S01071,C009,695.563
S01071,C010,693.752
S01071,C011,550.319
S01071,C012,439.041
S01071,C013,380.538
S01071,C014,282.42
S01071,C015,195.325
S01071,C016,720.435
S01071,C017,575.498
S01071,C018,567.102
S01071,C019,500.37
S01071,C020,372.585
S01072,C001,571.063
S01072,C002,451.351
S01072,C003,329.692
S01072,C004,259.949
S01072,C005,153.422
S01072,C006,833.258
S01072,C007,697.83
S01072,C008,764.381
S01072,C009,665.22
S01072,C010,630.401
S01072,C011,465.203
S01072,C012,350.695
S01072,C013,272.196
S01072,C014,198.991
S01072,C015,22.522
S01072,C016,848.234
S01072,C017,719.852
S01072,C018,735.064
S01072,C019,678.081
S01072,C020,462.963
S01073,C001,397.072
S01073,C002,301.998
S01073,C003,152.731
S01073,C004,124.84
S01073,C005,70.107
S01073,C006,824.101
S01073,C007,720.051
S01073,C008,795.175
S01073,C009,747.573
S01073,C010,742.532
S01073,C011,595.288
S01073,C012,482.304
S01073,C013,419.262
S01073,C014,322.676
S01073,C015,208.024
S01073,C016,766.333
S01073,C017,618.419
S01073,C018,602.093
S01073,C019,531.155
S01073,C020,425.662
S01074,C001,357.193
S01074,C002,260.54
S01074,C003,358.323
S01074,C004,335.445
S01074,C005,424.011
S01074,C006,372.536
S01074,C007,308.701
S01074,C008,386.126
S01074,C009,440.79
S01074,C010,505.086
S01074,C011,457.191
S01074,C012,412.374
S01074,C013,430.53
S01074,C014,383.039
S01074,C015,488.858
S01074,C016,343.325
S01074,C017,242.291
S01074,C018,317.747
S01074,C019,316.812
S01074,C020,49.859
S01075,C001,131.399
S01075,C002,17.034
S01075,C003,141.732
S01075,C004,188.926
S01075,C005,303.554
S01075,C006,636.633
S01075,C007,585.398
S01075,C008,663.006
S01075,C009,694.806
S01075,C010,735.504
S01075,C011,638.425
S01075,C012,551.937
S01075,C013,527.225
S01075,C014,438.755
S01075,C015,437.779
S01075,C016,503.148
S01075,C017,345.766
S01075,C018,310.867
S01075,C019,238.661
S01075,C020,276.702
S01076,C001,477.76
S01076,C002,448.649
S01076,C003,585.385
S01076,C004,583.115
S01076,C005,682.056
S01076,C006,233.405
S01076,C007,310.249
S01076,C008,357.07
S01076,C009,519.644
S01076,C010,621.278
S01076,C011,640.252
S01076,C012,631.783
S01076,C013,669.162
S01076,C014,637.866
S01076,C015,753.193
S01076,C016,96.243
S01076,C017,154.669
S01076,C018,276.594
S01076,C019,342.682
S01076,C020,310.888
S01077,C001,114.001
S01077,C002,231.084
S01077,C003,358.748
S01077,C004,419.359
S01077,C005,531.862
S01077,C006,664.363
S01077,C007,671.799
S01077,C008,742.587
S01077,C009,830.123
S01077,C010,894.42
S01077,C011,827.032
S01077,C012,755.665
S01077,C013,743.218
S01077,C014,661.118
S01077,C015,669.573
S01077,C016,433.545
S01077,C017,288.18
S01077,C018,178.474
S01077,C019,99.737
S01077,C020,417.887
S01078,C001,239.669
S01078,C002,129.808
S01078,C003,37.232
S01078,C004,72.188
S01078,C005,183.076
S01078,C006,693.802
S01078,C007,614.67
S01078,C008,692.482
S01078,C009,687.65
S01078,C010,709.27
S01078,C011,589.376
S01078,C012,489.87
S01078,C013,450.277
S01078,C014,354.748
S01078,C015,323.34
S01078,C016,602.038
S01078,C017,450.042
S01078,C018,429.632
S01078,C019,360.098
S01078,C020,301.657
S01079,C001,702.013
S01079,C002,634.355
S01079,C003,739.589
S01079,C004,709.343
S01079,C005,781.392
S01079,C006,39.025
S01079,C007,143.686
S01079,C008,127.669
S01079,C009,333.638
S01079,C010,449.385
S01079,C011,534.366
S01079,C012,574.736
S01079,C013,638.605
S01079,C014,647.506
S01079,C015,804.164
S01079,C016,334.986
S01079,C017,412.968
S01079,C018,537.69
S01079,C019,592.923
S01079,C020,403.635
S01080,C001,832.075
S01080,C002,698.628
S01080,C003,677.17
S01080,C004,598.616
S01080,C005,572.387
S01080,C006,625.63
S01080,C007,457.763
S01080,C008,480.106
S01080,C009,285.621
S01080,C010,187.293
S01080,C011,77.797
S01080,C012,163.065
S01080,C013,225.396
S01080,C014,319.796
S01080,C015,475.418
S01080,C016,812.113
S01080,C017,765.653
S01080,C018,852.352
S01080,C019,844.327
S01080,C020,493.718
S01081,C001,381.27
S01081,C002,254.602
S01081,C003,296.484
S01081,C004,249.498
S01081,C005,317.715
S01081,C006,463.605
S01081,C007,360.129
S01081,C008,436.898
S01081,C009,431.882
S01081,C010,468.402
S01081,C011,381.967
S01081,C012,314.096
S01081,C013,317.736
S01081,C014,260.72
S01081,C015,366.519
S01081,C016,468.025
S01081,C017,359.568
S01081,C018,415.366
S01081,C019,393.019
S01081,C020,76.68
S01082,C001,723.222
S01082,C002,663.974
S01082,C003,775.762
S01082,C004,749.461
S01082,C005,825.415
S01082,C006,45.008
S01082,C007,197.589
S01082,C008,176.049
S01082,C009,383.367
S01082,C010,499.438
S01082,C011,588.041
S01082,C012,628.428
S01082,C013,691.718
S01082,C014,698.686
S01082,C015,853.096
S01082,C016,322.354
S01082,C017,419.717
S01082,C018,543.316
S01082,C019,604.604
S01082,C020,443.559
S01083,C001,232.818
S01083,C002,277.624
S01083,C003,429.958
S01083,C004,466.45
S01083,C005,581.678
S01083,C006,511.131
S01083,C007,541.395
S01083,C008,606.404
S01083,C009,721.214
S01083,C010,800.093
S01083,C011,761.078
S01083,C012,709.516
S01083,C013,714.983
S01083,C014,647.957
S01083,C015,699.252
S01083,C016,269.113
S01083,C017,128.371
S01083,C018,22.625
S01083,C019,68.615
S01083,C020,345.491
S01084,C001,653.277
S01084,C002,567.077
S01084,C003,655.226
S01084,C004,616.086
S01084,C005,678.695
S01084,C006,142.73
S01084,C007,26.633
S01084,C008,81.901
S01084,C009,239.78
S01084,C010,350.807
S01084,C011,417.912
S01084,C012,454.387
S01084,C013,518.387
S01084,C014,530.186
S01084,C015,690.891
S01084,C016,376.578
S01084,C017,407.95
S01084,C018,529.295
S01084,C019,568.899
S01084,C020,316.608
S01085,C001,655.646
S01085,C002,535.784
S01085,C003,569.386
S01085,C004,507.034
S01085,C005,533.653
S01085,C006,376.413
S01085,C007,209.653
S01085,C008,254.561
S01085,C009,153.135
S01085,C010,192.468
S01085,C011,188.232
S01085,C012,224.104
S01085,C013,295.347
S01085,C014,329.997
S01085,C015,504.569
S01085,C016,553.379
S01085,C017,521.605
S01085,C018,621.238
S01085,C019,629.249
S01085,C020,285.29
S01086,C001,608.259
S01086,C002,493.681
S01086,C003,363.3
S01086,C004,300.002
S01086,C005,186.809
S01086,C006,888.996
S01086,C007,752.668
S01086,C008,818.557
S01086,C009,714.469
S01086,C010,674.679
S01086,C011,507.129
S01086,C012,394.317
S01086,C013,313.797
S01086,C014,249.184
S01086,C015,77.687
S01086,C016,901.934
S01086,C017,771.42
S01086,C018,782.399
S01086,C019,722.601
S01086,C020,518.094
S01087,C001,401.513
S01087,C002,295.923
S01087,C003,155.327
S01087,C004,106.446
S01087,C005,32.472
S01087,C006,793.449
S01087,C007,685.534
S01087,C008,760.094
S01087,C009,708.887
S01087,C010,703.007
S01087,C011,555.837
S01087,C012,443.051
S01087,C013,380.922
S01087,C014,283.873
S01087,C015,179.955
S01087,C016,747.056
S01087,C017,602.463
S01087,C018,593.876
S01087,C019,526.62
S01087,C020,396.147
S01088,C001,114.269
S01088,C002,41.614
S01088,C003,193.771
S01088,C004,235.018
S01088,C005,350.567
S01088,C006,600.387
S01088,C007,560.718
S01088,C008,637.478
S01088,C009,684.229
S01088,C010,732.767
S01088,C011,646.66
S01088,C012,567.013
S01088,C013,549.353
S01088,C014,465.356
S01088,C015,479.612
S01088,C016,453.351
S01088,C017,295.076
S01088,C018,258.926
S01088,C019,189.322
S01088,C020,261.759
S01089,C001,280.519
S01089,C002,242.732
S01089,C003,124.065
S01089,C004,188.024
S01089,C005,231.373
S01089,C006,849.106
S01089,C007,775.105
S01089,C008,852.978
S01089,C009,844.192
S01089,C010,858.718
S01089,C011,727.407
S01089,C012,620.395
S01089,C013,567.812
S01089,C014,469.285
S01089,C015,378.579
S01089,C016,729.749
S01089,C017,571.622
S01089,C018,522.131
S01089,C019,439.794
S01089,C020,461.449
S01090,C001,366.2
S01090,C002,368.34
S01090,C003,517.51
S01090,C004,533.333
S01090,C005,642.653
S01090,C006,369.013
S01090,C007,425.646
S01090,C008,481.977
S01090,C009,623.951
S01090,C010,716.019
S01090,C011,707.276
S01090,C012,677.568
S01090,C013,700.127
S01090,C014,650.677
S01090,C015,737.531
S01090,C016,124.535
S01090,C017,37.504
S01090,C018,141.797
S01090,C019,215.341
S01090,C020,319.375
S01091,C001,695.08
S01091,C002,585.101
S01091,C003,637.437
S01091,C004,581.287
S01091,C005,618.126
S01091,C006,301.871
S01091,C007,134.679
S01091,C008,163.565
S01091,C009,103.377
S01091,C010,197.036
S01091,C011,261.222
S01091,C012,315.963
S01091,C013,389.448
S01091,C014,423.977
S01091,C015,597.385
S01091,C016,518.703
S01091,C017,514.758
S01091,C018,625.489
S01091,C019,646.339
S01091,C020,324.675
S01092,C001,524.458
S01092,C002,398.484
S01092,C003,292.424
S01092,C004,214.992
S01092,C005,130.112
S01092,C006,762.053
S01092,C007,628.666
S01092,C008,696.445
S01092,C009,606.071
S01092,C010,579.568
S01092,C011,419.623
S01092,C012,304.114
S01092,C013,231.701
S01092,C014,144.04
S01092,C015,51.362
S01092,C016,778.362
S01092,C017,652.736
S01092,C018,673.558
S01092,C019,620.596
S01092,C020,391.604
S01093,C001,365.255
S01093,C002,262.284
S01093,C003,118.958
S01093,C004,79.443
S01093,C005,63.484
S01093,C006,779.611
S01093,C007,677.986
S01093,C008,753.607
S01093,C009,712.479
S01093,C010,712.493
S01093,C011,570.267
S01093,C012,459.37
S01093,C013,401.411
S01093,C014,303.222
S01093,C015,213.866
S01093,C016,721.422
S01093,C017,574.383
S01093,C018,561.458
S01093,C019,492.663
S01093,C020,380.957
S01094,C001,788.97
S01094,C002,717.849
S01094,C003,817.693
S01094,C004,783.047
S01094,C005,848.842
S01094,C006,118.376
S01094,C007,184.894
S01094,C008,128.58
S01094,C009,325.517
S01094,C010,440.373
S01094,C011,550.376
S01094,C012,606.455
S01094,C013,676.395
S01094,C014,696.523
S01094,C015,860.269
S01094,C016,413.801
S01094,C017,500.295
S01094,C018,624.919
S01094,C019,680.942
S01094,C020,479.396
S01095,C001,140.212
S01095,C002,77.166
S01095,C003,106.187
S01095,C004,174.341
S01095,C005,281.618
S01095,C006,696.101
S01095,C007,640.588
S01095,C008,718.45
S01095,C009,741.06
S01095,C010,775.493
S01095,C011,668.918
S01095,C012,575.999
S01095,C013,543.374
S01095,C014,450.34
S01095,C015,425.066
S01095,C016,560.927
S01095,C017,402.583
S01095,C018,357.855
S01095,C019,279.545
S01095,C020,328.713
S01096,C001,617.441
S01096,C002,484.313
S01096,C003,473.548
S01096,C004,399.065
S01096,C005,397.154
S01096,C006,524.461
S01096,C007,365.337
S01096,C008,419.249
S01096,C009,299.146
S01096,C010,277.937
S01096,C011,145.175
S01096,C012,80.172
S01096,C013,131.75
S01096,C014,167.129
S01096,C015,344.097
S01096,C016,645.52
S01096,C017,574.085
S01096,C018,649.496
S01096,C019,634.66
S01096,C020,288.939
S01097,C001,540.485
S01097,C002,505.738
S01097,C003,638.073
S01097,C004,630.453
S01097,C005,725.006
S01097,C006,176.66
S01097,C007,279.478
S01097,C008,315.24
S01097,C009,493.218
S01097,C010,600.267
S01097,C011,636.154
S01097,C012,639.284
S01097,C013,683.473
S01097,C014,660.927
S01097,C015,786.76
S01097,C016,124.582
S01097,C017,218.488
S01097,C018,339.396
S01097,C019,406.645
S01097,C020,344.466
S01098,C001,439.951
S01098,C002,427.952
S01098,C003,572.069
S01098,C004,578.797
S01098,C005,683.32
S01098,C006,295.91
S01098,C007,372.06
S01098,C008,420.942
S01098,C009,579.021
S01098,C010,677.973
S01098,C011,687.291
S01098,C012,670.492
S01098,C013,701.953
S01098,C014,662.753
S01098,C015,765.916
S01098,C016,63.977
S01098,C017,107.336
S01098,C018,220.912
S01098,C019,293.916
S01098,C020,330.142
S01099,C001,333.219
S01099,C002,204.282
S01099,C003,129.144
S01099,C004,54.259
S01099,C005,129.186
S01099,C006,661.743
S01099,C007,560.599
S01099,C008,636.67
S01099,C009,606.169
S01099,C010,616.891
S01099,C011,488.237
S01099,C012,385.381
S01099,C013,343.382
S01099,C014,247.772
S01099,C015,238.059
S01099,C016,618.094
S01099,C017,478.544
S01099,C018,484.746
S01099,C019,427.514
S01099,C020,263.443
S01100,C001,598.672
S01100,C002,463.351
S01100,C003,399.018
S01100,C004,317.047
S01100,C005,270.619
S01100,C006,676.265
S01100,C007,525.991
S01100,C008,585.617
S01100,C009,468.148
S01100,C010,430.294
S01100,C011,266.835
S01100,C012,151.466
S01100,C013,78.874
S01100,C014,29.203
S01100,C015,179.322
S01100,C016,749.045
S01100,C017,647.567
S01100,C018,695.938
S01100,C019,659.975
S01100,C020,359.552
S01101,C001,119.191
S01101,C002,30.833
S01101,C003,143.042
S01101,C004,196.188
S01101,C005,309.717
S01101,C006,649.062
S01101,C007,599.924
S01101,C008,677.445
S01101,C009,710.497
S01101,C010,751.299
S01101,C011,653.798
S01101,C012,566.723
S01101,C013,541.068
S01101,C014,451.88
S01101,C015,446.417
S01101,C016,509.832
S01101,C017,351.636
S01101,C018,311.142
S01101,C019,236.231
S01101,C020,291.997
S01102,C001,370.948
S01102,C002,258.716
S01102,C003,128.224
S01102,C004,65.586
S01102,C005,50.959
S01102,C006,751.968
S01102,C007,646.989
S01102,C008,722.186
S01102,C009,678.319
S01102,C010,677.998
S01102,C011,536.307
S01102,C012,425.897
S01102,C013,369.456
S01102,C014,271.026
S01102,C015,196.021
S01102,C016,703.984
S01102,C017,560.102
S01102,C018,554.43
S01102,C019,489.263
S01102,C020,354.034
S01103,C001,160.058
S01103,C002,57.513
S01103,C003,97.703
S01103,C004,151.768
S01103,C005,264.24
S01103,C006,667.385
S01103,C007,607.089
S01103,C008,685.06
S01103,C009,704.477
S01103,C010,738.457
S01103,C011,632.507
S01103,C012,540.608
S01103,C013,509.839
S01103,C014,418.009
S01103,C015,402.859
S01103,C016,544.942
S01103,C017,388.437
S01103,C018,355.079
S01103,C019,281.769
S01103,C020,294.068
S01104,C001,807.722
S01104,C002,676.982
S01104,C003,670.128
S01104,C004,594.493
S01104,C005,581.239
S01104,C006,560.709
S01104,C007,393.319
S01104,C008,413.569
S01104,C009,219.264
S01104,C010,127.415
S01104,C011,55.369
S01104,C012,170.418
S01104,C013,246.552
S01104,C014,331.828
S01104,C015,499.029
S01104,C016,756.109
S01104,C017,718.118
S01104,C018,810.304
S01104,C019,807.957
S01104,C020,456.226
S01105,C001,462.575
S01105,C002,354.049
S01105,C003,216.575
S01105,C004,160.992
S01105,C005,46.239
S01105,C006,820.938
S01105,C007,703.519
S01105,C008,775.972
S01105,C009,708.369
S01105,C010,692.439
S01105,C011,537.633
S01105,C012,422.669
S01105,C013,353.648
S01105,C014,261.128
S01105,C015,127.252
S01105,C016,792.824
S01105,C017,652.191
S01105,C018,649.762
S01105,C019,584.692
S01105,C020,428.538
S01106,C001,654.066
S01106,C002,520.44
S01106,C003,440.324
S01106,C004,358.827
S01106,C005,290.994
S01106,C006,744.429
S01106,C007,590.784
S01106,C008,647.202
S01106,C009,515.388
S01106,C010,463.72
S01106,C011,294.036
S01106,C012,185.78
S01106,C013,104.238
S01106,C014,98.847
S01106,C015,165.709
S01106,C016,821.796
S01106,C017,718.926
S01106,C018,763.995
S01106,C019,724.763
S01106,C020,431.901
S01107,C001,333.761
S01107,C002,309.56
S01107,C003,453.024
S01107,C004,461.552
S01107,C005,568.195
S01107,C006,356.985
S01107,C007,381.156
S01107,C008,445.526
S01107,C009,567.315
S01107,C010,652.946
S01107,C011,633.389
S01107,C012,598.988
S01107,C013,619.576
S01107,C014,569.336
S01107,C015,658.356
S01107,C016,181.225
S01107,C017,54.582
S01107,C018,163.757
S01107,C019,209.392
S01107,C020,238.417
S01108,C001,380.422
S01108,C002,367.751
S01108,C003,513.089
S01108,C004,522.658
S01108,C005,629.182
S01108,C006,333.54
S01108,C007,384.884
S01108,C008,442.021
S01108,C009,583.087
S01108,C010,675.693
S01108,C011,669.923
S01108,C012,643.513
S01108,C013,668.942
S01108,C014,623.22
S01108,C015,717.51
S01108,C016,120.686
S01108,C017,51.058
S01108,C018,174.03
S01108,C019,239.411
S01108,C020,290.247
S01109,C001,847.609
S01109,C002,718.594
S01109,C003,717.54
S01109,C004,642.917
S01109,C005,632.34
S01109,C006,556.495
S01109,C007,392.016
S01109,C008,402.401
S01109,C009,198.656
S01109,C010,90.439
S01109,C011,106.909
S01109,C012,222.287
S01109,C013,298.415
S01109,C014,383.576
S01109,C015,550.961
S01109,C016,769.099
S01109,C017,741.3
S01109,C018,838.231
S01109,C019,840.356
S01109,C020,489.552
S01110,C001,422.442
S01110,C002,304.891
S01110,C003,362.87
S01110,C004,318.293
S01110,C005,384.323
S01110,C006,397.734
S01110,C007,291.384
S01110,C008,368.353
S01110,C009,375.754
S01110,C010,424.19
S01110,C011,360.402
S01110,C012,312.388
S01110,C013,333.362
S01110,C014,294.703
S01110,C015,421.421
S01110,C016,430.06
S01110,C017,341.421
S01110,C018,416.213
S01110,C019,408.24
S01110,C020,56.544
S01111,C001,771.813
S01111,C002,637.638
S01111,C003,613.136
S01111,C004,534.403
S01111,C005,508.826
S01111,C006,610.022
S01111,C007,441.984
S01111,C008,474.325
S01111,C009,295.116
S01111,C010,215.54
S01111,C011,52.337
S01111,C012,98.796
S01111,C013,163.915
S01111,C014,256.361
S01111,C015,415.961
S01111,C016,776.374
S01111,C017,720.14
S01111,C018,801.827
S01111,C019,789.898
S01111,C020,441.525
S01112,C001,742.247
S01112,C002,607.104
S01112,C003,575.322
S01112,C004,495.654
S01112,C005,465.819
S01112,C006,623.739
S01112,C007,456.955
S01112,C008,495.482
S01112,C009,326.886
S01112,C010,256.036
S01112,C011,86.178
S01112,C012,63.157
S01112,C013,119.034
S01112,C014,213.235
S01112,C015,370.714
S01112,C016,773.685
S01112,C017,708.579
S01112,C018,784.752
S01112,C019,768.343
S01112,C020,424.258
S01113,C001,565.19
S01113,C002,538.518
S01113,C003,674.223
S01113,C004,669.388
S01113,C005,765.629
S01113,C006,189.303
S01113,C007,311.915
S01113,C008,340.172
S01113,C009,526.065
S01113,C010,635.195
S01113,C011,676.684
S01113,C012,682.041
S01113,C013,726.915
S01113,C014,704.594
S01113,C015,829.574
S01113,C016,111.244
S01113,C017,235.925
S01113,C018,351.012
S01113,C019,423.886
S01113,C020,386.926
S01114,C001,551.826
S01114,C002,429.868
S01114,C003,313.076
S01114,C004,240.437
S01114,C005,139.557
S01114,C006,806.619
S01114,C007,672.095
S01114,C008,739.163
S01114,C009,643.428
S01114,C010,611.741
S01114,C011,448.297
S01114,C012,333.142
S01114,C013,256.462
S01114,C014,177.738
S01114,C015,11.004
S01114,C016,821.56
S01114,C017,693.974
S01114,C018,710.961
S01114,C019,655.273
S01114,C020,435.912
S01115,C001,640.308
S01115,C002,507.763
S01115,C003,499.044
S01115,C004,424.689
S01115,C005,421.95
S01115,C006,520.58
S01115,C007,358.57
S01115,C008,408.858
S01115,C009,279.061
S01115,C010,253.144
S01115,C011,120.879
S01115,C012,75.108
S01115,C013,140.735
S01115,C014,187.864
S01115,C015,364.87
S01115,C016,653.453
S01115,C017,587.476
S01115,C018,666.177
S01115,C019,653.763
S01115,C020,305.632
S01116,C001,460.325
S01116,C002,340.9
S01116,C003,390.283
S01116,C004,340.073
S01116,C005,396.669
S01116,C006,392.233
S01116,C007,272.283
S01116,C008,347.492
S01116,C009,340.404
S01116,C010,385.957
S01116,C011,323.546
S01116,C012,281.33
S01116,C013,309.033
S01116,C014,280.519
S01116,C015,419.889
S01116,C016,451.126
S01116,C017,372.153
S01116,C018,451.751
S01116,C019,446.062
S01116,C020,94.426
S01117,C001,263.424
S01117,C002,327.91
S01117,C003,478.335
S01117,C004,519.648
S01117,C005,635.22
S01117,C006,540.884
S01117,C007,585.296
S01117,C008,647.055
S01117,C009,771.437
S01117,C010,853.508
S01117,C011,818.921
S01117,C012,768.939
S01117,C013,774.882
S01117,C014,707.653
S01117,C015,755.985
S01117,C016,275.534
S01117,C017,161.62
S01117,C018,44.128
S01117,C019,100.295
S01117,C020,404.291
S01118,C001,632.613
S01118,C002,496.497
S01118,C003,449.709
S01118,C004,368.819
S01118,C005,335.07
S01118,C006,635.571
S01118,C007,478.817
S01118,C008,533.518
S01118,C009,403.523
S01118,C010,360.967
S01118,C011,196.987
S01118,C012,81.581
S01118,C013,26.991
S01118,C014,82.476
S01118,C015,248.929
S01118,C016,734.495
S01118,C017,645.851
S01118,C018,705.862
S01118,C019,678.003
S01118,C020,354.644
S01119,C001,678.163
S01119,C002,594.534
S01119,C003,684.662
S01119,C004,646.121
S01119,C005,708.95
S01119,C006,125.195
S01119,C007,47.342
S01119,C008,61.92
S01119,C009,245.553
S01119,C010,359.428
S01119,C011,437.128
S01119,C012,478.684
S01119,C013,544.364
S01119,C014,558.544
S01119,C015,720.297
S01119,C016,381.114
S01119,C017,423.618
S01119,C018,546.346
S01119,C019,589.219
S01119,C020,345.882
S01120,C001,632.474
S01120,C002,509.649
S01120,C003,393.43
S01120,C004,321.109
S01120,C005,218.325
S01120,C006,851.186
S01120,C007,707.897
S01120,C008,770.564
S01120,C009,655.022
S01120,C010,609.325
S01120,C011,440.307
S01120,C012,329.6
S01120,C013,248.086
S01120,C014,196.373
S01120,C015,69.777
S01120,C016,886.723
S01120,C017,764.606
S01120,C018,787.103
S01120,C019,733.596
S01120,C020,496.621
S01121,C001,370.717
S01121,C002,255.363
S01121,C003,325.196
S01121,C004,289.417
S01121,C005,367.899
S01121,C006,416.019
S01121,C007,326.724
S01121,C008,404.647
S01121,C009,425.902
S01121,C010,476.14
S01121,C011,408.93
S01121,C012,353.574
S01121,C013,366.026
S01121,C014,315.416
S01121,C015,423.461
S01121,C016,410.974
S01121,C017,307.068
S01121,C018,372.14
S01121,C019,359.169
S01121,C020,19.509
S01122,C001,439.951
S01122,C002,350.629
S01122,C003,199.308
S01122,C004,175.496
S01122,C005,98.897
S01122,C006,871.766
S01122,C007,764.173
S01122,C008,838.553
S01122,C009,782.882
S01122,C010,771.885
S01122,C011,619.459
S01122,C012,504.877
S01122,C013,436.884
S01122,C014,343.468
S01122,C015,205.31
S01122,C016,817.145
S01122,C017,669.032
S01122,C018,650.872
S01122,C019,578.565
S01122,C020,473.925
S01123,C001,184.919
S01123,C002,284.808
S01123,C003,423.481
S01123,C004,477.982
S01123,C005,592.486
S01123,C006,630.021
S01123,C007,655.68
S01123,C008,722.611
S01123,C009,827.785
S01123,C010,900.314
S01123,C011,846.659
S01123,C012,783.704
S01123,C013,778.559
S01123,C014,701.749
S01123,C015,725.095
S01123,C016,378.565
S01123,C017,247.1
S01123,C018,124.843
S01123,C019,79.341
S01123,C020,430.744
S01124,C001,96.578
S01124,C002,53.087
S01124,C003,155.701
S01124,C004,215.477
S01124,C005,327.24
S01124,C006,663.806
S01124,C007,619.423
S01124,C008,696.688
S01124,C009,733.683
S01124,C010,775.743
S01124,C011,679.107
S01124,C012,592.078
S01124,C013,566.025
S01124,C014,476.376
S01124,C015,466.593
S01124,C016,514.044
S01124,C017,354.893
S01124,C018,305.46
S01124,C019,226.826
S01124,C020,313.843
S01125,C001,745.239
S01125,C002,650.517
S01125,C003,724.784
S01125,C004,677.275
S01125,C005,726.694
S01125,C006,207.923
S01125,C007,87.829
S01125,C008,44.859
S01125,C009,162.552
S01125,C010,278.677
S01125,C011,382.283
S01125,C012,443.63
S01125,C013,516.997
S01125,C014,547.594
S01125,C015,718.292
S01125,C016,475.723
S01125,C017,511.258
S01125,C018,632.031
S01125,C019,669.087
S01125,C020,391.927
S01126,C001,47.624
S01126,C002,127.595
S01126,C003,209.631
S01126,C004,280.611
S01126,C005,386.578
S01126,C006,711.01
S01126,C007,679.995
S01126,C008,756.299
S01126,C009,804.171
S01126,C010,849.751
S01126,C011,755.695
S01126,C012,668.947
S01126,C013,642.052
S01126,C014,551.388
S01126,C015,531.216
S01126,C016,532.596
S01126,C017,373.813
S01126,C018,299.435
S01126,C019,213.268
S01126,C020,382.079
S01127,C001,584.274
S01127,C002,458.668
S01127,C003,349.932
S01127,C004,274.04
S01127,C005,180.524
S01127,C006,798.971
S01127,C007,658.689
S01127,C008,723.223
S01127,C009,617.031
S01127,C010,579.291
S01127,C011,413.302
S01127,C012,299.193
S01127,C013,220.064
S01127,C014,151.766
S01127,C015,36.372
S01127,C016,830.188
S01127,C017,708.238
S01127,C018,732.302
S01127,C019,680.374
S01127,C020,440.361
S01128,C001,598.765
S01128,C002,463.841
S01128,C003,395.433
S01128,C004,313.388
S01128,C005,262.838
S01128,C006,687.783
S01128,C007,538.118
S01128,C008,598.057
S01128,C009,480.88
S01128,C010,442.378
S01128,C011,278.228
S01128,C012,163.061
S01128,C013,88.276
S01128,C014,34.012
S01128,C015,167.361
S01128,C016,757.432
S01128,C017,654.146
S01128,C018,700.55
S01128,C019,663.171
S01128,C020,367.14
S01129,C001,191.601
S01129,C002,102.403
S01129,C003,55.712
S01129,C004,124.077
S01129,C005,230.056
S01129,C006,703.784
S01129,C007,636.199
S01129,C008,714.251
S01129,C009,722.505
S01129,C010,749.958
S01129,C011,635.597
S01129,C012,538.592
S01129,C013,501.465
S01129,C014,406.633
S01129,C015,373.959
S01129,C016,589.142
S01129,C017,433.093
S01129,C018,399.26
S01129,C019,324.403
S01129,C020,321.802
S01130,C001,208.051
S01130,C002,324.493
S01130,C003,453.713
S01130,C004,514.273
S01130,C005,626.983
S01130,C006,684.426
S01130,C007,713.849
S01130,C008,780.23
S01130,C009,886.485
S01130,C010,958.539
S01130,C011,902.583
S01130,C012,837.222
S01130,C013,829.366
S01130,C014,750.082
S01130,C015,764.106
S01130,C016,424.088
S01130,C017,301.381
S01130,C018,177.001
S01130,C019,137.464
S01130,C020,487.553
S01131,C001,195.997
S01131,C002,257.544
S01131,C003,407.34
S01131,C004,450.203
S01131,C005,565.844
S01131,C006,551.596
S01131,C007,575.184
S01131,C008,642.042
S01131,C009,749.276
S01131,C010,824.245
S01131,C011,777.194
S01131,C012,719.944
S01131,C013,720.537
S01131,C014,649.061
S01131,C015,689.332
S01131,C016,312.461
S01131,C017,170.144
S01131,C018,58.89
S01131,C019,29.856
S01131,C020,360.285
S01132,C001,564.106
S01132,C002,430.137
S01132,C003,355.81
S01132,C004,273.791
S01132,C005,221.811
S01132,C006,692.78
S01132,C007,548.529
S01132,C008,611.765
S01132,C009,506.183
S01132,C010,474.533
S01132,C011,313.687
S01132,C012,198.18
S01132,C013,127.92
S01132,C014,39.958
S01132,C015,137.115
S01132,C016,745.79
S01132,C017,635.946
S01132,C018,676.154
S01132,C019,635.073
S01132,C020,353.73
S01133,C001,690.956
S01133,C002,614.85
S01133,C003,712.458
S01133,C004,677.836
S01133,C005,745.126
S01133,C006,81.804
S01133,C007,93.877
S01133,C008,84.341
S01133,C009,285.933
S01133,C010,401.148
S01133,C011,483.776
S01133,C012,525.353
S01133,C013,590.358
S01133,C014,602.267
S01133,C015,761.797
S01133,C016,358.998
S01133,C017,418.689
S01133,C018,543.017
S01133,C019,592.017
S01133,C020,374.054
S01134,C001,324.208
S01134,C002,188.114
S01134,C003,177.814
S01134,C004,124.675
S01134,C005,204.28
S01134,C006,583.102
S01134,C007,484.956
S01134,C008,561.677
S01134,C009,544.076
S01134,C010,565.514
S01134,C011,451.658
S01134,C012,359.382
S01134,C013,333.411
S01134,C014,247.72
S01134,C015,289.064
S01134,C016,547.395
S01134,C017,414.393
S01134,C018,435.39
S01134,C019,388.658
S01134,C020,184.74
S01135,C001,523.59
S01135,C002,507.245
S01135,C003,648.148
S01135,C004,649.522
S01135,C005,750.225
S01135,C006,241.599
S01135,C007,351.143
S01135,C008,386.465
S01135,C009,564.626
S01135,C010,670.8
S01135,C011,700.834
S01135,C012,697.595
S01135,C013,737.203
S01135,C014,707.662
S01135,C015,823.294
S01135,C016,56.569
S01135,C017,191.017
S01135,C018,300.55
S01135,C019,376.565
S01135,C020,381.141
S01136,C001,685.553
S01136,C002,626.996
S01136,C003,740.252
S01136,C004,715.46
S01136,C005,793.443
S01136,C006,16.097
S01136,C007,184.345
S01136,C008,178.364
S01136,C009,382.938
S01136,C010,498.263
S01136,C011,576.62
S01136,C012,610.687
S01136,C013,671.313
S01136,C014,673.948
S01136,C015,825.188
S01136,C016,291.693
S01136,C017,383.228
S01136,C018,507.166
S01136,C019,567.492
S01136,C020,409.9
S01137,C001,886.912
S01137,C002,767.628
S01137,C003,794.145
S01137,C004,726.636
S01137,C005,735.749
S01137,C006,467.924
S01137,C007,321.101
S01137,C008,304.29
S01137,C009,108.338
S01137,C010,65.846
S01137,C011,236.414
S01137,C012,345.683
S01137,C013,426.869
S01137,C014,499.358
S01137,C015,674.205
S01137,C016,720.13
S01137,C017,723.714
S01137,C018,833.777
S01137,C019,851.282
S01137,C020,515.379
S01138,C001,51.79
S01138,C002,84.627
S01138,C003,208.318
S01138,C004,266.872
S01138,C005,379.512
S01138,C006,651.191
S01138,C007,620.256
S01138,C008,696.386
S01138,C009,748.1
S01138,C010,797.095
S01138,C011,709.368
S01138,C012,627.326
S01138,C013,606.088
S01138,C014,519.069
S01138,C015,517.426
S01138,C016,480.73
S01138,C017,321.225
S01138,C018,259.565
S01138,C019,177.731
S01138,C020,325.481
S01139,C001,515.641
S01139,C002,503.658
S01139,C003,646.296
S01139,C004,649.883
S01139,C005,751.976
S01139,C006,259.08
S01139,C007,367.441
S01139,C008,403.66
S01139,C009,580.647
S01139,C010,686.234
S01139,C011,713.821
S01139,C012,708.492
S01139,C013,746.684
S01139,C014,715.17
S01139,C015,827.902
S01139,C016,39.467
S01139,C017,182.656
S01139,C018,288.395
S01139,C019,366.065
S01139,C020,386.737
S01140,C001,570.197
S01140,C002,441.447
S01140,C003,342.518
S01140,C004,263.513
S01140,C005,182.444
S01140,C006,762.814
S01140,C007,622.05
S01140,C008,686.578
S01140,C009,582.071
S01140,C010,547.047
S01140,C011,382.759
S01140,C012,267.794
S01140,C013,190.691
S01140,C014,116.052
S01140,C015,62.583
S01140,C016,798.735
S01140,C017,679.704
S01140,C018,708.149
S01140,C019,659.164
S01140,C020,407.792
S01141,C001,462.139
S01141,C002,365.525
S01141,C003,217.665
S01141,C004,180.903
S01141,C005,83.852
S01141,C006,864.833
S01141,C007,751.981
S01141,C008,825.331
S01141,C009,762.121
S01141,C010,747.143
S01141,C011,592.183
S01141,C012,477.112
S01141,C013,407.21
S01141,C014,315.581
S01141,C015,171.189
S01141,C016,822.367
S01141,C017,677.148
S01141,C018,665.139
S01141,C019,595.366
S01141,C020,469.04
S01142,C001,199.14
S01142,C002,128.519
S01142,C003,52.728
S01142,C004,132.951
S01142,C005,228.931
S01142,C006,734.776
S01142,C007,667.015
S01142,C008,745.063
S01142,C009,750.878
S01142,C010,776.088
S01142,C011,658.321
S01142,C012,559.028
S01142,C013,518.529
S01142,C014,422.316
S01142,C015,376.66
S01142,C016,616.34
S01142,C017,459.343
S01142,C018,419.873
S01142,C019,342.233
S01142,C020,352.587
S01143,C001,684.717
S01143,C002,603.633
S01143,C003,696.307
S01143,C004,659.027
S01143,C005,723.274
S01143,C006,110.244
S01143,C007,64.263
S01143,C008,64.887
S01143,C009,258.464
S01143,C010,373.059
S01143,C011,453.498
S01143,C012,495.612
S01143,C013,561.26
S01143,C014,574.986
S01143,C015,736.177
S01143,C016,374.806
S01143,C017,423.663
S01143,C018,547.103
S01143,C019,592.204
S01143,C020,357.439
S01144,C001,302.383
S01144,C002,214.673
S01144,C003,61.738
S01144,C004,84.72
S01144,C005,134.806
S01144,C006,778.37
S01144,C007,690.293
S01144,C008,767.435
S01144,C009,744.888
S01144,C010,754.565
S01144,C011,620.566
S01144,C012,513.071
S01144,C013,460.848
S01144,C014,362.346
S01144,C015,285.223
S01144,C016,692.997
S01144,C017,540.395
S01144,C018,514.276
S01144,C019,440.378
S01144,C020,381.813
S01145,C001,550.171
S01145,C002,414.059
S01145,C003,369.699
S01145,C004,289.823
S01145,C005,269.836
S01145,C006,611.413
S01145,C007,465.441
S01145,C008,528.517
S01145,C009,428.617
S01145,C010,406.891
S01145,C011,256.806
S01145,C012,146.548
S01145,C013,107.474
S01145,C014,47.869
S01145,C015,216.778
S01145,C016,679.29
S01145,C017,579.692
S01145,C018,632.087
S01145,C019,600.124
S01145,C020,290.504
S01146,C001,415.042
S01146,C002,323.095
S01146,C003,172.515
S01146,C004,147.55
S01146,C005,81.711
S01146,C006,845.899
S01146,C007,740.466
S01146,C008,815.301
S01146,C009,764.333
S01146,C010,756.738
S01146,C011,607.167
S01146,C012,493.387
S01146,C013,428.073
S01146,C014,332.714
S01146,C015,206.983
S01146,C016,788.974
S01146,C017,640.824
S01146,C018,623.315
S01146,C019,551.594
S01146,C020,447.647
S01147,C001,339.986
S01147,C002,249.43
S01147,C003,97.486
S01147,C004,93.362
S01147,C005,105.164
S01147,C006,797.3
S01147,C007,702.708
S01147,C008,779.183
S01147,C009,746.627
S01147,C010,750.487
S01147,C011,610.955
S01147,C012,500.959
S01147,C013,444.312
S01147,C014,345.973
S01147,C015,254.42
S01147,C016,722.782
S01147,C017,571.889
S01147,C018,549.569
S01147,C019,476.746
S01147,C020,398.942
S01148,C001,256.981
S01148,C002,291.733
S01148,C003,444.659
S01148,C004,476.987
S01148,C005,591.575
S01148,C006,484.234
S01148,C007,518.758
S01148,C008,582.492
S01148,C009,702.112
S01148,C010,783.457
S01148,C011,749.753
S01148,C012,702.014
S01148,C013,710.667
S01148,C014,646.701
S01148,C015,705.059
S01148,C016,241.128
S01148,C017,101.123
S01148,C018,26.52
S01148,C019,95.62
S01148,C020,336.464
S01149,C001,667.607
S01149,C002,591.905
S01149,C003,690.664
S01149,C004,657.084
S01149,C005,725.983
S01149,C006,80.694
S01149,C007,87.609
S01149,C008,97.829
S01149,C009,291.311
S01149,C010,405.293
S01149,C011,479.903
S01149,C012,516.605
S01149,C013,579.658
S01149,C014,588.279
S01149,C015,745.707
S01149,C016,341.998
S01149,C017,396.825
S01149,C018,520.959
S01149,C019,569.151
S01149,C020,352.621
S01150,C001,429.591
S01150,C002,322.241
S01150,C003,183.538
S01150,C004,130.352
S01150,C005,23.714
S01150,C006,804.607
S01150,C007,692.074
S01150,C008,765.697
S01150,C009,706.784
S01150,C010,696.289
S01150,C011,545.499
S01150,C012,431.54
S01150,C013,366.226
S01150,C014,270.771
S01150,C015,154.218
S01150,C016,767.127
S01150,C017,624.474
S01150,C018,619.068
S01150,C019,552.971
S01150,C020,409.265
S01151,C001,713.443
S01151,C002,577.857
S01151,C003,512.465
S01151,C004,430.419
S01151,C005,372.71
S01151,C006,724.218
S01151,C007,563.126
S01151,C008,611.9
S01151,C009,460.211
S01151,C010,395.466
S01151,C011,225.13
S01151,C012,133.783
S01151,C013,72.675
S01151,C014,143.454
S01151,C015,251.677
S01151,C016,832.747
S01151,C017,743.649
S01151,C018,800.793
S01151,C019,769.447
S01151,C020,452.523
S01152,C001,782.523
S01152,C002,678.9
S01152,C003,738.87
S01152,C004,684.543
S01152,C005,722.436
S01152,C006,283.543
S01152,C007,147.955
S01152,C008,119.869
S01152,C009,91.78
S01152,C010,206.8
S01152,C011,327.471
S01152,C012,402.839
S01152,C013,480.562
S01152,C014,523.41
S01152,C015,698.45
S01152,C016,546.284
S01152,C017,570.629
S01152,C018,688.456
S01152,C019,719.15
S01152,C020,417.511
S01153,C001,335.564
S01153,C002,247.504
S01153,C003,94.891
S01153,C004,97.367
S01153,C005,112.795
S01153,C006,800.308
S01153,C007,706.986
S01153,C008,783.593
S01153,C009,752.567
S01153,C010,757.121
S01153,C011,618.096
S01153,C012,508.276
S01153,C013,451.887
S01153,C014,353.523
S01153,C015,261.848
S01153,C016,722.919
S01153,C017,571.413
S01153,C018,547.422
S01153,C019,473.919
S01153,C020,402.211
S01154,C001,120.922
S01154,C002,37.117
S01154,C003,137.132
S01154,C004,192.467
S01154,C005,305.371
S01154,C006,656.167
S01154,C007,606.078
S01154,C008,683.66
S01154,C009,715.149
S01154,C010,755.0
S01154,C011,656.103
S01154,C012,568.111
S01154,C013,541.395
S01154,C014,451.57
S01154,C015,443.174
S01154,C016,517.453
S01154,C017,359.219
S01154,C018,317.912
S01154,C019,242.347
S01154,C020,297.421
S01155,C001,561.189
S01155,C002,425.073
S01155,C003,380.608
S01155,C004,300.587
S01155,C005,278.588
S01155,C006,613.313
S01155,C007,465.633
S01155,C008,527.659
S01155,C009,423.664
S01155,C010,399.405
S01155,C011,247.509
S01155,C012,136.321
S01155,C013,96.528
S01155,C014,46.62
S01155,C015,220.319
S01155,C016,685.797
S01155,C017,587.862
S01155,C018,641.518
S01155,C019,610.252
S01155,C020,298.074
S01156,C001,205.8
S01156,C002,209.655
S01156,C003,362.114
S01156,C004,390.059
S01156,C005,504.133
S01156,C006,484.395
S01156,C007,489.45
S01156,C008,559.465
S01156,C009,656.018
S01156,C010,728.569
S01156,C011,680.741
S01156,C012,625.506
S01156,C013,629.324
S01156,C014,561.91
S01156,C015,616.689
S01156,C016,288.641
S01156,C017,129.166
S01156,C018,105.711
S01156,C019,93.564
S01156,C020,263.894
S01157,C001,384.181
S01157,C002,304.341
S01157,C003,151.401
S01157,C004,150.862
S01157,C005,120.715
S01157,C006,855.485
S01157,C007,757.745
S01157,C008,833.71
S01157,C009,793.185
S01157,C010,790.937
S01157,C011,645.186
S01157,C012,532.536
S01157,C013,469.894
S01157,C014,373.206
S01157,C015,254.463
S01157,C016,781.595
S01157,C017,629.842
S01157,C018,603.45
S01157,C019,528.269
S01157,C020,456.815
S01158,C001,183.035
S01158,C002,286.929
S01158,C003,423.668
S01158,C004,479.536
S01158,C005,593.713
S01158,C006,640.177
S01158,C007,665.313
S01158,C008,732.419
S01158,C009,836.708
S01158,C010,908.675
S01158,C011,853.81
S01158,C012,789.951
S01158,C013,783.937
S01158,C014,706.395
S01158,C015,727.391
S01158,C016,388.426
S01158,C017,257.274
S01158,C018,134.978
S01158,C019,87.58
S01158,C020,438.257
S01159,C001,300.768
S01159,C002,188.445
S01159,C003,65.041
S01159,C004,18.595
S01159,C005,121.899
S01159,C006,715.844
S01159,C007,623.713
S01159,C008,700.626
S01159,C009,677.393
S01159,C010,689.128
S01159,C011,559.013
S01159,C012,454.179
S01159,C013,407.338
S01159,C014,309.692
S01159,C015,263.025
S01159,C016,646.184
S01159,C017,498.208
S01159,C018,486.104
S01159,C019,419.174
S01159,C020,317.726
S01160,C001,40.15
S01160,C002,97.379
S01160,C003,209.283
S01160,C004,272.019
S01160,C005,383.041
S01160,C006,668.831
S01160,C007,638.479
S01160,C008,714.605
S01160,C009,765.741
S01160,C010,813.958
S01160,C011,724.602
S01160,C012,641.257
S01160,C013,618.426
S01160,C014,530.301
S01160,C015,523.221
S01160,C016,494.839
S01160,C017,335.523
S01160,C018,268.883
S01160,C019,185.062
S01160,C020,343.176
S01161,C001,736.361
S01161,C002,619.065
S01161,C003,655.006
S01161,C004,592.161
S01161,C005,615.189
S01161,C006,374.075
S01161,C007,208.36
S01161,C008,226.489
S01161,C009,68.908
S01161,C010,126.023
S01161,C011,197.642
S01161,C012,270.962
S01161,C013,349.814
S01161,C014,399.674
S01161,C015,576.433
S01161,C016,591.24
S01161,C017,579.395
S01161,C018,686.007
S01161,C019,700.793
S01161,C020,364.473
S01162,C001,588.721
S01162,C002,491.613
S01162,C003,569.171
S01162,C004,526.173
S01162,C005,585.632
S01162,C006,221.877
S01162,C007,83.496
S01162,C008,160.477
S01162,C009,233.006
S01162,C010,327.106
S01162,C011,356.672
S01162,C012,375.82
S01162,C013,434.157
S01162,C014,439.312
S01162,C015,597.692
S01162,C016,390.7
S01162,C017,383.845
S01162,C018,497.072
S01162,C019,523.682
S01162,C020,233.509
S01163,C001,451.548
S01163,C002,450.682
S01163,C003,597.75
S01163,C004,608.501
S01163,C005,714.931
S01163,C006,318.571
S01163,C007,406.453
S01163,C008,451.815
S01163,C009,615.416
S01163,C010,715.783
S01163,C011,727.259
S01163,C012,710.589
S01163,C013,741.553
S01163,C014,701.158
S01163,C015,801.236
S01163,C016,39.117
S01163,C017,121.057
S01163,C018,218.162
S01163,C019,297.73
S01163,C020,368.127
S01164,C001,432.66
S01164,C002,313.779
S01164,C003,367.637
S01164,C004,320.785
S01164,C005,383.539
S01164,C006,399.917
S01164,C007,289.043
S01164,C008,365.499
S01164,C009,367.08
S01164,C010,413.629
S01164,C011,348.461
S01164,C012,300.758
S01164,C013,322.799
S01164,C014,286.249
S01164,C015,416.402
S01164,C016,439.51
S01164,C017,352.803
S01164,C018,428.172
S01164,C019,420.08
S01164,C020,68.455
S01165,C001,149.091
S01165,C002,237.499
S01165,C003,379.532
S01165,C004,431.274
S01165,C005,546.234
S01165,C006,607.149
S01165,C007,622.145
S01165,C008,691.181
S01165,C009,788.256
S01165,C010,857.832
S01165,C011,800.259
S01165,C012,735.661
S01165,C013,729.656
S01165,C014,652.568
S01165,C015,677.227
S01165,C016,372.413
S01165,C017,228.26
S01165,C018,117.676
S01165,C019,41.494
S01165,C020,385.42
S01166,C001,825.148
S01166,C002,697.485
S01166,C003,701.983
S01166,C004,628.845
S01166,C005,623.658
S01166,C006,525.271
S01166,C007,360.484
S01166,C008,372.079
S01166,C009,170.186
S01166,C010,70.155
S01166,C011,104.696
S01166,C012,218.784
S01166,C013,297.994
S01166,C014,378.153
S01166,C015,549.109
S01166,C016,737.862
S01166,C017,711.853
S01166,C018,810.099
S01166,C019,813.909
S01166,C020,463.989
S01167,C001,756.045
S01167,C002,647.855
S01167,C003,701.041
S01167,C004,644.305
S01167,C005,678.572
S01167,C006,306.007
S01167,C007,152.026
S01167,C008,148.101
S01167,C009,62.556
S01167,C010,176.899
S01167,C011,282.727
S01167,C012,355.252
S01167,C013,432.776
S01167,C014,476.125
S01167,C015,651.524
S01167,C016,551.112
S01167,C017,561.864
S01167,C018,676.284
S01167,C019,701.593
S01167,C020,386.929
S01168,C001,139.396
S01168,C002,258.458
S01168,C003,385.075
S01168,C004,446.463
S01168,C005,558.708
S01168,C006,674.585
S01168,C007,687.977
S01168,C008,757.696
S01168,C009,850.148
S01168,C010,916.377
S01168,C011,851.569
S01168,C012,781.421
S01168,C013,769.812
S01168,C014,688.131
S01168,C015,696.815
S01168,C016,434.712
S01168,C017,294.778
S01168,C018,178.791
S01168,C019,108.92
S01168,C020,440.707
S01169,C001,528.769
S01169,C002,393.232
S01169,C003,335.694
S01169,C004,254.463
S01169,C005,226.437
S01169,C006,641.2
S01169,C007,500.075
S01169,C008,565.413
S01169,C009,471.938
S01169,C010,451.202
S01169,C011,299.486
S01169,C012,187.076
S01169,C013,134.94
S01169,C014,41.388
S01169,C015,176.776
S01169,C016,691.848
S01169,C017,583.896
S01169,C018,627.861
S01169,C019,590.188
S01169,C020,299.943
S01170,C001,220.487
S01170,C002,291.084
S01170,C003,439.724
S01170,C004,484.27
S01170,C005,599.909
S01170,C006,561.772
S01170,C007,594.57
S01170,C008,659.404
S01170,C009,773.618
S01170,C010,851.198
S01170,C011,808.091
S01170,C012,752.746
S01170,C013,754.498
S01170,C014,683.694
S01170,C015,724.177
S01170,C016,308.597
S01170,C017,178.693
S01170,C018,54.755
S01170,C019,60.509
S01170,C020,391.39
S01171,C001,823.495
S01171,C002,706.011
S01171,C003,738.509
S01171,C004,673.476
S01171,C005,689.665
S01171,C006,414.439
S01171,C007,260.664
S01171,C008,253.297
S01171,C009,46.908
S01171,C010,71.588
S01171,C011,218.886
S01171,C012,316.974
S01171,C013,398.631
S01171,C014,461.947
S01171,C015,638.693
S01171,C016,657.532
S01171,C017,657.922
S01171,C018,767.699
S01171,C019,785.469
S01171,C020,451.549
S01172,C001,709.001
S01172,C002,644.381
S01172,C003,752.076
S01172,C004,723.282
S01172,C005,796.799
S01172,C006,32.019
S01172,C007,162.832
S01172,C008,144.484
S01172,C009,351.229
S01172,C010,467.131
S01172,C011,553.447
S01172,C012,593.793
S01172,C013,657.432
S01172,C014,665.589
S01172,C015,821.409
S01172,C016,329.387
S01172,C017,414.414
S01172,C018,538.916
S01172,C019,596.382
S01172,C020,417.349
S01173,C001,366.135
S01173,C002,247.887
S01173,C003,130.313
S01173,C004,54.837
S01173,C005,65.278
S01173,C006,726.05
S01173,C007,620.388
S01173,C008,695.566
S01173,C009,652.805
S01173,C010,654.192
S01173,C011,514.759
S01173,C012,405.613
S01173,C013,352.104
S01173,C014,253.598
S01173,C015,196.744
S01173,C016,682.703
S01173,C017,540.796
S01173,C018,539.762
S01173,C019,477.249
S01173,C020,328.505
S01174,C001,532.839
S01174,C002,501.902
S01174,C003,636.329
S01174,C004,630.782
S01174,C005,726.886
S01174,C006,192.002
S01174,C007,294.913
S01174,C008,331.292
S01174,C009,508.464
S01174,C010,615.04
S01174,C011,648.719
S01174,C012,649.854
S01174,C013,692.729
S01174,C014,668.235
S01174,C015,791.478
S01174,C016,108.505
S01174,C017,207.785
S01174,C018,327.28
S01174,C019,396.229
S01174,C020,348.664
S01175,C001,762.68
S01175,C002,681.61
S01175,C003,771.935
S01175,C004,732.24
S01175,C005,792.126
S01175,C006,136.995
S01175,C007,123.764
S01175,C008,57.155
S01175,C009,255.721
S01175,C010,371.371
S01175,C011,478.245
S01175,C012,535.499
S01175,C013,606.494
S01175,C014,630.002
S01175,C015,796.403
S01175,C016,430.166
S01175,C017,494.607
S01175,C018,618.929
S01175,C019,667.258
S01175,C020,433.266
S01176,C001,358.212
S01176,C002,250.964
S01176,C003,112.962
S01176,C004,63.488
S01176,C005,64.334
S01176,C006,761.969
S01176,C007,660.395
S01176,C008,736.074
S01176,C009,696.305
S01176,C010,697.717
S01176,C011,557.13
S01176,C012,447.052
S01176,C013,390.963
S01176,C014,292.521
S01176,C015,213.481
S01176,C016,705.684
S01176,C017,559.523
S01176,C018,549.076
S01176,C019,481.668
S01176,C020,363.346
S01177,C001,539.903
S01177,C002,524.257
S01177,C003,665.124
S01177,C004,666.214
S01177,C005,766.593
S01177,C006,237.942
S01177,C007,354.767
S01177,C008,386.869
S01177,C009,568.736
S01177,C010,676.119
S01177,C011,709.897
S01177,C012,708.891
S01177,C013,749.696
S01177,C014,721.542
S01177,C015,838.665
S01177,C016,64.73
S01177,C017,207.108
S01177,C018,314.778
S01177,C019,391.818
S01177,C020,396.195
S01178,C001,647.061
S01178,C002,511.157
S01178,C003,453.443
S01178,C004,371.637
S01178,C005,326.304
S01178,C006,672.92
S01178,C007,516.215
S01178,C008,570.539
S01178,C009,436.69
S01178,C010,388.296
S01178,C011,220.498
S01178,C012,108.351
S01178,C013,27.072
S01178,C014,79.988
S01178,C015,225.964
S01178,C016,767.855
S01178,C017,675.476
S01178,C018,731.451
S01178,C019,700.242
S01178,C020,384.613
S01179,C001,518.856
S01179,C002,396.279
S01179,C003,281.63
S01179,C004,207.587
S01179,C005,111.547
S01179,C006,783.116
S01179,C007,652.266
S01179,C008,720.876
S01179,C009,633.462
S01179,C010,607.719
S01179,C011,447.752
S01179,C012,332.237
S01179,C013,259.314
S01179,C014,172.217
S01179,C015,44.195
S01179,C016,790.858
S01179,C017,661.747
S01179,C018,677.488
S01179,C019,621.577
S01179,C020,407.292
S01180,C001,503.282
S01180,C002,388.782
S01180,C003,259.103
S01180,C004,194.898
S01180,C005,82.011
S01180,C006,819.782
S01180,C007,694.724
S01180,C008,765.083
S01180,C009,685.105
S01180,C010,662.171
S01180,C011,503.112
S01180,C012,387.616
S01180,C013,314.897
S01180,C014,227.067
S01180,C015,77.793
S01180,C016,809.711
S01180,C017,674.105
S01180,C018,679.669
S01180,C019,618.241
S01180,C020,434.699
S01181,C001,826.644
S01181,C002,702.789
S01181,C003,719.135
S01181,C004,649.126
S01181,C005,653.005
S01181,C006,480.09
S01181,C007,318.792
S01181,C008,323.072
S01181,C009,117.396
S01181,C010,22.065
S01181,C011,151.248
S01181,C012,259.408
S01181,C013,340.619
S01181,C014,413.87
S01181,C015,588.206
S01181,C016,706.073
S01181,C017,691.018
S01181,C018,794.433
S01181,C019,804.114
S01181,C020,458.874
S01182,C001,498.084
S01182,C002,469.873
S01182,C003,606.455
S01182,C004,603.633
S01182,C005,701.971
S01182,C006,221.246
S01182,C007,309.192
S01182,C008,351.963
S01182,C009,520.67
S01182,C010,624.319
S01182,C011,648.744
S01182,C012,643.624
S01182,C013,682.865
S01182,C014,653.726
S01182,C015,771.436
S01182,C016,91.51
S01182,C017,172.643
S01182,C018,292.831
S01182,C019,361.057
S01182,C020,328.702
S01183,C001,450.192
S01183,C002,337.956
S01183,C003,205.53
S01183,C004,143.994
S01183,C005,28.803
S01183,C006,797.54
S01183,C007,680.374
S01183,C008,752.981
S01183,C009,687.372
S01183,C010,673.451
S01183,C011,520.458
S01183,C012,405.952
S01183,C013,339.009
S01183,C014,244.651
S01183,C015,125.512
S01183,C016,771.169
S01183,C017,631.616
S01183,C018,631.735
S01183,C019,568.191
S01183,C020,405.357
S01184,C001,252.481
S01184,C002,122.198
S01184,C003,95.906
S01184,C004,82.347
S01184,C005,195.668
S01184,C006,638.075
S01184,C007,555.848
S01184,C008,633.599
S01184,C009,629.952
S01184,C010,654.604
S01184,C011,540.296
S01184,C012,445.136
S01184,C013,412.441
S01184,C014,320.598
S01184,C015,319.005
S01184,C016,561.045
S01184,C017,414.001
S01184,C018,408.661
S01184,C019,347.592
S01184,C020,243.552
S01185,C001,648.39
S01185,C002,519.948
S01185,C003,418.008
S01185,C004,340.362
S01185,C005,250.772
S01185,C006,811.513
S01185,C007,662.985
S01185,C008,722.721
S01185,C009,598.407
S01185,C010,548.562
S01185,C011,378.839
S01185,C012,270.084
S01185,C013,188.349
S01185,C014,152.368
S01185,C015,104.227
S01185,C016,866.24
S01185,C017,752.182
S01185,C018,784.613
S01185,C019,737.027
S01185,C020,474.109
S01186,C001,774.749
S01186,C002,654.165
S01186,C003,680.926
S01186,C004,614.559
S01186,C005,628.82
S01186,C006,420.313
S01186,C007,256.552
S01186,C008,267.496
S01186,C009,74.567
S01186,C010,76.845
S01186,C011,168.808
S01186,C012,259.07
S01186,C013,340.373
S01186,C014,401.241
S01186,C015,578.124
S01186,C016,641.653
S01186,C017,628.08
S01186,C018,733.124
S01186,C019,745.418
S01186,C020,404.203
S01187,C001,481.156
S01187,C002,367.274
S01187,C003,236.915
S01187,C004,173.272
S01187,C005,59.824
S01187,C006,809.007
S01187,C007,687.019
S01187,C008,758.327
S01187,C009,684.173
S01187,C010,664.995
S01187,C011,508.369
S01187,C012,393.122
S01187,C013,322.771
S01187,C014,231.701
S01187,C015,96.122
S01187,C016,792.643
S01187,C017,655.539
S01187,C018,659.166
S01187,C019,597.017
S01187,C020,420.874
S01188,C001,717.42
S01188,C002,587.489
S01188,C003,587.342
S01188,C004,514.061
S01188,C005,511.506
S01188,C006,506.033
S01188,C007,338.12
S01188,C008,373.279
S01188,C009,209.415
S01188,C010,164.519
S01188,C011,58.13
S01188,C012,122.258
S01188,C013,203.799
S01188,C014,271.434
S01188,C015,446.634
S01188,C016,678.25
S01188,C017,631.772
S01188,C018,721.129
S01188,C019,717.261
S01188,C020,365.523
S01189,C001,110.388
S01189,C002,232.237
S01189,C003,356.324
S01189,C004,418.587
S01189,C005,530.385
S01189,C006,675.722
S01189,C007,681.949
S01189,C008,753.009
S01189,C009,838.902
S01189,C010,902.25
S01189,C011,833.125
S01189,C012,760.559
S01189,C013,746.925
S01189,C014,663.95
S01189,C015,669.269
S01189,C016,445.4
S01189,C017,299.954
S01189,C018,190.25
S01189,C019,111.491
S01189,C020,425.352
S01190,C001,645.331
S01190,C002,512.854
S01190,C003,504.239
S01190,C004,429.836
S01190,C005,426.683
S01190,C006,520.915
S01190,C007,358.369
S01190,C008,407.844
S01190,C009,275.79
S01190,C010,248.474
S01190,C011,115.744
S01190,C012,74.143
S01190,C013,142.155
S01190,C014,191.626
S01190,C015,368.551
S01190,C016,656.061
S01190,C017,591.063
S01190,C018,670.302
S01190,C019,658.267
S01190,C020,309.822
S01191,C001,262.256
S01191,C002,165.534
S01191,C003,16.254
S01191,C004,68.688
S01191,C005,160.889
S01191,C006,733.67
S01191,C007,651.159
S01191,C008,728.757
S01191,C009,716.585
S01191,C010,733.083
S01191,C011,606.746
S01191,C012,503.356
S01191,C013,457.885
S01191,C014,360.405
S01191,C015,307.967
S01191,C016,642.903
S01191,C017,490.18
S01191,C018,465.663
S01191,C019,393.353
S01191,C020,339.592
S01192,C001,786.055
S01192,C002,667.196
S01192,C003,697.743
S01192,C004,632.467
S01192,C005,648.951
S01192,C006,408.713
S01192,C007,247.69
S01192,C008,252.781
S01192,C009,53.203
S01192,C010,77.692
S01192,C011,190.501
S01192,C012,281.747
S01192,C013,363.023
S01192,C014,423.155
S01192,C015,600.121
S01192,C016,638.118
S01192,C017,630.235
S01192,C018,737.443
S01192,C019,752.286
S01192,C020,414.552
S01193,C001,617.855
S01193,C002,492.59
S01193,C003,382.29
S01193,C004,307.26
S01193,C005,210.534
S01193,C006,822.291
S01193,C007,678.806
S01193,C008,741.531
S01193,C009,627.337
S01193,C010,583.6
S01193,C011,415.298
S01193,C012,303.431
S01193,C013,222.303
S01193,C014,167.369
S01193,C015,60.586
S01193,C016,860.704
S01193,C017,740.462
S01193,C018,765.86
S01193,C019,714.285
S01193,C020,469.914
S01194,C001,95.624
S01194,C002,48.59
S01194,C003,159.98
S01194,C004,217.782
S01194,C005,330.254
S01194,C006,656.887
S01194,C007,613.228
S01194,C008,690.431
S01194,C009,728.69
S01194,C010,771.544
S01194,C011,676.121
S01194,C012,589.903
S01194,C013,564.789
S01194,C014,475.71
S01194,C015,468.612
S01194,C016,506.948
S01194,C017,347.834
S01194,C018,299.324
S01194,C019,221.306
S01194,C020,308.369
S01195,C001,745.499
S01195,C002,631.999
S01195,C003,675.607
S01195,C004,615.366
S01195,C005,643.374
S01195,C006,344.467
S01195,C007,182.245
S01195,C008,192.208
S01195,C009,48.975
S01195,C010,142.757
S01195,C011,234.431
S01195,C012,307.951
S01195,C013,386.292
S01195,C014,433.382
S01195,C015,609.682
S01195,C016,574.049
S01195,C017,571.941
S01195,C018,682.193
S01195,C019,701.6
S01195,C020,373.698
S01196,C001,660.274
S01196,C002,524.163
S01196,C003,477.007
S01196,C004,395.935
S01196,C005,359.084
S01196,C006,645.045
S01196,C007,485.543
S01196,C008,537.171
S01196,C009,397.716
S01196,C010,347.777
S01196,C011,180.216
S01196,C012,68.046
S01196,C013,13.698
S01196,C014,107.123
S01196,C015,265.428
S01196,C016,753.557
S01196,C017,668.425
S01196,C018,730.72
S01196,C019,704.155
S01196,C020,377.35
S01197,C001,94.089
S01197,C002,103.314
S01197,C003,157.744
S01197,C004,230.514
S01197,C005,334.831
S01197,C006,714.545
S01197,C007,671.22
S01197,C008,748.511
S01197,C009,783.216
S01197,C010,822.663
S01197,C011,721.144
S01197,C012,630.431
S01197,C013,599.592
S01197,C014,507.099
S01197,C015,480.281
S01197,C016,555.954
S01197,C017,396.39
S01197,C018,334.91
S01197,C019,251.298
S01197,C020,364.717
S01198,C001,585.288
S01198,C002,464.443
S01198,C003,344.778
S01198,C004,273.959
S01198,C005,169.013
S01198,C006,834.908
S01198,C007,697.359
S01198,C008,762.974
S01198,C009,659.72
S01198,C010,622.333
S01198,C011,456.082
S01198,C012,342.173
S01198,C013,262.723
S01198,C014,193.902
S01198,C015,26.031
S01198,C016,855.466
S01198,C017,728.832
S01198,C018,746.237
S01198,C019,690.331
S01198,C020,468.547
S01199,C001,614.855
S01199,C002,485.074
S01199,C003,388.451
S01199,C004,309.242
S01199,C005,227.069
S01199,C006,777.072
S01199,C007,630.693
S01199,C008,692.034
S01199,C009,574.779
S01199,C010,531.06
S01199,C011,363.172
S01199,C012,250.792
S01199,C013,169.9
S01199,C014,118.51
S01199,C015,91.581
S01199,C016,827.989
S01199,C017,713.765
S01199,C018,746.941
S01199,C019,700.298
S01199,C020,435.893
S01200,C001,671.641
S01200,C002,578.97
S01200,C003,658.57
S01200,C004,614.786
S01200,C005,671.011
S01200,C006,180.198
S01200,C007,16.506
S01200,C008,71.521
S01200,C009,198.15
S01200,C010,309.159
S01200,C011,381.163
S01200,C012,423.951
S01200,C013,491.068
S01200,C014,509.332
S01200,C015,674.374
S01200,C016,416.598
S01200,C017,440.587
S01200,C018,560.106
S01200,C019,595.489
S01200,C020,322.52
S01201,C001,691.881
S01201,C002,558.277
S01201,C003,540.754
S01201,C004,463.879
S01201,C005,449.523
S01201,C006,559.313
S01201,C007,393.808
S01201,C008,436.935
S01201,C009,283.885
S01201,C010,234.828
S01201,C011,76.977
S01201,C012,47.147
S01201,C013,128.784
S01201,C014,202.389
S01201,C015,374.839
S01201,C016,705.472
S01201,C017,642.596
S01201,C018,721.807
S01201,C019,708.87
S01201,C020,361.243
S01202,C001,346.338
S01202,C002,222.515
S01202,C003,123.764
S01202,C004,41.744
S01202,C005,98.671
S01202,C006,692.844
S01202,C007,589.741
S01202,C008,665.43
S01202,C009,629.225
S01202,C010,635.527
S01202,C011,501.541
S01202,C012,395.398
S01202,C013,347.667
S01202,C014,250.057
S01202,C015,218.069
S01202,C016,648.611
S01202,C017,507.64
S01202,C018,509.808
S01202,C019,449.679
S01202,C020,294.801
S01203,C001,510.088
S01203,C002,480.605
S01203,C003,616.297
S01203,C004,612.375
S01203,C005,709.85
S01203,C006,210.209
S01203,C007,302.833
S01203,C008,343.595
S01203,C009,515.156
S01203,C010,619.831
S01203,C011,647.454
S01203,C012,644.547
S01203,C013,685.11
S01203,C014,657.662
S01203,C015,777.461
S01203,C016,97.304
S01203,C017,185.034
S01203,C018,305.114
S01203,C019,373.444
S01203,C020,334.53
S01204,C001,256.001
S01204,C002,170.857
S01204,C003,21.516
S01204,C004,91.172
S01204,C005,173.489
S01204,C006,752.244
S01204,C007,672.466
S01204,C008,750.184
S01204,C009,740.116
S01204,C010,756.976
S01204,C011,630.379
S01204,C012,526.57
S01204,C013,480.099
S01204,C014,382.328
S01204,C015,322.718
S01204,C016,653.947
S01204,C017,499.574
S01204,C018,469.24
S01204,C019,394.348
S01204,C020,359.963
S01205,C001,49.162
S01205,C002,181.754
S01205,C003,295.052
S01205,C004,360.533
S01205,C005,470.529
S01205,C006,688.368
S01205,C007,678.883
S01205,C008,752.535
S01205,C009,823.067
S01205,C010,879.384
S01205,C011,799.948
S01205,C012,721.478
S01205,C013,702.57
S01205,C014,616.323
S01205,C015,611.829
S01205,C016,479.238
S01205,C017,325.682
S01205,C018,230.965
S01205,C019,144.481
S01205,C020,402.71
S01206,C001,623.337
S01206,C002,487.232
S01206,C003,437.828
S01206,C004,356.727
S01206,C005,321.622
S01206,C006,640.698
S01206,C007,485.337
S01206,C008,541.291
S01206,C009,414.651
S01206,C010,373.832
S01206,C011,210.433
S01206,C012,94.955
S01206,C013,34.28
S01206,C014,69.038
S01206,C015,235.863
S01206,C016,734.104
S01206,C017,642.871
S01206,C018,700.76
S01206,C019,671.432
S01206,C020,351.8
S01207,C001,791.114
S01207,C002,672.751
S01207,C003,704.281
S01207,C004,639.27
S01207,C005,656.233
S01207,C006,406.41
S01207,C007,246.563
S01207,C008,249.397
S01207,C009,47.17
S01207,C010,77.979
S01207,C011,197.262
S01207,C012,289.21
S01207,C013,370.516
S01207,C014,430.707
S01207,C015,607.677
S01207,C016,638.586
S01207,C017,632.568
S01207,C018,740.432
S01207,C019,756.053
S01207,C020,419.426
S01208,C001,720.663
S01208,C002,668.717
S01208,C003,786.13
S01208,C004,763.79
S01208,C005,843.758
S01208,C006,67.781
S01208,C007,233.318
S01208,C008,216.478
S01208,C009,423.669
S01208,C010,539.678
S01208,C011,625.191
S01208,C012,662.099
S01208,C013,723.486
S01208,C014,726.615
S01208,C015,877.452
S01208,C016,298.209
S01208,C017,407.924
S01208,C018,529.713
S01208,C019,595.121
S01208,C020,458.987
S01209,C001,159.691
S01209,C002,103.668
S01209,C003,89.381
S01209,C004,164.978
S01209,C005,266.522
S01209,C006,720.776
S01209,C007,661.581
S01209,C008,739.56
S01209,C009,756.299
S01209,C010,787.174
S01209,C011,675.838
S01209,C012,579.998
S01209,C013,543.695
S01209,C014,448.979
S01209,C015,412.846
S01209,C016,588.768
S01209,C017,430.475
S01209,C018,384.727
S01209,C019,305.402
S01209,C020,348.335
S01210,C001,292.414
S01210,C002,197.591
S01210,C003,46.699
S01210,C004,65.604
S01210,C005,134.725
S01210,C006,756.126
S01210,C007,668.392
S01210,C008,745.601
S01210,C009,725.061
S01210,C010,736.553
S01210,C011,604.841
S01210,C012,498.634
S01210,C013,448.788
S01210,C014,350.497
S01210,C015,284.161
S01210,C016,672.673
S01210,C017,520.854
S01210,C018,497.774
S01210,C019,425.47
S01210,C020,359.6
S01211,C001,673.029
S01211,C002,587.172
S01211,C003,674.971
S01211,C004,635.291
S01211,C005,696.808
S01211,C006,138.582
S01211,C007,32.751
S01211,C008,62.765
S01211,C009,234.634
S01211,C010,347.727
S01211,C011,422.952
S01211,C012,464.053
S01211,C013,529.786
S01211,C014,544.425
S01211,C015,706.707
S01211,C016,387.308
S01211,C017,424.377
S01211,C018,546.367
S01211,C019,587.273
S01211,C020,336.459
S01212,C001,336.62
S01212,C002,243.901
S01212,C003,92.715
S01212,C004,85.686
S01212,C005,103.056
S01212,C006,789.657
S01212,C007,695.063
S01212,C008,771.554
S01212,C009,739.506
S01212,C010,743.899
S01212,C011,605.012
S01212,C012,495.344
S01212,C013,439.403
S01212,C014,340.983
S01212,C015,253.012
S01212,C016,715.971
S01212,C017,565.391
S01212,C018,544.124
S01212,C019,471.837
S01212,C020,391.279
S01213,C001,444.774
S01213,C002,333.928
S01213,C003,401.732
S01213,C004,359.74
S01213,C005,426.788
S01213,C006,355.606
S01213,C007,250.585
S01213,C008,328.023
S01213,C009,349.726
S01213,C010,407.92
S01213,C011,361.535
S01213,C012,326.777
S01213,C013,356.648
S01213,C014,326.998
S01213,C015,460.85
S01213,C016,403.472
S01213,C017,328.567
S01213,C018,414.068
S01213,C019,415.029
S01213,C020,73.096
S01214,C001,106.446
S01214,C002,83.575
S01214,C003,140.373
S01214,C004,210.075
S01214,C005,316.727
S01214,C006,699.857
S01214,C007,652.652
S01214,C008,730.15
S01214,C009,761.624
S01214,C010,800.024
S01214,C011,697.792
S01214,C012,607.015
S01214,C013,576.444
S01214,C014,484.227
S01214,C015,460.724
S01214,C016,549.762
S01214,C017,390.411
S01214,C018,336.016
S01214,C019,254.629
S01214,C020,344.377
S01215,C001,449.447
S01215,C002,426.777
S01215,C003,566.951
S01215,C004,568.824
S01215,C005,670.598
S01215,C006,266.691
S01215,C007,337.475
S01215,C008,387.274
S01215,C009,544.334
S01215,C010,643.589
S01215,C011,655.24
S01215,C012,641.21
S01215,C013,674.93
S01215,C014,638.938
S01215,C015,747.667
S01215,C016,85.258
S01215,C017,122.518
S01215,C018,243.453
S01215,C019,310.932
S01215,C020,308.052
S01216,C001,639.942
S01216,C002,548.458
S01216,C003,630.85
S01216,C004,589.042
S01216,C005,648.61
S01216,C006,175.92
S01216,C007,20.902
S01216,C008,98.948
S01216,C009,220.108
S01216,C010,327.304
S01216,C011,385.861
S01216,C012,419.977
S01216,C013,483.691
S01216,C014,495.997
S01216,C015,657.707
S01216,C016,392.086
S01216,C017,410.136
S01216,C018,528.984
S01216,C019,563.608
S01216,C020,293.532
S01217,C001,660.747
S01217,C002,582.595
S01217,C003,679.141
S01217,C004,644.416
S01217,C005,712.134
S01217,C006,95.743
S01217,C007,72.623
S01217,C008,92.721
S01217,C009,279.579
S01217,C010,392.833
S01217,C011,464.8
S01217,C012,500.803
S01217,C013,563.797
S01217,C014,572.677
S01217,C015,730.573
S01217,C016,347.468
S01217,C017,395.885
S01217,C018,519.511
S01217,C019,565.591
S01217,C020,340.661
S01218,C001,680.182
S01218,C002,545.621
S01218,C003,471.102
S01218,C004,389.281
S01218,C005,325.107
S01218,C006,738.633
S01218,C007,581.628
S01218,C008,635.018
S01218,C009,494.694
S01218,C010,437.436
S01218,C011,266.979
S01218,C012,163.993
S01218,C013,85.763
S01218,C014,114.47
S01218,C015,200.602
S01218,C016,828.83
S01218,C017,731.376
S01218,C018,781.344
S01218,C019,745.197
S01218,C020,441.947
S01219,C001,903.358
S01219,C002,788.402
S01219,C003,824.195
S01219,C004,759.541
S01219,C005,775.082
S01219,C006,439.649
S01219,C007,305.188
S01219,C008,275.839
S01219,C009,109.111
S01219,C010,118.497
S01219,C011,288.066
S01219,C012,394.205
S01219,C013,475.834
S01219,C014,544.163
S01219,C015,720.237
S01219,C016,705.005
S01219,C017,720.715
S01219,C018,834.686
S01219,C019,857.735
S01219,C020,531.39
S01220,C001,790.199
S01220,C002,675.994
S01220,C003,716.6
S01220,C004,654.709
S01220,C005,678.365
S01220,C006,368.94
S01220,C007,213.981
S01220,C008,209.294
S01220,C009,5.825
S01220,C010,114.269
S01220,C011,238.354
S01220,C012,325.108
S01220,C013,405.623
S01220,C014,460.41
S01220,C015,637.42
S01220,C016,611.2
S01220,C017,614.479
S01220,C018,725.84
S01220,C019,746.194
S01220,C020,418.287
S01221,C001,420.45
S01221,C002,317.361
S01221,C003,399.606
S01221,C004,365.282
S01221,C005,441.261
S01221,C006,340.806
S01221,C007,254.379
S01221,C008,332.426
S01221,C009,375.992
S01221,C010,440.965
S01221,C011,401.055
S01221,C012,366.822
S01221,C013,394.864
S01221,C014,360.644
S01221,C015,486.46
S01221,C016,365.803
S01221,C017,288.328
S01221,C018,375.666
S01221,C019,380.22
S01221,C020,60.738
S01222,C001,773.204
S01222,C002,638.794
S01222,C003,612.47
S01222,C004,533.441
S01222,C005,506.273
S01222,C006,617.036
S01222,C007,449.045
S01222,C008,481.717
S01222,C009,302.659
S01222,C010,222.512
S01222,C011,59.882
S01222,C012,97.954
S01222,C013,160.157
S01222,C014,253.697
S01222,C015,411.681
S01222,C016,781.945
S01222,C017,724.59
S01222,C018,805.485
S01222,C019,792.821
S01222,C020,445.032
S01223,C001,412.895
S01223,C002,296.615
S01223,C003,358.404
S01223,C004,315.989
S01223,C005,384.979
S01223,C006,396.427
S01223,C007,294.341
S01223,C008,371.688
S01223,C009,384.17
S01223,C010,434.167
S01223,C011,371.437
S01223,C012,323.037
S01223,C013,342.998
S01223,C014,302.434
S01223,C015,425.937
S01223,C016,421.717
S01223,C017,331.1
S01223,C018,405.217
S01223,C019,397.275
S01223,C020,45.543
S01224,C001,447.83
S01224,C002,431.055
S01224,C003,573.418
S01224,C004,577.818
S01224,C005,681.021
S01224,C006,280.262
S01224,C007,355.912
S01224,C008,404.564
S01224,C009,563.313
S01224,C010,662.792
S01224,C011,674.131
S01224,C012,659.175
S01224,C013,692.011
S01224,C014,654.64
S01224,C015,760.818
S01224,C016,69.321
S01224,C017,116.837
S01224,C018,233.913
S01224,C019,304.82
S01224,C020,322.835
S01225,C001,697.976
S01225,C002,585.121
S01225,C003,631.909
S01225,C004,573.568
S01225,C005,606.436
S01225,C006,325.118
S01225,C007,157.563
S01225,C008,186.501
S01225,C009,96.56
S01225,C010,179.353
S01225,C011,237.708
S01225,C012,294.316
S01225,C013,368.851
S01225,C014,406.541
S01225,C015,581.039
S01225,C016,537.173
S01225,C017,527.998
S01225,C018,636.646
S01225,C019,654.659
S01225,C020,326.289
S01226,C001,42.501
S01226,C002,150.264
S01226,C003,233.387
S01226,C004,305.302
S01226,C005,410.488
S01226,C006,720.838
S01226,C007,694.946
S01226,C008,770.762
S01226,C009,823.327
S01226,C010,870.792
S01226,C011,778.779
S01226,C012,692.921
S01226,C013,666.688
S01226,C014,576.248
S01226,C015,555.671
S01226,C016,533.127
S01226,C017,375.474
S01226,C018,293.819
S01226,C019,206.81
S01226,C020,400.788
S01227,C001,676.49
S01227,C002,600.839
S01227,C003,699.358
S01227,C004,665.491
S01227,C005,733.904
S01227,C006,79.143
S01227,C007,90.47
S01227,C008,93.187
S01227,C009,290.202
S01227,C010,404.723
S01227,C011,482.408
S01227,C012,520.918
S01227,C013,584.686
S01227,C014,594.471
S01227,C015,752.632
S01227,C016,347.559
S01227,C017,404.697
S01227,C018,528.939
S01227,C019,577.595
S01227,C020,361.208
S01228,C001,215.978
S01228,C002,150.619
S01228,C003,50.531
S01228,C004,132.448
S01228,C005,219.644
S01228,C006,754.974
S01228,C007,684.812
S01228,C008,762.829
S01228,C009,764.404
S01228,C010,786.891
S01228,C011,665.718
S01228,C012,564.437
S01228,C013,521.116
S01228,C014,424.013
S01228,C015,369.002
S01228,C016,638.438
S01228,C017,481.428
S01228,C018,440.979
S01228,C019,362.582
S01228,C020,370.446
S01229,C001,171.419
S01229,C002,234.353
S01229,C003,383.283
S01229,C004,427.635
S01229,C005,543.264
S01229,C006,562.152
S01229,C007,578.663
S01229,C008,647.095
S01229,C009,747.882
S01229,C010,820.001
S01229,C011,768.011
S01229,C012,707.731
S01229,C013,705.904
S01229,C014,632.495
S01229,C015,668.455
S01229,C016,331.616
S01229,C017,184.102
S01229,C018,82.021
S01229,C019,5.105
S01229,C020,351.486
S01230,C001,161.016
S01230,C002,215.982
S01230,C003,365.83
S01230,C004,408.856
S01230,C005,524.499
S01230,C006,556.579
S01230,C007,567.802
S01230,C008,637.244
S01230,C009,733.907
S01230,C010,804.487
S01230,C011,750.337
S01230,C012,689.049
S01230,C013,686.622
S01230,C014,612.91
S01230,C015,649.035
S01230,C016,334.864
S01230,C017,182.984
S01230,C018,92.803
S01230,C019,18.107
S01230,C020,334.195
S01231,C001,261.811
S01231,C002,159.612
S01231,C003,21.833
S01231,C004,60.272
S01231,C005,159.807
S01231,C006,721.73
S01231,C007,638.636
S01231,C008,716.217
S01231,C009,704.215
S01231,C010,721.253
S01231,C011,595.849
S01231,C012,493.11
S01231,C013,448.796
S01231,C014,351.657
S01231,C015,304.888
S01231,C016,633.641
S01231,C017,481.68
S01231,C018,459.831
S01231,C019,388.859
S01231,C020,327.252
S01232,C001,941.62
S01232,C002,821.005
S01232,C003,842.915
S01232,C004,773.632
S01232,C005,777.292
S01232,C006,516.632
S01232,C007,374.856
S01232,C008,352.551
S01232,C009,164.238
S01232,C010,102.819
S01232,C011,263.568
S01232,C012,377.455
S01232,C013,456.927
S01232,C014,535.521
S01232,C015,707.774
S01232,C016,774.66
S01232,C017,780.436
S01232,C018,890.66
S01232,C019,907.905
S01232,C020,570.583
S01233,C001,215.739
S01233,C002,286.961
S01233,C003,435.38
S01233,C004,480.263
S01233,C005,595.895
S01233,C006,563.928
S01233,C007,595.441
S01233,C008,660.595
S01233,C009,773.665
S01233,C010,850.738
S01233,C011,806.704
S01233,C012,750.781
S01233,C013,752.075
S01233,C014,680.892
S01233,C015,720.523
S01233,C016,312.172
S01233,C017,180.806
S01233,C018,57.547
S01233,C019,56.271
S01233,C020,389.91
S01234,C001,730.114
S01234,C002,594.493
S01234,C003,557.386
S01234,C004,477.08
S01234,C005,443.521
S01234,C006,637.181
S01234,C007,471.427
S01234,C008,512.788
S01234,C009,349.142
S01234,C010,281.282
S01234,C011,110.916
S01234,C012,55.025
S01234,C013,95.067
S01234,C014,191.294
S01234,C015,345.591
S01234,C016,778.11
S01234,C017,707.966
S01234,C018,780.67
S01234,C019,761.47
S01234,C020,420.99
S01235,C001,385.516
S01235,C002,361.897
S01235,C003,503.65
S01235,C004,508.752
S01235,C005,613.066
S01235,C006,313.853
S01235,C007,356.871
S01235,C008,415.769
S01235,C009,553.435
S01235,C010,645.502
S01235,C011,639.987
S01235,C012,614.897
S01235,C013,641.746
S01235,C014,598.148
S01235,C015,696.91
S01235,C016,134.158
S01235,C017,70.464
S01235,C018,195.087
S01235,C019,253.383
S01235,C020,264.894
S01236,C001,687.564
S01236,C002,603.15
S01236,C003,692.073
S01236,C004,652.734
S01236,C005,714.388
S01236,C006,130.106
S01236,C007,48.76
S01236,C008,51.74
S01236,C009,238.822
S01236,C010,353.267
S01236,C011,434.468
S01236,C012,478.393
S01236,C013,545.03
S01236,C014,560.985
S01236,C015,723.822
S01236,C016,390.552
S01236,C017,433.804
S01236,C018,556.523
S01236,C019,599.252
S01236,C020,353.436
S01237,C001,627.68
S01237,C002,493.161
S01237,C003,472.148
S01237,C004,395.295
S01237,C005,384.156
S01237,C006,557.065
S01237,C007,397.736
S01237,C008,450.821
S01237,C009,323.893
S01237,C010,292.986
S01237,C011,145.213
S01237,C012,54.893
S01237,C013,99.3
S01237,C014,144.1
S01237,C015,320.766
S01237,C016,674.615
S01237,C017,599.097
S01237,C018,670.805
S01237,C019,652.554
S01237,C020,311.201
S01238,C001,565.908
S01238,C002,444.252
S01238,C003,326.55
S01238,C004,254.509
S01238,C005,152.065
S01238,C006,817.266
S01238,C007,681.324
S01238,C008,747.742
S01238,C009,648.656
S01238,C010,614.509
S01238,C011,449.793
S01238,C012,335.058
S01238,C013,257.077
S01238,C014,182.442
S01238,C015,5.941
S01238,C016,835.002
S01238,C017,707.985
S01238,C018,725.388
S01238,C019,669.742
S01238,C020,448.655
S01239,C001,161.807
S01239,C002,36.542
S01239,C003,117.582
S01239,C004,158.343
S01239,C005,273.439
S01239,C006,638.272
S01239,C007,578.879
S01239,C008,656.804
S01239,C009,679.616
S01239,C010,716.253
S01239,C011,614.516
S01239,C012,525.606
S01239,C013,498.67
S01239,C014,409.142
S01239,C015,406.523
S01239,C016,518.986
S01239,C017,363.544
S01239,C018,336.589
S01239,C019,267.152
S01239,C020,266.532
S01240,C001,457.664
S01240,C002,355.187
S01240,C003,211.533
S01240,C004,165.766
S01240,C005,59.972
S01240,C006,841.115
S01240,C007,726.616
S01240,C008,799.681
S01240,C009,735.36
S01240,C010,720.548
S01240,C011,566.095
S01240,C012,451.156
S01240,C013,382.048
S01240,C014,289.617
S01240,C015,151.335
S01240,C016,804.477
S01240,C017,661.174
S01240,C018,653.452
S01240,C019,585.788
S01240,C020,446.462
S01241,C001,381.741
S01241,C002,355.146
S01241,C003,495.976
S01241,C004,500.18
S01241,C005,604.092
S01241,C006,313.451
S01241,C007,351.853
S01241,C008,411.908
S01241,C009,546.859
S01241,C010,638.098
S01241,C011,631.135
S01241,C012,605.418
S01241,C013,632.016
S01241,C014,588.314
S01241,C015,687.332
S01241,C016,143.292
S01241,C017,73.612
S01241,C018,197.384
S01241,C019,252.779
S01241,C020,255.06
S01242,C001,375.601
S01242,C002,357.302
S01242,C003,501.117
S01242,C004,508.863
S01242,C005,614.593
S01242,C006,328.743
S01242,C007,373.239
S01242,C008,432.101
S01242,C009,569.361
S01242,C010,660.866
S01242,C011,653.342
S01242,C012,626.36
S01242,C013,651.694
S01242,C014,606.168
S01242,C015,701.481
S01242,C016,133.438
S01242,C017,54.674
S01242,C018,179.429
S01242,C019,239.835
S01242,C020,273.123
S01243,C001,452.696
S01243,C002,343.872
S01243,C003,414.193
S01243,C004,372.839
S01243,C005,440.062
S01243,C006,342.505
S01243,C007,237.81
S01243,C008,315.377
S01243,C009,341.911
S01243,C010,403.217
S01243,C011,362.497
S01243,C012,331.891
S01243,C013,364.316
S01243,C014,337.316
S01243,C015,473.149
S01243,C016,396.067
S01243,C017,325.991
S01243,C018,414.708
S01243,C019,418.424
S01243,C020,82.482
S01244,C001,297.188
S01244,C002,177.283
S01244,C003,77.681
S01244,C004,18.083
S01244,C005,133.101
S01244,C006,690.007
S01244,C007,597.63
S01244,C008,674.582
S01244,C009,653.221
S01244,C010,667.016
S01244,C011,539.82
S01244,C012,436.894
S01244,C013,393.431
S01244,C014,296.835
S01244,C015,265.781
S01244,C016,624.451
S01244,C017,478.218
S01244,C018,471.073
S01244,C019,407.025
S01244,C020,291.733
S01245,C001,507.65
S01245,C002,401.52
S01245,C003,261.334
S01245,C004,208.929
S01245,C005,94.247
S01245,C006,860.916
S01245,C007,738.991
S01245,C008,810.101
S01245,C009,732.738
S01245,C010,709.836
S01245,C011,550.156
S01245,C012,434.637
S01245,C013,360.854
S01245,C014,274.53
S01245,C015,114.723
S01245,C016,839.653
S01245,C017,699.89
S01245,C018,697.758
S01245,C019,632.238
S01245,C020,471.602
S01246,C001,70.534
S01246,C002,68.997
S01246,C003,182.299
S01246,C004,242.465
S01246,C005,354.342
S01246,C006,660.802
S01246,C007,623.312
S01246,C008,700.063
S01246,C009,744.457
S01246,C010,789.917
S01246,C011,697.464
S01246,C012,612.691
S01246,C013,588.776
S01246,C014,500.221
S01246,C015,493.475
S01246,C016,499.804
S01246,C017,340.263
S01246,C018,283.812
S01246,C019,203.113
S01246,C020,322.656
S01247,C001,696.853
S01247,C002,611.855
S01247,C003,699.798
S01247,C004,659.793
S01247,C005,720.425
S01247,C006,134.53
S01247,C007,52.803
S01247,C008,42.145
S01247,C009,233.409
S01247,C010,348.37
S01247,C011,433.07
S01247,C012,479.258
S01247,C013,546.774
S01247,C014,564.367
S01247,C015,728.157
S01247,C016,399.192
S01247,C017,443.455
S01247,C018,566.209
S01247,C019,608.927
S01247,C020,361.328
S01248,C001,59.76
S01248,C002,108.757
S01248,C003,247.861
S01248,C004,300.653
S01248,C005,415.055
S01248,C006,621.704
S01248,C007,600.52
S01248,C008,675.466
S01248,C009,738.75
S01248,C010,793.649
S01248,C011,714.66
S01248,C012,638.053
S01248,C013,622.192
S01248,C014,538.667
S01248,C015,548.958
S01248,C016,439.901
S01248,C017,280.772
S01248,C018,215.374
S01248,C019,134.044
S01248,C020,317.408
S01249,C001,649.79
S01249,C002,564.429
S01249,C003,653.667
S01249,C004,615.163
S01249,C005,678.627
S01249,C006,138.589
S01249,C007,31.918
S01249,C008,85.867
S01249,C009,245.42
S01249,C010,356.297
S01249,C011,422.302
S01249,C012,457.725
S01249,C013,521.219
S01249,C014,532.047
S01249,C015,692.069
S01249,C016,370.87
S01249,C017,402.864
S01249,C018,524.38
S01249,C019,564.448
S01249,C020,314.917
S01250,C001,545.157
S01250,C002,526.307
S01250,C003,665.817
S01250,C004,665.281
S01250,C005,764.589
S01250,C006,224.784
S01250,C007,342.414
S01250,C008,373.851
S01250,C009,556.469
S01250,C010,664.228
S01250,C011,699.734
S01250,C012,700.238
S01250,C013,742.053
S01250,C014,715.349
S01250,C015,834.536
S01250,C016,76.535
S01250,C017,212.968
S01250,C018,323.23
S01250,C019,399.021
S01250,C020,391.722
S01251,C001,697.33
S01251,C002,623.974
S01251,C003,724.078
S01251,C004,690.805
S01251,C005,759.543
S01251,C006,67.264
S01251,C007,111.518
S01251,C008,96.853
S01251,C009,301.208
S01251,C010,416.747
S01251,C011,501.222
S01251,C012,542.982
S01251,C013,607.833
S01251,C014,619.105
S01251,C015,777.928
S01251,C016,352.748
S01251,C017,419.046
S01251,C018,543.671
S01251,C019,594.876
S01251,C020,386.222
S01252,C001,442.331
S01252,C002,343.043
S01252,C003,196.804
S01252,C004,157.005
S01252,C005,62.238
S01252,C006,841.873
S01252,C007,730.467
S01252,C008,804.195
S01252,C009,744.573
S01252,C010,732.353
S01252,C011,579.613
S01252,C012,465.032
S01252,C013,397.304
S01252,C014,303.64
S01252,C015,170.311
S01252,C016,798.275
S01252,C017,653.254
S01252,C018,642.282
S01252,C019,573.247
S01252,C020,445.593
S01253,C001,465.588
S01253,C002,352.184
S01253,C003,413.281
S01253,C004,367.413
S01253,C005,428.834
S01253,C006,357.478
S01253,C007,242.426
S01253,C008,318.87
S01253,C009,329.464
S01253,C010,385.125
S01253,C011,338.335
S01253,C012,306.27
S01253,C013,339.308
S01253,C014,314.846
S01253,C015,455.066
S01253,C016,421.387
S01253,C017,350.914
S01253,C018,437.57
S01253,C019,438.465
S01253,C020,93.548
S01254,C001,104.822
S01254,C002,31.351
S01254,C003,170.698
S01254,C004,220.045
S01254,C005,334.616
S01254,C006,630.161
S01254,C007,587.149
S01254,C008,664.246
S01254,C009,705.198
S01254,C010,750.158
S01254,C011,658.362
S01254,C012,574.792
S01254,C013,552.842
S01254,C014,465.868
S01254,C015,468.676
S01254,C016,483.48
S01254,C017,324.838
S01254,C018,282.907
S01254,C019,208.677
S01254,C020,283.883
S01255,C001,215.06
S01255,C002,115.727
S01255,C003,37.241
S01255,C004,99.275
S01255,C005,206.398
S01255,C006,701.859
S01255,C007,628.694
S01255,C008,706.681
S01255,C009,708.46
S01255,C010,732.915
S01255,C011,615.543
S01255,C012,517.091
S01255,C013,478.425
S01255,C014,383.093
S01255,C015,349.411
S01255,C016,597.755
S01255,C017,443.362
S01255,C018,415.503
S01255,C019,342.87
S01255,C020,314.485
S01256,C001,279.558
S01256,C002,187.79
S01256,C003,35.191
S01256,C004,73.409
S01256,C005,148.385
S01256,C006,754.67
S01256,C007,669.711
S01256,C008,747.126
S01256,C009,730.293
S01256,C010,743.7
S01256,C011,613.785
S01256,C012,508.411
S01256,C013,459.772
S01256,C014,361.637
S01256,C015,297.754
S01256,C016,665.998
S01256,C017,513.237
S01256,C018,487.652
S01256,C019,414.438
S01256,C020,359.388
S01257,C001,627.94
S01257,C002,501.737
S01257,C003,393.699
S01257,C004,317.884
S01257,C005,223.043
S01257,C006,820.439
S01257,C007,675.37
S01257,C008,737.208
S01257,C009,619.833
S01257,C010,574.137
S01257,C011,405.303
S01257,C012,294.313
S01257,C013,212.847
S01257,C014,163.206
S01257,C015,73.756
S01257,C016,863.72
S01257,C017,745.244
S01257,C018,772.678
S01257,C019,722.222
S01257,C020,472.321
S01258,C001,587.44
S01258,C002,452.624
S01258,C003,383.761
S01258,C004,301.718
S01258,C005,252.156
S01258,C006,685.357
S01258,C007,537.182
S01258,C008,598.137
S01258,C009,484.653
S01258,C010,448.648
S01258,C011,285.788
S01258,C012,170.345
S01258,C013,97.836
S01258,C014,27.143
S01258,C015,161.037
S01258,C016,750.691
S01258,C017,645.862
S01258,C018,690.974
S01258,C019,652.884
S01258,C020,359.781
S01259,C001,452.623
S01259,C002,341.997
S01259,C003,409.345
S01259,C004,366.734
S01259,C005,432.623
S01259,C006,350.488
S01259,C007,243.274
S01259,C008,320.593
S01259,C009,341.854
S01259,C010,400.808
S01259,C011,356.696
S01259,C012,324.252
S01259,C013,355.881
S01259,C014,328.457
S01259,C015,464.557
S01259,C016,404.37
S01259,C017,332.45
S01259,C018,419.542
S01259,C019,421.615
S01259,C020,81.094
S01260,C001,171.097
S01260,C002,35.467
S01260,C003,147.138
S01260,C004,173.455
S01260,C005,288.909
S01260,C006,601.579
S01260,C007,543.486
S01260,C008,621.331
S01260,C009,648.841
S01260,C010,689.07
S01260,C011,593.184
S01260,C012,508.535
S01260,C013,486.81
S01260,C014,400.806
S01260,C015,414.118
S01260,C016,486.733
S01260,C017,333.088
S01260,C018,315.491
S01260,C019,252.24
S01260,C020,232.413
S01261,C001,880.43
S01261,C002,763.396
S01261,C003,795.276
S01261,C004,729.519
S01261,C005,742.937
S01261,C006,443.111
S01261,C007,299.801
S01261,C008,279.159
S01261,C009,91.245
S01261,C010,85.199
S01261,C011,254.077
S01261,C012,360.112
S01261,C013,441.725
S01261,C014,510.602
S01261,C015,686.492
S01261,C016,699.684
S01261,C017,708.002
S01261,C018,819.817
S01261,C019,839.85
S01261,C020,508.393
S01262,C001,859.982
S01262,C002,737.123
S01262,C003,755.258
S01262,C004,685.476
S01262,C005,689.261
S01262,C006,487.877
S01262,C007,331.425
S01262,C008,327.192
S01262,C009,120.181
S01262,C010,14.53
S01262,C011,182.308
S01262,C012,293.25
S01262,C013,373.961
S01262,C014,449.178
S01262,C015,622.864
S01262,C016,724.661
S01262,C017,716.125
S01262,C018,821.82
S01262,C019,833.897
S01262,C020,490.899
S01263,C001,167.407
S01263,C002,284.475
S01263,C003,412.9
S01263,C004,473.614
S01263,C005,586.192
S01263,C006,675.29
S01263,C007,695.478
S01263,C008,763.833
S01263,C009,862.325
S01263,C010,931.165
S01263,C011,870.344
S01263,C012,802.411
S01263,C013,792.604
S01263,C014,712.094
S01263,C015,723.649
S01263,C016,426.638
S01263,C017,293.071
S01263,C018,172.347
S01263,C019,114.254
S01263,C020,457.257
S01264,C001,390.616
S01264,C002,364.702
S01264,C003,505.465
S01264,C004,509.356
S01264,C005,612.982
S01264,C006,306.816
S01264,C007,349.333
S01264,C008,408.184
S01264,C009,546.2
S01264,C010,638.589
S01264,C011,634.146
S01264,C012,610.022
S01264,C013,637.623
S01264,C014,594.979
S01264,C015,695.379
S01264,C016,134.692
S01264,C017,77.947
S01264,C018,202.492
S01264,C019,260.01
S01264,C020,261.775
S01265,C001,158.043
S01265,C002,86.555
S01265,C003,88.29
S01265,C004,158.01
S01265,C005,264.094
S01265,C006,702.115
S01265,C007,642.47
S01265,C008,720.449
S01265,C009,737.983
S01265,C010,769.853
S01265,C011,660.25
S01265,C012,565.664
S01265,C013,531.163
S01265,C014,437.312
S01265,C015,408.198
S01265,C016,573.407
S01265,C017,415.634
S01265,C018,373.993
S01265,C019,296.509
S01265,C020,329.273
S01266,C001,652.952
S01266,C002,598.162
S01266,C003,715.113
S01266,C004,693.376
S01266,C005,774.771
S01266,C006,42.082
S01266,C007,194.193
S01266,C008,201.547
S01266,C009,401.159
S01266,C010,515.21
S01266,C011,583.8
S01266,C012,611.077
S01266,C013,668.479
S01266,C014,665.807
S01266,C015,812.53
S01266,C016,256.131
S01266,C017,347.389
S01266,C018,471.103
S01266,C019,532.364
S01266,C020,389.185
S01267,C001,772.038
S01267,C002,659.882
S01267,C003,705.185
S01267,C004,645.22
S01267,C005,673.122
S01267,C006,343.78
S01267,C007,187.955
S01267,C008,185.442
S01267,C009,26.867
S01267,C010,139.116
S01267,C011,252.105
S01267,C012,332.158
S01267,C013,411.512
S01267,C014,461.336
S01267,C015,637.923
S01267,C016,585.356
S01267,C017,590.365
S01267,C018,702.638
S01267,C019,724.524
S01267,C020,400.7
S01268,C001,391.676
S01268,C002,395.012
S01268,C003,543.994
S01268,C004,559.0
S01268,C005,667.791
S01268,C006,357.427
S01268,C007,424.373
S01268,C008,477.431
S01268,C009,626.601
S01268,C010,721.384
S01268,C011,718.677
S01268,C012,692.685
S01268,C013,717.617
S01268,C014,670.558
S01268,C015,760.805
S01268,C016,99.078
S01268,C017,64.058
S01268,C018,160.951
S01268,C019,238.309
S01268,C020,338.09
S01269,C001,466.137
S01269,C002,364.589
S01269,C003,220.189
S01269,C004,175.576
S01269,C005,69.475
S01269,C006,850.311
S01269,C007,735.118
S01269,C008,807.992
S01269,C009,742.024
S01269,C010,725.975
S01269,C011,570.565
S01269,C012,455.441
S01269,C013,385.39
S01269,C014,293.928
S01269,C015,150.66
S01269,C016,814.399
S01269,C017,671.076
S01269,C018,663.051
S01269,C019,595.128
S01269,C020,455.969
S01270,C001,658.536
S01270,C002,563.481
S01270,C003,640.5
S01270,C004,595.718
S01270,C005,650.906
S01270,C006,195.444
S01270,C007,27.241
S01270,C008,91.15
S01270,C009,192.741
S01270,C010,300.678
S01270,C011,365.084
S01270,C012,404.939
S01270,C013,471.302
S01270,C014,488.751
S01270,C015,653.688
S01270,C016,419.51
S01270,C017,435.857
S01270,C018,553.835
S01270,C019,586.531
S01270,C020,305.613
S01271,C001,368.005
S01271,C002,387.821
S01271,C003,539.644
S01271,C004,561.813
S01271,C005,673.399
S01271,C006,406.308
S01271,C007,472.449
S01271,C008,526.518
S01271,C009,672.695
S01271,C010,765.506
S01271,C011,756.548
S01271,C012,725.208
S01271,C013,745.901
S01271,C014,693.766
S01271,C015,774.184
S01271,C016,133.573
S01271,C017,73.646
S01271,C018,123.313
S01271,C019,207.083
S01271,C020,364.555
S01272,C001,327.333
S01272,C002,199.153
S01272,C003,122.136
S01272,C004,48.212
S01272,C005,129.672
S01272,C006,664.4
S01272,C007,564.625
S01272,C008,640.859
S01272,C009,611.97
S01272,C010,623.338
S01272,C011,495.126
S01272,C012,392.398
S01272,C013,350.393
S01272,C014,254.704
S01272,C015,242.349
S01272,C016,617.549
S01272,C017,477.018
S01272,C018,481.502
S01272,C019,423.405
S01272,C020,265.841
S01273,C001,201.953
S01273,C002,101.436
S01273,C003,51.578
S01273,C004,110.566
S01273,C005,219.742
S01273,C006,692.792
S01273,C007,622.465
S01273,C008,700.5
S01273,C009,706.366
S01273,C010,733.101
S01273,C011,618.414
S01273,C012,521.494
S01273,C013,484.784
S01273,C014,390.235
S01273,C015,361.544
S01273,C016,584.738
S01273,C017,429.885
S01273,C018,401.041
S01273,C019,328.356
S01273,C020,308.042
S01274,C001,256.878
S01274,C002,250.074
S01274,C003,400.222
S01274,C004,420.625
S01274,C005,532.493
S01274,C006,435.681
S01274,C007,449.494
S01274,C008,517.287
S01274,C009,624.64
S01274,C010,702.722
S01274,C011,666.065
S01274,C012,618.832
S01274,C013,629.293
S01274,C014,568.274
S01274,C015,636.825
S01274,C016,240.53
S01274,C017,81.414
S01274,C018,108.924
S01274,C019,132.932
S01274,C020,253.015
S01275,C001,660.917
S01275,C002,525.069
S01275,C003,486.903
S01275,C004,406.857
S01275,C005,377.908
S01275,C006,617.344
S01275,C007,456.596
S01275,C008,507.027
S01275,C009,366.552
S01275,C010,318.673
S01275,C011,153.246
S01275,C012,38.336
S01275,C013,44.748
S01275,C014,125.634
S01275,C015,292.15
S01275,C016,733.81
S01275,C017,653.747
S01275,C018,720.459
S01275,C019,697.417
S01275,C020,363.628
S01276,C001,691.503
S01276,C002,610.772
S01276,C003,703.597
S01276,C004,666.289
S01276,C005,730.376
S01276,C006,108.587
S01276,C007,69.765
S01276,C008,61.865
S01276,C009,259.315
S01276,C010,374.315
S01276,C011,457.236
S01276,C012,500.656
S01276,C013,566.763
S01276,C014,581.223
S01276,C015,742.795
S01276,C016,377.869
S01276,C017,428.965
S01276,C018,552.582
S01276,C019,598.26
S01276,C020,364.729
S01277,C001,415.097
S01277,C002,373.893
S01277,C003,507.235
S01277,C004,503.379
S01277,C005,602.275
S01277,C006,270.173
S01277,C007,302.054
S01277,C008,362.438
S01277,C009,498.408
S01277,C010,591.464
S01277,C011,591.135
S01277,C012,571.717
S01277,C013,603.227
S01277,C014,565.949
S01277,C015,675.632
S01277,C016,157.939
S01277,C017,123.236
S01277,C018,246.032
S01277,C019,296.513
S01277,C020,235.091
S01278,C001,557.699
S01278,C002,539.877
S01278,C003,679.569
S01278,C004,679.056
S01278,C005,778.264
S01278,C006,224.395
S01278,C007,347.742
S01278,C008,376.54
S01278,C009,561.907
S01278,C010,670.527
S01278,C011,708.806
S01278,C012,710.885
S01278,C013,753.493
S01278,C014,727.687
S01278,C015,847.73
S01278,C016,82.991
S01278,C017,225.158
S01278,C018,333.682
S01278,C019,410.44
S01278,C020,404.848
S01279,C001,756.47
S01279,C002,646.215
S01279,C003,695.663
S01279,C004,637.465
S01279,C005,669.068
S01279,C006,322.206
S01279,C007,165.443
S01279,C008,165.48
S01279,C009,49.135
S01279,C010,160.847
S01279,C011,265.253
S01279,C012,339.47
S01279,C013,417.562
S01279,C014,463.014
S01279,C015,638.91
S01279,C016,562.968
S01279,C017,569.514
S01279,C018,682.582
S01279,C019,705.835
S01279,C020,386.014
S01280,C001,748.213
S01280,C002,663.719
S01280,C003,750.619
S01280,C004,709.304
S01280,C005,767.308
S01280,C006,147.497
S01280,C007,99.702
S01280,C008,29.355
S01280,C009,232.025
S01280,C010,348.058
S01280,C011,451.272
S01280,C012,507.709
S01280,C013,578.694
S01280,C014,602.686
S01280,C015,769.639
S01280,C016,433.226
S01280,C017,488.752
S01280,C018,612.411
S01280,C019,657.677
S01280,C020,412.497
S01281,C001,701.642
S01281,C002,574.086
S01281,C003,468.56
S01281,C004,392.314
S01281,C005,297.514
S01281,C006,854.796
S01281,C007,702.663
S01281,C008,759.519
S01281,C009,624.398
S01281,C010,565.664
S01281,C011,395.095
S01281,C012,293.674
S01281,C013,213.876
S01281,C014,198.546
S01281,C015,147.329
S01281,C016,918.354
S01281,C017,806.18
S01281,C018,839.55
S01281,C019,791.919
S01281,C020,526.247
S01282,C001,580.463
S01282,C002,444.554
S01282,C003,409.385
S01282,C004,330.547
S01282,C005,313.645
S01282,C006,591.113
S01282,C007,439.549
S01282,C008,499.227
S01282,C009,389.087
S01282,C010,363.626
S01282,C011,213.273
S01282,C012,105.149
S01282,C013,85.612
S01282,C014,77.612
S01282,C015,254.223
S01282,C016,678.076
S01282,C017,587.368
S01282,C018,647.463
S01282,C019,620.741
S01282,C020,296.185
S01283,C001,236.628
S01283,C002,103.059
S01283,C003,110.681
S01283,C004,106.465
S01283,C005,219.672
S01283,C006,620.289
S01283,C007,542.711
S01283,C008,620.653
S01283,C009,624.364
S01283,C010,653.234
S01283,C011,544.148
S01283,C012,452.219
S01283,C013,423.439
S01283,C014,333.759
S01283,C015,340.768
S01283,C016,537.642
S01283,C017,390.018
S01283,C018,384.958
S01283,C019,325.035
S01283,C020,228.879
S01284,C001,597.399
S01284,C002,470.852
S01284,C003,364.386
S01284,C004,287.793
S01284,C005,196.031
S01284,C006,798.778
S01284,C007,656.497
S01284,C008,720.015
S01284,C009,609.832
S01284,C010,569.611
S01284,C011,402.682
S01284,C012,289.273
S01284,C013,209.252
S01284,C014,146.562
S01284,C015,51.769
S01284,C016,835.68
S01284,C017,715.692
S01284,C018,742.011
S01284,C019,691.281
S01284,C020,444.914
S01285,C001,194.425
S01285,C002,259.114
S01285,C003,408.343
S01285,C004,452.125
S01285,C005,567.768
S01285,C006,557.174
S01285,C007,581.033
S01285,C008,647.875
S01285,C009,755.033
S01285,C010,829.849
S01285,C011,782.34
S01285,C012,724.673
S01285,C013,724.847
S01285,C014,652.96
S01285,C015,691.989
S01285,C016,316.81
S01285,C017,175.491
S01285,C018,62.264
S01285,C019,29.444
S01285,C020,365.433
S01286,C001,665.328
S01286,C002,529.294
S01286,C003,486.185
S01286,C004,405.508
S01286,C005,371.808
S01286,C006,634.083
S01286,C007,473.573
S01286,C008,524.094
S01286,C009,382.498
S01286,C010,332.079
S01286,C011,164.74
S01286,C012,52.41
S01286,C013,29.363
S01286,C014,119.284
S01286,C015,280.654
S01286,C016,747.863
S01286,C017,665.634
S01286,C018,730.334
S01286,C019,705.591
S01286,C020,374.971
S01287,C001,697.367
S01287,C002,564.897
S01287,C003,553.802
S01287,C004,478.205
S01287,C005,468.565
S01287,C006,539.091
S01287,C007,372.696
S01287,C008,413.805
S01287,C009,258.469
S01287,C010,211.591
S01287,C011,63.877
S01287,C012,72.471
S01287,C013,153.93
S01287,C014,224.221
S01287,C015,398.154
S01287,C016,693.245
S01287,C017,635.563
S01287,C018,718.252
S01287,C019,708.379
S01287,C020,358.496
S01288,C001,729.055
S01288,C002,594.879
S01288,C003,571.879
S01288,C004,493.675
S01288,C005,472.057
S01288,C006,588.905
S01288,C007,421.95
S01288,C008,460.364
S01288,C009,294.122
S01288,C010,229.541
S01288,C011,59.543
S01288,C012,59.567
S01288,C013,134.169
S01288,C014,220.692
S01288,C015,386.471
S01288,C016,743.126
S01288,C017,682.138
S01288,C018,761.621
S01288,C019,748.323
S01288,C020,401.044
S01289,C001,417.211
S01289,C002,303.342
S01289,C003,174.15
S01289,C004,109.305
S01289,C005,10.167
S01289,C006,771.173
S01289,C007,658.248
S01289,C008,731.915
S01289,C009,674.801
S01289,C010,666.617
S01289,C011,518.313
S01289,C012,405.297
S01289,C013,343.04
S01289,C014,245.959
S01289,C015,151.1
S01289,C016,738.109
S01289,C017,597.508
S01289,C018,596.828
S01289,C019,533.427
S01289,C020,376.5
S01290,C001,18.805
S01290,C002,138.549
S01290,C003,258.12
S01290,C004,320.33
S01290,C005,431.837
S01290,C006,665.749
S01290,C007,647.799
S01290,C008,722.515
S01290,C009,786.13
S01290,C010,839.949
S01290,C011,757.9
S01290,C012,678.517
S01290,C013,659.257
S01290,C014,573.089
S01290,C015,571.315
S01290,C016,472.323
S01290,C017,314.967
S01290,C018,234.232
S01290,C019,147.673
S01290,C020,364.392
S01291,C001,592.993
S01291,C002,460.009
S01291,C003,378.299
S01291,C004,296.732
S01291,C005,232.844
S01291,C006,723.351
S01291,C007,576.577
S01291,C008,638.082
S01291,C009,524.212
S01291,C010,485.504
S01291,C011,320.348
S01291,C012,205.666
S01291,C013,128.078
S01291,C014,64.418
S01291,C015,124.862
S01291,C016,780.509
S01291,C017,670.782
S01291,C018,710.075
S01291,C019,667.84
S01291,C020,388.508
S01292,C001,520.206
S01292,C002,387.542
S01292,C003,307.57
S01292,C004,225.635
S01292,C005,175.436
S01292,C006,693.97
S01292,C007,556.946
S01292,C008,623.703
S01292,C009,532.539
S01292,C010,509.338
S01292,C011,353.372
S01292,C012,238.657
S01292,C013,173.96
S01292,C014,77.439
S01292,C015,118.472
S01292,C016,727.205
S01292,C017,610.176
S01292,C018,643.159
S01292,C019,598.054
S01292,C020,335.956
S01293,C001,605.188
S01293,C002,469.096
S01293,C003,419.607
S01293,C004,338.605
S01293,C005,305.598
S01293,C006,636.124
S01293,C007,482.947
S01293,C008,540.817
S01293,C009,420.559
S01293,C010,384.273
S01293,C011,223.488
S01293,C012,108.18
S01293,C013,52.532
S01293,C014,53.432
S01293,C015,225.707
S01293,C016,722.662
S01293,C017,628.894
S01293,C018,684.98
S01293,C019,654.622
S01293,C020,338.153
S01294,C001,696.489
S01294,C002,594.745
S01294,C003,660.707
S01294,C004,610.195
S01294,C005,656.173
S01294,C006,242.157
S01294,C007,78.899
S01294,C008,102.731
S01294,C009,136.28
S01294,C010,245.581
S01294,C011,323.179
S01294,C012,375.624
S01294,C013,447.128
S01294,C014,475.422
S01294,C015,645.926
S01294,C016,475.974
S01294,C017,488.395
S01294,C018,604.46
S01294,C019,633.249
S01294,C020,333.708
S01295,C001,720.145
S01295,C002,585.861
S01295,C003,562.401
S01295,C004,484.182
S01295,C005,462.813
S01295,C006,587.524
S01295,C007,420.993
S01295,C008,460.862
S01295,C009,297.779
S01295,C010,236.142
S01295,C011,67.105
S01295,C012,50.306
S01295,C013,126.332
S01295,C014,211.655
S01295,C015,378.253
S01295,C016,738.278
S01295,C017,675.709
S01295,C018,754.313
S01295,C019,740.37
S01295,C020,393.684
S01296,C001,748.667
S01296,C002,639.969
S01296,C003,692.516
S01296,C004,635.63
S01296,C005,669.799
S01296,C006,307.166
S01296,C007,150.55
S01296,C008,151.156
S01296,C009,63.691
S01296,C010,175.952
S01296,C011,276.885
S01296,C012,347.782
S01296,C013,425.011
S01296,C014,467.71
S01296,C015,643.006
S01296,C016,548.611
S01296,C017,557.075
S01296,C018,670.908
S01296,C019,695.415
S01296,C020,379.178
S01297,C001,697.293
S01297,C002,563.464
S01297,C003,544.207
S01297,C004,466.944
S01297,C005,450.747
S01297,C006,566.531
S01297,C007,400.851
S01297,C008,443.423
S01297,C009,288.317
S01297,C010,236.435
S01297,C011,75.145
S01297,C012,44.117
S01297,C013,125.785
S01297,C014,202.372
S01297,C015,373.64
S01297,C016,713.111
S01297,C017,649.937
S01297,C018,728.767
S01297,C019,715.399
S01297,C020,368.165
S01298,C001,416.773
S01298,C002,289.482
S01298,C003,323.447
S01298,C004,270.481
S01298,C005,328.052
S01298,C006,456.064
S01298,C007,342.024
S01298,C008,417.462
S01298,C009,400.624
S01298,C010,433.878
S01298,C011,346.709
S01298,C012,281.554
S01298,C013,290.228
S01298,C014,241.144
S01298,C015,361.922
S01298,C016,482.951
S01298,C017,383.055
S01298,C018,445.232
S01298,C019,426.142
S01298,C020,92.611
S01299,C001,854.02
S01299,C002,725.924
S01299,C003,728.054
S01299,C004,654.131
S01299,C005,645.774
S01299,C006,547.327
S01299,C007,384.109
S01299,C008,391.575
S01299,C009,186.235
S01299,C010,74.921
S01299,C011,121.568
S01299,C012,237.082
S01299,C013,314.132
S01299,C014,397.995
S01299,C015,566.469
S01299,C016,765.054
S01299,C017,740.882
S01299,C018,839.534
S01299,C019,843.459
S01299,C020,493.465
S01300,C001,749.914
S01300,C002,694.601
S01300,C003,808.882
S01300,C004,783.959
S01300,C005,861.012
S01300,C006,79.709
S01300,C007,232.345
S01300,C008,204.381
S01300,C009,411.289
S01300,C010,527.393
S01300,C011,621.103
S01300,C012,663.676
S01300,C013,727.597
S01300,C014,735.182
S01300,C015,889.587
S01300,C016,331.799
S01300,C017,439.997
S01300,C018,562.277
S01300,C019,626.69
S01300,C020,478.256
S01301,C001,518.3
S01301,C002,392.911
S01301,C003,285.413
S01301,C004,208.4
S01301,C005,122.364
S01301,C006,763.167
S01301,C007,630.911
S01301,C008,699.117
S01301,C009,610.706
S01301,C010,585.299
S01301,C011,425.947
S01301,C012,310.465
S01301,C013,238.627
S01301,C014,149.944
S01301,C015,53.131
S01301,C016,776.478
S01301,C017,649.837
S01301,C018,669.373
S01301,C019,615.735
S01301,C020,390.655
S01302,C001,137.542
S01302,C002,232.895
S01302,C003,372.103
S01302,C004,426.009
S01302,C005,540.549
S01302,C006,620.686
S01302,C007,633.323
S01302,C008,702.904
S01302,C009,797.234
S01302,C010,865.364
S01302,C011,805.116
S01302,C012,738.699
S01302,C013,731.023
S01302,C014,652.601
S01302,C015,673.267
S01302,C016,387.574
S01302,C017,242.722
S01302,C018,132.896
S01302,C019,54.812
S01302,C020,391.467
S01303,C001,731.455
S01303,C002,601.571
S01303,C003,601.036
S01303,C004,527.509
S01303,C005,523.693
S01303,C006,511.058
S01303,C007,342.89
S01303,C008,375.358
S01303,C009,205.297
S01303,C010,153.603
S01303,C011,49.891
S01303,C012,129.434
S01303,C013,211.174
S01303,C014,281.966
S01303,C015,456.391
S01303,C016,688.126
S01303,C017,643.694
S01303,C018,733.906
S01303,C019,730.656
S01303,C020,378.913
S01304,C001,755.756
S01304,C002,652.193
S01304,C003,713.14
S01304,C004,659.574
S01304,C005,699.304
S01304,C006,271.728
S01304,C007,126.398
S01304,C008,111.211
S01304,C009,96.375
S01304,C010,212.362
S01304,C011,320.018
S01304,C012,389.198
S01304,C013,465.492
S01304,C014,504.58
S01304,C015,678.699
S01304,C016,526.309
S01304,C017,546.384
S01304,C018,663.489
S01304,C019,693.209
S01304,C020,390.819
S01305,C001,76.432
S01305,C002,61.719
S01305,C003,179.847
S01305,C004,238.168
S01305,C005,350.667
S01305,C006,654.634
S01305,C007,616.223
S01305,C008,693.033
S01305,C009,736.91
S01305,C010,782.336
S01305,C011,690.081
S01305,C012,605.572
S01305,C013,582.062
S01305,C014,493.814
S01305,C015,488.91
S01305,C016,496.124
S01305,C017,336.649
S01305,C018,282.805
S01305,C019,203.183
S01305,C020,315.164
S01306,C001,95.519
S01306,C002,52.089
S01306,C003,157.637
S01306,C004,216.867
S01306,C005,328.843
S01306,C006,661.739
S01306,C007,617.753
S01306,C008,694.988
S01306,C009,732.551
S01306,C010,774.933
S01306,C011,678.759
S01306,C012,592.023
S01306,C013,566.298
S01306,C014,476.841
S01306,C015,467.91
S01306,C016,511.612
S01306,C017,352.454
S01306,C018,303.09
S01306,C019,224.57
S01306,C020,312.5
S01307,C001,528.579
S01307,C002,400.138
S01307,C003,301.649
S01307,C004,222.155
S01307,C005,146.907
S01307,C006,743.654
S01307,C007,608.287
S01307,C008,675.387
S01307,C009,582.845
S01307,C010,555.988
S01307,C011,396.284
S01307,C012,280.795
S01307,C013,209.191
S01307,C014,120.478
S01307,C015,67.679
S01307,C016,767.0
S01307,C017,644.408
S01307,C018,669.456
S01307,C019,619.039
S01307,C020,378.121
S01308,C001,675.578
S01308,C002,605.113
S01308,C003,708.581
S01308,C004,677.656
S01308,C005,749.374
S01308,C006,50.318
S01308,C007,118.339
S01308,C008,118.504
S01308,C009,318.678
S01308,C010,433.412
S01308,C011,510.604
S01308,C012,547.157
S01308,C013,609.706
S01308,C014,616.809
S01308,C015,772.605
S01308,C016,326.98
S01308,C017,393.73
S01308,C018,518.421
S01308,C019,570.643
S01308,C020,372.088
S01309,C001,724.535
S01309,C002,666.61
S01309,C003,779.418
S01309,C004,753.791
S01309,C005,830.424
S01309,C006,49.221
S01309,C007,205.003
S01309,C008,183.739
S01309,C009,391.068
S01309,C010,507.144
S01309,C011,595.649
S01309,C012,635.67
S01309,C013,698.725
S01309,C014,705.164
S01309,C015,859.058
S01309,C016,319.211
S01309,C017,419.139
S01309,C018,542.449
S01309,C019,604.565
S01309,C020,447.985
S01310,C001,34.102
S01310,C002,130.877
S01310,C003,221.41
S01310,C004,290.975
S01310,C005,398.083
S01310,C006,704.212
S01310,C007,676.261
S01310,C008,752.246
S01310,C009,803.652
S01310,C010,851.017
S01310,C011,759.392
S01310,C012,674.064
S01310,C013,648.647
S01310,C014,558.773
S01310,C015,541.954
S01310,C016,521.711
S01310,C017,363.275
S01310,C018,286.686
S01310,C019,200.269
S01310,C020,381.154
S01311,C001,544.095
S01311,C002,411.647
S01311,C003,329.218
S01311,C004,247.511
S01311,C005,189.691
S01311,C006,707.573
S01311,C007,567.356
S01311,C008,632.554
S01311,C009,533.849
S01311,C010,505.383
S01311,C011,345.803
S01311,C012,230.367
S01311,C013,160.605
S01311,C014,69.828
S01311,C015,110.508
S01311,C016,747.725
S01311,C017,632.503
S01311,C018,666.853
S01311,C019,622.178
S01311,C020,355.91
S01312,C001,926.486
S01312,C002,806.347
S01312,C003,829.797
S01312,C004,761.068
S01312,C005,766.419
S01312,C006,501.738
S01312,C007,358.927
S01312,C008,337.676
S01312,C009,147.979
S01312,C010,91.36
S01312,C011,256.304
S01312,C012,369.183
S01312,C013,449.268
S01312,C014,526.151
S01312,C015,699.273
S01312,C016,758.631
S01312,C017,764.167
S01312,C018,874.469
S01312,C019,891.949
S01312,C020,555.242
S01313,C001,450.993
S01313,C002,328.178
S01313,C003,370.46
S01313,C004,318.125
S01313,C005,372.851
S01313,C006,416.016
S01313,C007,295.807
S01313,C008,370.631
S01313,C009,355.936
S01313,C010,395.508
S01313,C011,322.689
S01313,C012,272.164
S01313,C013,294.268
S01313,C014,260.422
S01313,C015,396.568
S01313,C016,467.211
S01313,C017,381.582
S01313,C018,455.7
S01313,C019,445.385
S01313,C020,95.134
S01314,C001,292.382
S01314,C002,315.258
S01314,C003,467.893
S01314,C004,494.689
S01314,C005,607.988
S01314,C006,447.109
S01314,C007,488.495
S01314,C008,550.102
S01314,C009,676.967
S01314,C010,761.881
S01314,C011,736.061
S01314,C012,693.97
S01314,C013,707.151
S01314,C014,647.688
S01314,C015,715.637
S01314,C016,201.986
S01314,C017,64.943
S01314,C018,60.434
S01314,C019,134.513
S01314,C020,328.205
S01315,C001,405.391
S01315,C002,305.9
S01315,C003,159.586
S01315,C004,122.379
S01315,C005,53.261
S01315,C006,816.194
S01315,C007,709.625
S01315,C008,784.351
S01315,C009,733.588
S01315,C010,727.113
S01315,C011,578.97
S01315,C012,465.742
S01315,C013,402.213
S01315,C014,305.828
S01315,C015,191.498
S01315,C016,764.571
S01315,C017,618.21
S01315,C018,605.385
S01315,C019,535.98
S01315,C020,418.335
S01316,C001,702.583
S01316,C002,568.166
S01316,C003,544.393
S01316,C004,466.256
S01316,C005,445.939
S01316,C006,583.107
S01316,C007,417.536
S01316,C008,460.109
S01316,C009,303.369
S01316,C010,247.613
S01316,C011,81.46
S01316,C012,34.066
S01316,C013,113.718
S01316,C014,195.493
S01316,C015,364.099
S01316,C016,727.428
S01316,C017,662.101
S01316,C018,739.202
S01316,C019,724.215
S01316,C020,378.584
S01317,C001,487.177
S01317,C002,464.411
S01317,C003,603.581
S01317,C004,603.631
S01317,C005,703.896
S01317,C006,241.594
S01317,C007,329.75
S01317,C008,373.137
S01317,C009,540.704
S01317,C010,643.634
S01317,C011,665.122
S01317,C012,657.378
S01317,C013,694.801
S01317,C014,663.112
S01317,C015,777.106
S01317,C016,72.296
S01317,C017,158.13
S01317,C018,275.877
S01317,C019,346.446
S01317,C020,335.283
S01318,C001,770.876
S01318,C002,657.293
S01318,C003,699.817
S01318,C004,638.848
S01318,C005,664.807
S01318,C006,355.109
S01318,C007,197.259
S01318,C008,197.874
S01318,C009,23.621
S01318,C010,128.045
S01318,C011,238.691
S01318,C012,319.78
S01318,C013,399.434
S01318,C014,450.674
S01318,C015,627.444
S01318,C016,593.017
S01318,C017,594.771
S01318,C018,705.932
S01318,C019,726.248
S01318,C020,399.082
S01319,C001,780.866
S01319,C002,685.173
S01319,C003,757.0
S01319,C004,707.879
S01319,C005,754.206
S01319,C006,229.723
S01319,C007,123.676
S01319,C008,67.427
S01319,C009,154.345
S01319,C010,269.006
S01319,C011,386.925
S01319,C012,456.255
S01319,C013,531.912
S01319,C014,567.876
S01319,C015,740.535
S01319,C016,506.376
S01319,C017,546.134
S01319,C018,667.311
S01319,C019,704.927
S01319,C020,425.855
S01320,C001,756.86
S01320,C002,625.365
S01320,C003,616.799
S01320,C004,541.189
S01320,C005,529.432
S01320,C006,547.684
S01320,C007,379.439
S01320,C008,409.43
S01320,C009,230.714
S01320,C010,160.991
S01320,C011,13.189
S01320,C012,121.634
S01320,C013,201.15
S01320,C014,281.699
S01320,C015,451.946
S01320,C016,725.516
S01320,C017,678.931
S01320,C018,767.188
S01320,C019,761.636
S01320,C020,410.133
S01321,C001,683.163
S01321,C002,585.391
S01321,C003,657.69
S01321,C004,610.25
S01321,C005,661.118
S01321,C006,213.54
S01321,C007,49.325
S01321,C008,84.834
S01321,C009,165.147
S01321,C010,275.195
S01321,C011,349.341
S01321,C012,396.71
S01321,C013,466.057
S01321,C014,489.367
S01321,C015,657.398
S01321,C016,447.792
S01321,C017,464.887
S01321,C018,582.511
S01321,C019,614.166
S01321,C020,325.779
S01322,C001,192.821
S01322,C002,103.444
S01322,C003,54.474
S01322,C004,123.0
S01322,C005,228.853
S01322,C006,704.303
S01322,C007,636.448
S01322,C008,714.499
S01322,C009,722.396
S01322,C010,749.662
S01322,C011,635.087
S01322,C012,537.964
S01322,C013,500.694
S01322,C014,405.806
S01322,C015,372.813
S01322,C016,590.083
S01322,C017,434.085
S01322,C018,400.422
S01322,C019,325.609
S01322,C020,322.039
S01323,C001,648.722
S01323,C002,512.639
S01323,C003,468.141
S01323,C004,387.403
S01323,C005,354.046
S01323,C006,633.313
S01323,C007,474.564
S01323,C008,527.203
S01323,C009,391.452
S01323,C010,345.213
S01323,C011,179.641
S01323,C012,64.915
S01323,C013,22.49
S01323,C014,101.454
S01323,C015,265.631
S01323,C016,739.992
S01323,C017,654.753
S01323,C018,717.332
S01323,C019,691.194
S01323,C020,363.694
S01324,C001,664.675
S01324,C002,592.935
S01324,C003,695.57
S01324,C004,664.319
S01324,C005,735.865
S01324,C006,59.896
S01324,C007,108.57
S01324,C008,116.894
S01324,C009,312.965
S01324,C010,427.049
S01324,C011,500.725
S01324,C012,535.568
S01324,C013,597.523
S01324,C014,603.841
S01324,C015,759.266
S01324,C016,324.671
S01324,C017,386.273
S01324,C018,510.825
S01324,C019,561.659
S01324,C020,358.834
S01325,C001,856.989
S01325,C002,737.598
S01325,C003,764.675
S01325,C004,697.588
S01325,C005,708.296
S01325,C006,450.928
S01325,C007,299.396
S01325,C008,288.499
S01325,C009,85.231
S01325,C010,49.528
S01325,C011,216.734
S01325,C012,322.802
S01325,C013,404.376
S01325,C014,474.115
S01325,C015,649.714
S01325,C016,696.817
S01325,C017,696.759
S01325,C018,805.871
S01325,C019,822.382
S01325,C020,485.551
S01326,C001,847.389
S01326,C002,722.698
S01326,C003,736.001
S01326,C004,664.975
S01326,C005,665.589
S01326,C006,501.015
S01326,C007,340.859
S01326,C008,342.683
S01326,C009,135.704
S01326,C010,21.614
S01326,C011,154.102
S01326,C012,266.191
S01326,C013,346.476
S01326,C014,423.444
S01326,C015,596.263
S01326,C016,729.274
S01326,C017,714.369
S01326,C018,817.501
S01326,C019,826.61
S01326,C020,480.557
S01327,C001,710.693
S01327,C002,579.912
S01327,C003,576.44
S01327,C004,502.431
S01327,C005,497.778
S01327,C006,516.094
S01327,C007,348.554
S01327,C008,385.766
S01327,C009,224.827
S01327,C010,179.232
S01327,C011,55.442
S01327,C012,106.555
S01327,C013,188.074
S01327,C014,256.407
S01327,C015,431.29
S01327,C016,682.53
S01327,C017,632.45
S01327,C018,719.755
S01327,C019,714.003
S01327,C020,362.488
S01328,C001,736.849
S01328,C002,631.113
S01328,C003,689.186
S01328,C004,634.692
S01328,C005,673.292
S01328,C006,280.811
S01328,C007,125.037
S01328,C008,126.073
S01328,C009,89.283
S01328,C010,202.343
S01328,C011,298.732
S01328,C012,364.44
S01328,C013,440.12
S01328,C014,478.243
S01328,C015,652.264
S01328,C016,524.157
S01328,C017,536.566
S01328,C018,651.832
S01328,C019,678.733
S01328,C020,369.751
S01329,C001,459.149
S01329,C002,358.409
S01329,C003,213.341
S01329,C004,170.291
S01329,C005,67.108
S01329,C006,848.411
S01329,C007,734.376
S01329,C008,807.52
S01329,C009,743.469
S01329,C010,728.559
S01329,C011,573.915
S01329,C012,458.927
S01329,C013,389.537
S01329,C014,297.385
S01329,C015,156.923
S01329,C016,810.059
S01329,C017,666.173
S01329,C018,657.162
S01329,C019,588.851
S01329,C020,453.406
S01330,C001,691.109
S01330,C002,555.882
S01330,C003,486.957
S01330,C004,404.946
S01330,C005,345.386
S01330,C006,725.602
S01330,C007,566.742
S01330,C008,618.268
S01330,C009,473.537
S01330,C010,413.864
S01330,C011,243.297
S01330,C012,143.464
S01330,C013,69.862
S01330,C014,121.555
S01330,C015,224.515
S01330,C016,824.282
S01330,C017,730.923
S01330,C018,784.636
S01330,C019,751.054
S01330,C020,440.36
S01331,C001,435.803
S01331,C002,335.377
S01331,C003,419.586
S01331,C004,385.302
S01331,C005,460.467
S01331,C006,321.21
S01331,C007,235.131
S01331,C008,313.141
S01331,C009,363.16
S01331,C010,432.117
S01331,C011,399.959
S01331,C012,371.512
S01331,C013,403.315
S01331,C014,373.248
S01331,C015,502.998
S01331,C016,356.838
S01331,C017,287.936
S01331,C018,380.502
S01331,C019,389.342
S01331,C020,80.735
S01332,C001,101.818
S01332,C002,34.54
S01332,C003,174.023
S01332,C004,223.629
S01332,C005,338.184
S01332,C006,629.687
S01332,C007,587.636
S01332,C008,664.662
S01332,C009,706.641
S01332,C010,752.067
S01332,C011,660.849
S01332,C012,577.594
S01332,C013,555.928
S01332,C014,469.109
S01332,C015,472.258
S01332,C016,481.436
S01332,C017,322.672
S01332,C018,279.813
S01332,C019,205.297
S01332,C020,285.09
S01333,C001,159.759
S01333,C002,239.892
S01333,C003,384.716
S01333,C004,433.934
S01333,C005,549.246
S01333,C006,591.348
S01333,C007,608.091
S01333,C008,676.677
S01333,C009,776.071
S01333,C010,846.959
S01333,C011,791.967
S01333,C012,729.21
S01333,C013,724.923
S01333,C014,649.268
S01333,C015,678.224
S01333,C016,356.213
S01333,C017,212.006
S01333,C018,101.921
S01333,C019,26.851
S01333,C020,376.218
S01334,C001,602.905
S01334,C002,471.876
S01334,C003,380.457
S01334,C004,300.153
S01334,C005,224.605
S01334,C006,755.713
S01334,C007,609.58
S01334,C008,671.224
S01334,C009,556.1
S01334,C010,514.804
S01334,C011,348.025
S01334,C012,234.466
S01334,C013,154.639
S01334,C014,97.354
S01334,C015,99.902
S01334,C016,807.822
S01334,C017,694.861
S01334,C018,729.951
S01334,C019,684.74
S01334,C020,415.674
S01335,C001,576.61
S01335,C002,556.21
S01335,C003,694.49
S01335,C004,692.157
S01335,C005,789.997
S01335,C006,209.305
S01335,C007,339.517
S01335,C008,364.607
S01335,C009,553.51
S01335,C010,663.369
S01335,C011,706.508
S01335,C012,711.955
S01335,C013,756.508
S01335,C014,733.305
S01335,C015,856.513
S01335,C016,103.495
S01335,C017,244.519
S01335,C018,354.161
S01335,C019,430.46
S01335,C020,413.604
S01336,C001,735.833
S01336,C002,671.838
S01336,C003,779.396
S01336,C004,750.153
S01336,C005,822.821
S01336,C006,55.762
S01336,C007,180.622
S01336,C008,150.834
S01336,C009,358.025
S01336,C010,474.153
S01336,C011,567.614
S01336,C012,612.053
S01336,C013,677.262
S01336,C014,687.978
S01336,C015,845.412
S01336,C016,347.598
S01336,C017,438.608
S01336,C018,562.845
S01336,C019,621.673
S01336,C020,444.289
S01337,C001,722.712
S01337,C002,624.22
S01337,C003,694.003
S01337,C004,644.767
S01337,C005,692.078
S01337,C006,225.602
S01337,C007,78.401
S01337,C008,72.353
S01337,C009,142.586
S01337,C010,257.295
S01337,C011,350.255
S01337,C012,408.33
S01337,C013,481.116
S01337,C014,511.244
S01337,C015,682.106
S01337,C016,477.67
S01337,C017,501.671
S01337,C018,620.286
S01337,C019,653.173
S01337,C020,364.057
S01338,C001,463.275
S01338,C002,359.983
S01338,C003,217.059
S01338,C004,169.798
S01338,C005,61.518
S01338,C006,841.905
S01338,C007,726.399
S01338,C008,799.231
S01338,C009,733.293
S01338,C010,717.548
S01338,C011,562.476
S01338,C012,447.423
S01338,C013,377.79
S01338,C014,285.887
S01338,C015,145.464
S01338,C016,807.465
S01338,C017,664.697
S01338,C018,657.92
S01338,C019,590.647
S01338,C020,447.862
S01339,C001,649.315
S01339,C002,514.347
S01339,C003,444.29
S01339,C004,362.27
S01339,C005,304.831
S01339,C006,711.316
S01339,C007,556.351
S01339,C008,611.92
S01339,C009,479.343
S01339,C010,429.112
S01339,C011,260.082
S01339,C012,150.182
S01339,C013,68.463
S01339,C014,81.394
S01339,C015,191.416
S01339,C016,796.298
S01339,C017,697.943
S01339,C018,747.895
S01339,C019,712.202
S01339,C020,408.736
S01340,C001,628.436
S01340,C002,494.573
S01340,C003,478.45
S01340,C004,402.602
S01340,C005,395.295
S01340,C006,542.193
S01340,C007,382.259
S01340,C008,434.887
S01340,C009,308.547
S01340,C010,280.478
S01340,C011,138.34
S01340,C012,62.112
S01340,C013,114.899
S01340,C014,158.507
S01340,C015,335.456
S01340,C016,663.933
S01340,C017,591.36
S01340,C018,665.425
S01340,C019,649.178
S01340,C020,305.114
S01341,C001,146.84
S01341,C002,231.707
S01341,C003,374.741
S01341,C004,425.617
S01341,C005,540.703
S01341,C006,601.598
S01341,C007,615.411
S01341,C008,684.648
S01341,C009,780.987
S01341,C010,850.377
S01341,C011,792.709
S01341,C012,728.202
S01341,C013,722.378
S01341,C014,645.499
S01341,C015,671.106
S01341,C016,369.246
S01341,C017,223.606
S01341,C018,115.502
S01341,C019,35.687
S01341,C020,377.872
S01342,C001,152.338
S01342,C002,36.05
S01342,C003,179.534
S01342,C004,208.756
S01342,C005,324.16
S01342,C006,583.564
S01342,C007,534.678
S01342,C008,612.048
S01342,C009,650.916
S01342,C010,696.767
S01342,C011,608.311
S01342,C012,528.119
S01342,C013,510.73
S01342,C014,427.458
S01342,C015,447.91
S01342,C016,455.991
S01342,C017,300.716
S01342,C018,280.172
S01342,C019,217.791
S01342,C020,229.643
S01343,C001,75.048
S01343,C002,195.743
S01343,C003,320.005
S01343,C004,381.684
S01343,C005,493.642
S01343,C006,666.643
S01343,C007,664.266
S01343,C008,736.745
S01343,C009,815.134
S01343,C010,875.403
S01343,C011,802.13
S01343,C012,727.479
S01343,C013,712.252
S01343,C014,628.409
S01343,C015,632.344
S01343,C016,449.528
S01343,C017,298.21
S01343,C018,198.811
S01343,C019,113.319
S01343,C020,398.038
S01344,C001,540.471
S01344,C002,412.125
S01344,C003,312.85
S01344,C004,233.66
S01344,C005,155.623
S01344,C006,750.687
S01344,C007,613.825
S01344,C008,680.247
S01344,C009,584.31
S01344,C010,555.08
S01344,C011,393.907
S01344,C012,278.397
S01344,C013,204.987
S01344,C014,119.706
S01344,C015,61.641
S01344,C016,777.218
S01344,C017,655.426
S01344,C018,681.157
S01344,C019,630.957
S01344,C020,387.743
S01345,C001,617.808
S01345,C002,487.476
S01345,C003,490.65
S01345,C004,419.674
S01345,C005,428.183
S01345,C006,481.005
S01345,C007,320.612
S01345,C008,373.956
S01345,C009,259.764
S01345,C010,251.379
S01345,C011,145.269
S01345,C012,116.168
S01345,C013,176.491
S01345,C014,208.861
S01345,C015,384.956
S01345,C016,613.008
S01345,C017,550.156
S01345,C018,632.061
S01345,C019,623.057
S01345,C020,272.516
S01346,C001,773.08
S01346,C002,654.081
S01346,C003,684.747
S01346,C004,619.659
S01346,C005,636.885
S01346,C006,404.239
S01346,C007,241.475
S01346,C008,250.457
S01346,C009,58.3
S01346,C010,86.668
S01346,C011,185.575
S01346,C012,273.224
S01346,C013,354.188
S01346,C014,412.533
S01346,C015,589.57
S01346,C016,629.362
S01346,C017,619.296
S01346,C018,725.86
S01346,C019,740.06
S01346,C020,401.667
S01347,C001,776.05
S01347,C002,640.073
S01347,C003,594.819
S01347,C004,513.512
S01347,C005,470.145
S01347,C006,684.721
S01347,C007,517.861
S01347,C008,555.41
S01347,C009,381.559
S01347,C010,301.032
S01347,C011,138.206
S01347,C012,107.847
S01347,C013,124.334
S01347,C014,222.567
S01347,C015,358.949
S01347,C016,831.057
S01347,C017,761.053
S01347,C018,832.735
S01347,C019,812.05
S01347,C020,473.538
S01348,C001,101.633
S01348,C002,49.39
S01348,C003,151.549
S01348,C004,210.6
S01348,C005,322.569
S01348,C006,662.43
S01348,C007,616.851
S01348,C008,694.19
S01348,C009,730.02
S01348,C010,771.603
S01348,C011,674.462
S01348,C012,587.207
S01348,C013,560.985
S01348,C014,471.279
S01348,C015,461.664
S01348,C016,514.93
S01348,C017,355.925
S01348,C018,308.149
S01348,C019,230.114
S01348,C020,310.576
S01349,C001,515.661
S01349,C002,397.184
S01349,C003,274.067
S01349,C004,204.84
S01349,C005,98.236
S01349,C006,806.252
S01349,C007,677.829
S01349,C008,747.168
S01349,C009,662.362
S01349,C010,637.16
S01349,C011,477.059
S01349,C012,361.54
S01349,C013,288.073
S01349,C014,201.659
S01349,C015,53.29
S01349,C016,805.687
S01349,C017,673.28
S01349,C018,683.861
S01349,C019,625.029
S01349,C020,425.884
S01350,C001,777.206
S01350,C002,676.129
S01350,C003,740.25
S01350,C004,687.749
S01350,C005,728.796
S01350,C006,263.364
S01350,C007,133.584
S01350,C008,99.41
S01350,C009,112.474
S01350,C010,227.762
S01350,C011,345.595
S01350,C012,417.917
S01350,C013,494.741
S01350,C014,534.648
S01350,C015,708.822
S01350,C016,529.466
S01350,C017,558.063
S01350,C018,676.983
S01350,C019,709.798
S01350,C020,415.05
S01351,C001,484.123
S01351,C002,469.855
S01351,C003,612.292
S01351,C004,616.127
S01351,C005,718.651
S01351,C006,265.929
S01351,C007,359.487
S01351,C008,401.639
S01351,C009,570.692
S01351,C010,673.662
S01351,C011,693.968
S01351,C012,684.377
S01351,C013,720.253
S01351,C014,686.193
S01351,C015,796.174
S01351,C016,42.546
S01351,C017,151.486
S01351,C018,262.4
S01351,C019,337.355
S01351,C020,356.121
S01352,C001,426.38
S01352,C002,318.751
S01352,C003,393.773
S01352,C004,355.913
S01352,C005,428.272
S01352,C006,353.05
S01352,C007,258.122
S01352,C008,336.066
S01352,C009,368.317
S01352,C010,429.149
S01352,C011,384.014
S01352,C012,347.65
S01352,C013,375.18
S01352,C014,341.474
S01352,C015,469.501
S01352,C016,385.465
S01352,C017,306.711
S01352,C018,391.524
S01352,C019,393.05
S01352,C020,57.646
S01353,C001,172.687
S01353,C002,257.03
S01353,C003,401.08
S01353,C004,451.057
S01353,C005,566.302
S01353,C006,596.53
S01353,C007,617.655
S01353,C008,685.362
S01353,C009,788.222
S01353,C010,860.438
S01353,C011,807.356
S01353,C012,745.524
S01353,C013,741.831
S01353,C014,666.509
S01353,C015,695.622
S01353,C016,354.649
S01353,C017,215.059
S01353,C018,98.761
S01353,C019,39.507
S01353,C020,391.172
S01354,C001,150.065
S01354,C002,253.743
S01354,C003,389.848
S01354,C004,445.97
S01354,C005,560.018
S01354,C006,637.134
S01354,C007,653.778
S01354,C008,722.659
S01354,C009,819.703
S01354,C010,888.643
S01354,C011,829.105
S01354,C012,762.695
S01354,C013,754.725
S01354,C014,675.881
S01354,C015,694.204
S01354,C016,396.666
S01354,C017,256.645
S01354,C018,140.716
S01354,C019,72.712
S01354,C020,415.227
S01355,C001,349.269
S01355,C002,222.843
S01355,C003,133.084
S01355,C004,51.949
S01355,C005,106.926
S01355,C006,680.808
S01355,C007,576.632
S01355,C008,652.21
S01355,C009,615.619
S01355,C010,622.334
S01355,C011,489.241
S01355,C012,383.789
S01355,C013,337.559
S01355,C014,240.436
S01355,C015,217.975
S01355,C016,640.53
S01355,C017,501.096
S01355,C018,506.389
S01355,C019,448.053
S01355,C020,283.181
S01356,C001,818.899
S01356,C002,706.373
S01356,C003,749.436
S01356,C004,688.105
S01356,C005,712.289
S01356,C006,369.154
S01356,C007,223.025
S01356,C008,206.074
S01356,C009,28.21
S01356,C010,123.179
S01356,C011,264.786
S01356,C012,356.015
S01356,C013,436.98
S01356,C014,493.591
S01356,C015,670.644
S01356,C016,622.933
S01356,C017,633.933
S01356,C018,747.445
S01356,C019,770.61
S01356,C020,447.482
S01357,C001,838.965
S01357,C002,707.286
S01357,C003,695.199
S01357,C004,618.293
S01357,C005,599.333
S01357,C006,594.098
S01357,C007,427.269
S01357,C008,444.561
S01357,C009,245.614
S01357,C010,143.227
S01357,C011,79.146
S01357,C012,186.839
S01357,C013,257.267
S01357,C014,347.689
S01357,C015,509.542
S01357,C016,792.478
S01357,C017,754.308
S01357,C018,845.785
S01357,C019,842.347
S01357,C020,490.623
S01358,C001,84.75
S01358,C002,110.649
S01358,C003,169.636
S01358,C004,242.674
S01358,C005,346.759
S01358,C006,717.361
S01358,C007,676.714
S01358,C008,753.829
S01358,C009,791.225
S01358,C010,831.832
S01358,C011,731.581
S01358,C012,641.47
S01358,C013,611.171
S01358,C014,518.884
S01358,C015,492.378
S01358,C016,553.938
S01358,C017,394.413
S01358,C018,329.499
S01358,C019,245.034
S01358,C020,371.745
S01359,C001,707.691
S01359,C002,589.664
S01359,C003,625.133
S01359,C004,562.541
S01359,C005,586.92
S01359,C006,371.565
S01359,C007,203.685
S01359,C008,232.067
S01359,C009,97.836
S01359,C010,147.708
S01359,C011,191.156
S01359,C012,253.19
S01359,C013,330.12
S01359,C014,375.217
S01359,C015,551.482
S01359,C016,575.886
S01359,C017,557.61
S01359,C018,662.15
S01359,C019,674.85
S01359,C020,336.07
S01360,C001,462.465
S01360,C002,344.898
S01360,C003,398.101
S01360,C004,349.25
S01360,C005,407.346
S01360,C006,380.832
S01360,C007,262.076
S01360,C008,337.655
S01360,C009,335.803
S01360,C010,384.606
S01360,C011,327.334
S01360,C012,288.66
S01360,C013,318.359
S01360,C014,291.457
S01360,C015,431.347
S01360,C016,441.78
S01360,C017,365.603
S01360,C018,447.56
S01360,C019,444.014
S01360,C020,93.409
S01361,C001,415.986
S01361,C002,296.737
S01361,C003,351.993
S01361,C004,306.824
S01361,C005,372.823
S01361,C006,409.074
S01361,C007,302.817
S01361,C008,379.701
S01361,C009,384.123
S01361,C010,430.172
S01361,C011,362.007
S01361,C012,310.389
S01361,C013,328.622
S01361,C014,287.126
S01361,C015,411.23
S01361,C016,436.942
S01361,C017,344.768
S01361,C018,416.501
S01361,C019,406.096
S01361,C020,55.863
S01362,C001,852.277
S01362,C002,730.107
S01362,C003,750.315
S01362,C004,681.195
S01362,C005,686.887
S01362,C006,476.099
S01362,C007,319.683
S01362,C008,315.515
S01362,C009,108.425
S01362,C010,14.489
S01362,C011,184.853
S01362,C012,294.036
S01362,C013,375.154
S01362,C014,448.51
S01362,C015,622.921
S01362,C016,713.227
S01362,C017,705.62
S01362,C018,811.818
S01362,C019,824.605
S01362,C020,482.595
S01363,C001,91.268
S01363,C002,177.079
S01363,C003,316.696
S01363,C004,369.981
S01363,C005,484.52
S01363,C006,616.716
S01363,C007,614.507
S01363,C008,686.718
S01363,C009,768.018
S01363,C010,830.729
S01363,C011,762.63
S01363,C012,692.011
S01363,C013,681.102
S01363,C014,600.643
S01363,C015,617.544
S01363,C016,405.829
S01363,C017,251.582
S01363,C018,162.108
S01363,C019,75.186
S01363,C020,353.832
S01364,C001,813.539
S01364,C002,687.934
S01364,C003,699.51
S01364,C004,628.298
S01364,C005,629.147
S01364,C006,493.309
S01364,C007,329.283
S01364,C008,339.386
S01364,C009,137.528
S01364,C010,48.079
S01364,C011,123.257
S01364,C012,232.288
S01364,C013,313.264
S01364,C014,388.035
S01364,C015,561.693
S01364,C016,710.28
S01364,C017,688.877
S01364,C018,789.596
S01364,C019,796.304
S01364,C020,448.439
S01365,C001,185.031
S01365,C002,79.136
S01365,C003,73.838
S01365,C004,126.403
S01365,C005,238.429
S01365,C006,675.778
S01365,C007,609.32
S01365,C008,687.371
S01365,C009,699.106
S01365,C010,729.233
S01365,C011,618.783
S01365,C012,524.395
S01365,C013,490.877
S01365,C014,397.782
S01365,C015,377.682
S01365,C016,563.172
S01365,C017,407.945
S01365,C018,378.898
S01365,C019,306.791
S01365,C020,295.067
S01366,C001,363.67
S01366,C002,384.976
S01366,C003,536.987
S01366,C004,559.879
S01366,C005,671.72
S01366,C006,411.556
S01366,C007,476.761
S01366,C008,531.192
S01366,C009,676.498
S01366,C010,768.9
S01366,C011,758.886
S01366,C012,726.77
S01366,C013,746.883
S01366,C014,694.111
S01366,C015,773.336
S01366,C016,139.012
S01366,C017,74.299
S01366,C018,118.154
S01366,C019,202.278
S01366,C020,365.485
S01367,C001,701.833
S01367,C002,610.125
S01367,C003,689.823
S01367,C004,645.569
S01367,C005,700.494
S01367,C006,176.676
S01367,C007,42.196
S01367,C008,41.555
S01367,C009,191.994
S01367,C010,306.426
S01367,C011,392.063
S01367,C012,442.03
S01367,C013,511.531
S01367,C014,533.895
S01367,C015,700.814
S01367,C016,431.832
S01367,C017,464.515
S01367,C018,585.316
S01367,C019,622.969
S01367,C020,353.894
S01368,C001,693.312
S01368,C002,605.884
S01368,C003,691.129
S01368,C004,649.786
S01368,C005,708.768
S01368,C006,148.851
S01368,C007,40.43
S01368,C008,41.68
S01368,C009,219.895
S01368,C010,334.361
S01368,C011,417.375
S01368,C012,463.699
S01368,C013,531.5
S01368,C014,550.007
S01368,C015,714.552
S01368,C016,407.243
S01368,C017,446.132
S01368,C018,568.137
S01368,C019,608.808
S01368,C020,353.22
S01369,C001,631.23
S01369,C002,495.354
S01369,C003,437.721
S01369,C004,355.962
S01369,C005,312.298
S01369,C006,667.325
S01369,C007,512.26
S01369,C008,568.18
S01369,C009,439.454
S01369,C010,394.97
S01369,C011,228.817
S01369,C012,114.641
S01369,C013,37.42
S01369,C014,64.233
S01369,C015,216.44
S01369,C016,756.901
S01369,C017,662.612
S01369,C018,717.244
S01369,C019,685.3
S01369,C020,372.073
S01370,C001,468.07
S01370,C002,447.227
S01370,C003,587.62
S01370,C004,589.363
S01370,C005,690.849
S01370,C006,258.185
S01370,C007,339.237
S01370,C008,385.518
S01370,C009,548.5
S01370,C010,649.729
S01370,C011,666.264
S01370,C012,655.122
S01370,C013,690.457
S01370,C014,656.202
S01370,C015,766.838
S01370,C016,70.523
S01370,C017,138.618
S01370,C018,256.706
S01370,C019,326.934
S01370,C020,326.327
S01371,C001,851.262
S01371,C002,729.081
S01371,C003,749.287
S01371,C004,680.175
S01371,C005,685.909
S01371,C006,475.64
S01371,C007,319.083
S01371,C008,315.138
S01371,C009,107.997
S01371,C010,13.902
S01371,C011,184.113
S01371,C012,293.189
S01371,C013,374.325
S01371,C014,447.593
S01371,C015,622.033
S01371,C016,712.507
S01371,C017,704.753
S01371,C018,810.906
S01371,C019,823.646
S01371,C020,481.595
S01372,C001,407.408
S01372,C002,402.252
S01372,C003,548.998
S01372,C004,560.001
S01372,C005,666.918
S01372,C006,330.185
S01372,C007,397.943
S01372,C008,450.235
S01372,C009,601.448
S01372,C010,697.469
S01372,C011,698.693
S01372,C012,676.015
S01372,C013,703.473
S01372,C014,659.519
S01372,C015,755.327
S01372,C016,85.756
S01372,C017,74.618
S01372,C018,184.647
S01372,C019,258.603
S01372,C020,326.305
S01373,C001,5.355
S01373,C002,139.827
S01373,C003,247.243
S01373,C004,313.245
S01373,C005,422.787
S01373,C006,686.217
S01373,C007,665.11
S01373,C008,740.285
S01373,C009,799.607
S01373,C010,850.994
S01373,C011,765.076
S01373,C012,683.162
S01373,C013,661.238
S01373,C014,573.36
S01373,C015,564.58
S01373,C016,495.106
S01373,C017,337.616
S01373,C018,256.531
S01373,C019,169.737
S01373,C020,377.168
S01374,C001,451.576
S01374,C002,345.038
S01374,C003,419.06
S01374,C004,379.365
S01374,C005,448.382
S01374,C006,333.549
S01374,C007,232.654
S01374,C008,310.48
S01374,C009,343.727
S01374,C010,407.747
S01374,C011,370.748
S01374,C012,341.929
S01374,C013,374.989
S01374,C014,348.106
S01374,C015,483.228
S01374,C016,385.521
S01374,C017,317.304
S01374,C018,407.802
S01374,C019,413.418
S01374,C020,84.014
S01375,C001,832.548
S01375,C002,719.505
S01375,C003,761.136
S01375,C004,699.147
S01375,C005,721.713
S01375,C006,380.757
S01375,C007,236.578
S01375,C008,217.19
S01375,C009,39.309
S01375,C010,117.323
S01375,C011,266.031
S01375,C012,360.404
S01375,C013,441.708
S01375,C014,500.562
S01375,C015,677.624
S01375,C016,636.614
S01375,C017,648.289
S01375,C018,761.828
S01375,C019,784.887
S01375,C020,460.971
S01376,C001,430.702
S01376,C002,315.542
S01376,C003,188.24
S01376,C004,121.6
S01376,C005,17.136
S01376,C006,773.204
S01376,C007,657.788
S01376,C008,730.905
S01376,C009,669.804
S01376,C010,659.363
S01376,C011,509.374
S01376,C012,395.809
S01376,C013,332.118
S01376,C014,235.667
S01376,C015,136.723
S01376,C016,745.454
S01376,C017,606.223
S01376,C018,607.716
S01376,C019,545.248
S01376,C020,380.156
S01377,C001,499.958
S01377,C002,404.48
S01377,C003,256.215
S01377,C004,219.132
S01377,C005,115.832
S01377,C006,896.254
S01377,C007,779.607
S01377,C008,851.981
S01377,C009,781.097
S01377,C010,760.798
S01377,C011,602.13
S01377,C012,486.63
S01377,C013,413.352
S01377,C014,326.023
S01377,C015,166.592
S01377,C016,859.725
S01377,C017,715.331
S01377,C018,704.092
S01377,C019,634.256
S01377,C020,502.295
S01378,C001,559.762
S01378,C002,435.304
S01378,C003,324.174
S01378,C004,248.999
S01378,C005,154.239
S01378,C006,793.543
S01378,C007,656.692
S01378,C008,722.851
S01378,C009,623.678
S01378,C010,590.474
S01378,C011,426.516
S01378,C012,311.487
S01378,C013,234.413
S01378,C014,157.525
S01378,C015,19.573
S01378,C016,815.859
S01378,C017,691.104
S01378,C018,711.994
S01378,C019,658.504
S01378,C020,427.926
S01379,C001,748.46
S01379,C002,645.178
S01379,C003,706.823
S01379,C004,653.652
S01379,C005,694.196
S01379,C006,266.998
S01379,C007,119.573
S01379,C008,107.837
S01379,C009,100.751
S01379,C010,216.386
S01379,C011,320.389
S01379,C012,387.592
S01379,C013,463.373
S01379,C014,501.152
S01379,C015,674.898
S01379,C016,519.617
S01379,C017,538.989
S01379,C018,656.02
S01379,C019,685.706
S01379,C020,383.829
S01380,C001,449.922
S01380,C002,326.517
S01380,C003,367.376
S01380,C004,314.586
S01380,C005,368.835
S01380,C006,420.157
S01380,C007,299.76
S01380,C008,374.492
S01380,C009,358.36
S01380,C010,396.862
S01380,C011,322.273
S01380,C012,270.352
S01380,C013,291.495
S01380,C014,256.787
S01380,C015,392.467
S01380,C016,470.362
S01380,C017,383.732
S01380,C018,456.94
S01380,C019,445.848
S01380,C020,96.302
S01381,C001,846.892
S01381,C002,727.644
S01381,C003,755.351
S01381,C004,688.551
S01381,C005,700.15
S01381,C006,443.772
S01381,C007,290.956
S01381,C008,281.865
S01381,C009,76.952
S01381,C010,49.326
S01381,C011,212.501
S01381,C012,316.966
S01381,C013,398.639
S01381,C014,467.099
S01381,C015,642.992
S01381,C016,687.814
S01381,C017,686.907
S01381,C018,795.843
S01381,C019,812.224
S01381,C020,475.416
S01382,C001,380.996
S01382,C002,254.421
S01382,C003,160.092
S01382,C004,78.085
S01382,C005,89.986
S01382,C006,691.448
S01382,C007,580.925
S01382,C008,655.403
S01382,C009,608.626
S01382,C010,609.633
S01382,C011,471.263
S01382,C012,363.188
S01382,C013,312.768
S01382,C014,214.714
S01382,C015,186.932
S01382,C016,663.049
S01382,C017,526.496
S01382,C018,535.618
S01382,C019,478.68
S01382,C020,296.684
S01383,C001,776.552
S01383,C002,641.114
S01383,C003,604.891
S01383,C004,524.49
S01383,C005,488.828
S01383,C006,653.328
S01383,C007,485.778
S01383,C008,520.815
S01383,C009,343.917
S01383,C010,262.73
S01383,C011,100.766
S01383,C012,98.11
S01383,C013,139.64
S01383,C014,237.386
S01383,C015,385.348
S01383,C016,809.087
S01383,C017,745.233
S01383,C018,821.485
S01383,C019,804.674
S01383,C020,461.017
S01384,C001,543.626
S01384,C002,413.252
S01384,C003,321.329
S01384,C004,240.704
S01384,C005,171.507
S01384,C006,732.276
S01384,C007,593.668
S01384,C008,659.437
S01384,C009,561.683
S01384,C010,532.346
S01384,C011,371.566
S01384,C012,256.047
S01384,C013,183.663
S01384,C014,96.912
S01384,C015,82.883
S01384,C016,765.391
S01384,C017,646.604
S01384,C018,676.314
S01384,C019,628.596
S01384,C020,374.548
S01385,C001,699.845
S01385,C002,563.773
S01385,C003,509.076
S01385,C004,427.31
S01385,C005,380.357
S01385,C006,683.363
S01385,C007,521.647
S01385,C008,569.959
S01385,C009,419.342
S01385,C010,358.069
S01385,C011,187.504
S01385,C012,91.794
S01385,C013,42.969
S01385,C014,135.589
S01385,C015,271.543
S01385,C016,798.085
S01385,C017,713.612
S01385,C018,775.307
S01385,C019,747.638
S01385,C020,422.521
S01386,C001,516.101
S01386,C002,489.063
S01386,C003,625.714
S01386,C004,622.629
S01386,C005,720.586
S01386,C006,212.89
S01386,C007,311.084
S01386,C008,349.97
S01386,C009,523.928
S01386,C010,629.245
S01386,C011,658.361
S01386,C012,656.036
S01386,C013,696.775
S01386,C014,669.359
S01386,C015,788.86
S01386,C016,89.77
S01386,C017,188.758
S01386,C018,307.096
S01386,C019,377.198
S01386,C020,345.958
S01387,C001,831.656
S01387,C002,703.424
S01387,C003,705.718
S01387,C004,631.993
S01387,C005,624.778
S01387,C006,536.496
S01387,C007,371.683
S01387,C008,383.197
S01387,C009,180.846
S01387,C010,77.824
S01387,C011,102.573
S01387,C012,217.688
S01387,C013,295.942
S01387,C014,377.966
S01387,C015,547.736
S01387,C016,748.495
S01387,C017,721.468
S01387,C018,819.079
S01387,C019,822.12
S01387,C020,471.773
S01388,C001,626.045
S01388,C002,490.251
S01388,C003,431.28
S01388,C004,349.465
S01388,C005,305.079
S01388,C006,669.577
S01388,C007,515.281
S01388,C008,571.849
S01388,C009,444.953
S01388,C010,401.507
S01388,C011,235.718
S01388,C012,121.269
S01388,C013,44.714
S01388,C014,57.871
S01388,C015,209.489
S01388,C016,756.252
S01388,C017,660.661
S01388,C018,714.174
S01388,C019,681.486
S01388,C020,370.433
S01389,C001,489.612
S01389,C002,386.02
S01389,C003,243.42
S01389,C004,195.0
S01389,C005,83.17
S01389,C006,858.785
S01389,C007,739.992
S01389,C008,811.956
S01389,C009,739.794
S01389,C010,719.949
S01389,C011,562.065
S01389,C012,446.626
S01389,C013,374.393
S01389,C014,285.635
S01389,C015,132.591
S01389,C016,830.359
S01389,C017,688.754
S01389,C018,683.556
S01389,C019,616.725
S01389,C020,466.831
S01390,C001,533.704
S01390,C002,503.75
S01390,C003,638.626
S01390,C004,633.492
S01390,C005,729.871
S01390,C006,194.287
S01390,C007,298.642
S01390,C008,334.572
S01390,C009,512.256
S01390,C010,618.941
S01390,C011,652.79
S01390,C012,653.88
S01390,C013,696.67
S01390,C014,671.994
S01390,C015,794.908
S01390,C016,105.439
S01390,C017,207.796
S01390,C018,326.718
S01390,C019,396.263
S01390,C020,352.051
S01391,C001,112.633
S01391,C002,35.519
S01391,C003,147.204
S01391,C004,201.965
S01391,C005,315.154
S01391,C006,651.723
S01391,C007,604.075
S01391,C008,681.517
S01391,C009,715.951
S01391,C010,757.275
S01391,C011,660.267
S01391,C012,573.371
S01391,C013,547.795
S01391,C014,458.591
S01391,C015,452.433
S01391,C016,509.474
S01391,C017,350.968
S01391,C018,308.168
S01391,C019,232.32
S01391,C020,296.919
S01392,C001,279.122
S01392,C002,172.241
S01392,C003,40.424
S01392,C004,41.877
S01392,C005,142.353
S01392,C006,719.926
S01392,C007,632.827
S01392,C008,710.15
S01392,C009,693.17
S01392,C010,707.833
S01392,C011,580.257
S01392,C012,476.528
S01392,C013,431.009
S01392,C014,333.607
S01392,C015,286.267
S01392,C016,639.82
S01392,C017,489.488
S01392,C018,471.843
S01392,C019,402.564
S01392,C020,323.471
S01393,C001,722.253
S01393,C002,626.816
S01393,C003,700.888
S01393,C004,653.626
S01393,C005,703.876
S01393,C006,205.185
S01393,C007,67.748
S01393,C008,51.207
S01393,C009,162.566
S01393,C010,277.847
S01393,C011,371.491
S01393,C012,427.964
S01393,C013,499.943
S01393,C014,527.806
S01393,C015,697.5
S01393,C016,462.844
S01393,C017,492.637
S01393,C018,612.559
S01393,C019,648.045
S01393,C020,368.039
S01394,C001,392.501
S01394,C002,274.7
S01394,C003,336.401
S01394,C004,295.542
S01394,C005,367.805
S01394,C006,413.689
S01394,C007,315.791
S01394,C008,393.324
S01394,C009,405.95
S01394,C010,453.826
S01394,C011,385.499
S01394,C012,331.37
S01394,C013,346.153
S01394,C014,299.413
S01394,C015,415.067
S01394,C016,424.835
S01394,C017,326.461
S01394,C018,394.597
S01394,C019,382.583
S01394,C020,35.272
S01395,C001,669.14
S01395,C002,600.133
S01395,C003,705.116
S01395,C004,675.219
S01395,C005,748.157
S01395,C006,44.004
S01395,C007,124.333
S01395,C008,127.963
S01395,C009,327.056
S01395,C010,441.528
S01395,C011,516.557
S01395,C012,551.382
S01395,C013,613.105
S01395,C014,618.7
S01395,C015,773.299
S01395,C016,317.233
S01395,C017,385.176
S01395,C018,509.904
S01395,C019,562.816
S01395,C020,369.406
S01396,C001,300.82
S01396,C002,217.606
S01396,C003,65.026
S01396,C004,95.397
S01396,C005,142.401
S01396,C006,786.834
S01396,C007,699.915
S01396,C008,777.136
S01396,C009,755.542
S01396,C010,765.415
S01396,C011,631.357
S01396,C012,523.742
S01396,C013,471.176
S01396,C014,372.659
S01396,C015,292.707
S01396,C016,698.253
S01396,C017,544.934
S01396,C018,516.439
S01396,C019,441.521
S01396,C020,390.797
S01397,C001,425.067
S01397,C002,420.472
S01397,C003,567.025
S01397,C004,577.415
S01397,C005,683.89
S01397,C006,321.615
S01397,C007,396.814
S01397,C008,446.572
S01397,C009,602.668
S01397,C010,700.479
S01397,C011,705.966
S01397,C012,685.932
S01397,C013,715.02
S01397,C014,672.791
S01397,C015,770.906
S01397,C016,67.488
S01397,C017,92.595
S01397,C018,198.908
S01397,C019,274.821
S01397,C020,339.559
S01398,C001,671.91
S01398,C002,538.459
S01398,C003,522.83
S01398,C004,446.546
S01398,C005,435.401
S01398,C006,548.327
S01398,C007,384.071
S01398,C008,430.071
S01398,C009,285.24
S01398,C010,244.16
S01398,C011,93.939
S01398,C012,48.346
S01398,C013,126.173
S01398,C014,191.418
S01398,C015,366.123
S01398,C016,688.484
S01398,C017,623.623
S01398,C018,702.029
S01398,C019,688.732
S01398,C020,341.418
S01399,C001,351.572
S01399,C002,424.305
S01399,C003,574.056
S01399,C004,616.287
S01399,C005,731.863
S01399,C006,561.381
S01399,C007,630.623
S01399,C008,685.279
S01399,C009,827.926
S01399,C010,917.054
S01399,C011,895.288
S01399,C012,852.196
S01399,C013,862.623
S01399,C014,798.804
S01399,C015,851.934
S01399,C016,270.876
S01399,C017,212.167
S01399,C018,132.216
S01399,C019,194.865
S01399,C020,486.231
S01400,C001,207.334
S01400,C002,277.772
S01400,C003,426.184
S01400,C004,471.109
S01400,C005,586.737
S01400,C006,564.08
S01400,C007,592.982
S01400,C008,658.744
S01400,C009,769.68
S01400,C010,845.883
S01400,C011,800.393
S01400,C012,743.653
S01400,C013,744.354
S01400,C014,672.729
S01400,C015,711.564
S01400,C016,315.786
S01400,C017,181.098
S01400,C018,60.018
S01400,C019,47.068
S01400,C020,383.512
S01401,C001,687.807
S01401,C002,631.134
S01401,C003,745.788
S01401,C004,721.925
S01401,C005,800.801
S01401,C006,26.614
S01401,C007,194.866
S01401,C008,188.25
S01401,C009,393.197
S01401,C010,508.592
S01401,C011,587.131
S01401,C012,620.868
S01401,C013,681.223
S01401,C014,683.231
S01401,C015,833.784
S01401,C016,287.18
S01401,C017,382.685
S01401,C018,506.248
S01401,C019,567.798
S01401,C020,416.641
S01402,C001,122.51
S01402,C002,190.648
S01402,C003,336.539
S01402,C004,384.689
S01402,C005,500.045
S01402,C006,587.559
S01402,C007,590.707
S01402,C008,661.845
S01402,C009,749.669
S01402,C010,815.849
S01402,C011,753.875
S01402,C012,687.398
S01402,C013,680.378
S01402,C014,602.946
S01402,C015,629.075
S01402,C016,372.962
S01402,C017,219.246
S01402,C018,130.584
S01402,C019,45.043
S01402,C020,340.876
S01403,C001,74.117
S01403,C002,208.088
S01403,C003,318.073
S01403,C004,385.168
S01403,C005,494.236
S01403,C006,703.64
S01403,C007,698.9
S01403,C008,771.903
S01403,C009,846.205
S01403,C010,903.857
S01403,C011,825.797
S01403,C012,747.771
S01403,C013,728.989
S01403,C014,642.654
S01403,C015,636.503
S01403,C016,485.928
S01403,C017,335.401
S01403,C018,233.574
S01403,C019,149.443
S01403,C020,426.813
S01404,C001,681.822
S01404,C002,573.046
S01404,C003,628.112
S01404,C004,573.28
S01404,C005,612.732
S01404,C006,290.387
S01404,C007,122.427
S01404,C008,157.591
S01404,C009,118.664
S01404,C010,212.469
S01404,C011,270.96
S01404,C012,320.768
S01404,C013,392.635
S01404,C014,423.578
S01404,C015,595.779
S01404,C016,503.302
S01404,C017,499.053
S01404,C018,610.02
S01404,C019,631.427
S01404,C020,312.169
S01405,C001,794.739
S01405,C002,670.468
S01405,C003,686.648
S01405,C004,616.887
S01405,C005,622.188
S01405,C006,468.39
S01405,C007,303.87
S01405,C008,315.687
S01405,C009,117.292
S01405,C010,54.105
S01405,C011,131.491
S01405,C012,233.762
S01405,C013,315.43
S01405,C014,385.263
S01405,C015,560.562
S01405,C016,684.667
S01405,C017,664.538
S01405,C018,766.223
S01405,C019,774.271
S01405,C020,427.787
S01406,C001,543.338
S01406,C002,422.329
S01406,C003,303.683
S01406,C004,231.96
S01406,C005,129.36
S01406,C006,807.732
S01406,C007,674.704
S01406,C008,742.363
S01406,C009,649.289
S01406,C010,619.149
S01406,C011,456.438
S01406,C012,341.13
S01406,C013,265.151
S01406,C014,184.353
S01406,C015,21.205
S01406,C016,818.675
S01406,C017,689.781
S01406,C018,705.048
S01406,C019,648.483
S01406,C020,434.369
S01407,C001,694.202
S01407,C002,613.835
S01407,C003,706.958
S01407,C004,669.771
S01407,C005,733.955
S01407,C006,106.74
S01407,C007,73.193
S01407,C008,61.901
S01407,C009,261.02
S01407,C010,376.177
S01407,C011,460.068
S01407,C012,503.913
S01407,C013,570.146
S01407,C014,584.769
S01407,C015,746.393
S01407,C016,378.2
S01407,C017,430.595
S01407,C018,554.32
S01407,C019,600.389
S01407,C020,368.094
S01408,C001,580.073
S01408,C002,450.11
S01408,C003,355.205
S01408,C004,275.391
S01408,C005,198.057
S01408,C006,755.681
S01408,C007,612.91
S01408,C008,676.456
S01408,C009,568.438
S01408,C010,531.608
S01408,C011,366.64
S01408,C012,251.929
S01408,C013,174.139
S01408,C014,103.504
S01408,C015,78.596
S01408,C016,797.949
S01408,C017,681.431
S01408,C018,712.822
S01408,C019,665.563
S01408,C020,406.256
S01409,C001,391.169
S01409,C002,281.278
S01409,C003,357.184
S01409,C004,322.089
S01409,C005,399.359
S01409,C006,383.604
S01409,C007,295.326
S01409,C008,373.341
S01409,C009,403.355
S01409,C010,459.717
S01409,C011,403.733
S01409,C012,357.291
S01409,C013,376.773
S01409,C014,333.468
S01409,C015,450.062
S01409,C016,390.417
S01409,C017,296.849
S01409,C018,371.849
S01409,C019,366.538
S01409,C020,19.887
S01410,C001,399.98
S01410,C002,277.295
S01410,C003,168.448
S01410,C004,89.68
S01410,C005,60.457
S01410,C006,721.086
S01410,C007,608.17
S01410,C008,682.049
S01410,C009,629.001
S01410,C010,625.249
S01410,C011,481.882
S01410,C012,371.185
S01410,C013,315.164
S01410,C014,216.659
S01410,C015,163.419
S01410,C016,693.936
S01410,C017,556.59
S01410,C018,563.131
S01410,C019,504.159
S01410,C020,327.286
S01411,C001,177.943
S01411,C002,196.187
S01411,C003,349.115
S01411,C004,382.926
S01411,C005,498.019
S01411,C006,514.737
S01411,C007,518.273
S01411,C008,588.83
S01411,C009,681.828
S01411,C010,752.086
S01411,C011,699.301
S01411,C012,640.216
S01411,C013,640.497
S01411,C014,569.706
S01411,C015,615.82
S01411,C016,313.689
S01411,C017,155.145
S01411,C018,106.006
S01411,C019,69.3
S01411,C020,282.69
S01412,C001,726.302
S01412,C002,592.584
S01412,C003,572.885
S01412,C004,495.292
S01412,C005,476.575
S01412,C006,576.683
S01412,C007,409.593
S01412,C008,447.689
S01412,C009,281.842
S01412,C010,219.4
S01412,C011,50.997
S01412,C012,64.778
S01412,C013,142.718
S01412,C014,226.265
S01412,C015,394.211
S01412,C016,733.158
S01412,C017,674.029
S01412,C018,754.887
S01412,C019,742.868
S01412,C020,394.513
S01413,C001,306.415
S01413,C002,274.512
S01413,C003,416.819
S01413,C004,425.089
S01413,C005,532.06
S01413,C006,377.244
S01413,C007,386.182
S01413,C008,454.121
S01413,C009,563.474
S01413,C010,644.295
S01413,C011,615.712
S01413,C012,575.851
S01413,C013,592.886
S01413,C014,539.333
S01413,C015,624.014
S01413,C016,217.719
S01413,C017,80.84
S01413,C018,165.677
S01413,C019,195.857
S01413,C020,211.664
S01414,C001,833.315
S01414,C002,700.714
S01414,C003,684.1
S01414,C004,606.376
S01414,C005,584.029
S01414,C006,608.304
S01414,C007,440.816
S01414,C008,460.978
S01414,C009,264.583
S01414,C010,164.885
S01414,C011,73.271
S01414,C012,172.271
S01414,C013,239.444
S01414,C014,331.756
S01414,C015,490.995
S01414,C016,800.32
S01414,C017,757.811
S01414,C018,846.874
S01414,C019,841.113
S01414,C020,489.739
S01415,C001,199.305
S01415,C002,145.711
S01415,C003,69.601
S01415,C004,151.631
S01415,C005,240.0
S01415,C006,757.26
S01415,C007,691.347
S01415,C008,769.4
S01415,C009,775.903
S01415,C010,800.715
S01415,C011,681.831
S01415,C012,581.622
S01415,C013,539.553
S01415,C014,442.758
S01415,C015,389.41
S01415,C016,632.735
S01415,C017,474.818
S01415,C018,429.669
S01415,C019,349.753
S01415,C020,376.962
S01416,C001,780.555
S01416,C002,688.745
S01416,C003,765.779
S01416,C004,719.104
S01416,C005,769.099
S01416,C006,205.811
S01416,C007,120.8
S01416,C008,50.376
S01416,C009,183.186
S01416,C010,297.831
S01416,C011,414.305
S01416,C012,481.044
S01416,C013,555.71
S01416,C014,588.674
S01416,C015,760.016
S01416,C016,488.563
S01416,C017,535.748
S01416,C018,658.145
S01416,C019,698.937
S01416,C020,431.513
S01417,C001,212.273
S01417,C002,154.214
S01417,C003,61.256
S01417,C004,143.035
S01417,C005,228.15
S01417,C006,762.115
S01417,C007,693.52
S01417,C008,771.555
S01417,C009,774.547
S01417,C010,797.496
S01417,C011,676.572
S01417,C012,575.304
S01417,C013,531.851
S01417,C014,434.682
S01417,C015,377.872
S01417,C016,641.877
S01417,C017,484.362
S01417,C018,441.174
S01417,C019,361.773
S01417,C020,379.097
S01418,C001,597.789
S01418,C002,569.502
S01418,C003,703.766
S01418,C004,697.04
S01418,C005,791.6
S01418,C006,172.125
S01418,C007,308.756
S01418,C008,329.658
S01418,C009,522.006
S01418,C010,633.206
S01418,C011,682.875
S01418,C012,693.543
S01418,C013,741.268
S01418,C014,722.73
S01418,C015,851.808
S01418,C016,138.5
S01418,C017,268.645
S01418,C018,383.113
S01418,C019,456.523
S01418,C020,410.193
S01419,C001,547.373
S01419,C002,523.18
S01419,C003,660.385
S01419,C004,657.346
S01419,C005,754.995
S01419,C006,205.416
S01419,C007,321.134
S01419,C008,352.89
S01419,C009,535.201
S01419,C010,643.086
S01419,C011,679.861
S01419,C012,681.916
S01419,C013,724.882
S01419,C014,699.985
S01419,C015,821.881
S01419,C016,93.149
S01419,C017,217.223
S01419,C018,331.627
S01419,C019,404.929
S01419,C020,378.935
S01420,C001,777.01
S01420,C002,645.037
S01420,C003,633.441
S01420,C004,557.036
S01420,C005,541.662
S01420,C006,565.875
S01420,C007,397.646
S01420,C008,425.071
S01420,C009,240.618
S01420,C010,161.057
S01420,C011,16.743
S01420,C012,130.346
S01420,C013,206.707
S01420,C014,291.817
S01420,C015,459.044
S01420,C016,747.07
S01420,C017,701.088
S01420,C018,789.237
S01420,C019,783.297
S01420,C020,431.906
S01421,C001,718.12
S01421,C002,626.567
S01421,C003,705.895
S01421,C004,661.202
S01421,C005,715.189
S01421,C006,179.146
S01421,C007,58.367
S01421,C008,28.569
S01421,C009,188.643
S01421,C010,304.145
S01421,C011,396.657
S01421,C012,450.342
S01421,C013,521.052
S01421,C014,545.68
S01421,C015,713.616
S01421,C016,442.212
S01421,C017,478.596
S01421,C018,599.86
S01421,C019,638.375
S01421,C020,370.214
S01422,C001,812.157
S01422,C002,697.596
S01422,C003,736.76
S01422,C004,674.113
S01422,C005,695.726
S01422,C006,382.701
S01422,C007,231.479
S01422,C008,220.971
S01422,C009,18.849
S01422,C010,104.146
S01422,C011,242.882
S01422,C012,335.041
S01422,C013,416.192
S01422,C014,474.36
S01422,C015,651.426
S01422,C016,630.091
S01422,C017,635.663
S01422,C018,747.47
S01422,C019,768.199
S01422,C020,440.2
S01423,C001,773.559
S01423,C002,653.055
S01423,C003,680.057
S01423,C004,613.781
S01423,C005,628.282
S01423,C006,418.998
S01423,C007,255.172
S01423,C008,266.316
S01423,C009,74.015
S01423,C010,78.271
S01423,C011,169.416
S01423,C012,259.19
S01423,C013,340.451
S01423,C014,401.012
S01423,C015,577.919
S01423,C016,640.195
S01423,C017,626.644
S01423,C018,731.722
S01423,C019,744.074
S01423,C020,402.965
S01424,C001,365.914
S01424,C002,249.623
S01424,C003,127.505
S01424,C004,55.66
S01424,C005,61.091
S01424,C006,733.901
S01424,C007,628.761
S01424,C008,703.994
S01424,C009,661.335
S01424,C010,662.422
S01424,C011,522.467
S01424,C012,412.989
S01424,C013,358.68
S01424,C014,260.153
S01424,C015,197.689
S01424,C016,688.463
S01424,C017,545.764
S01424,C018,542.999
S01424,C019,479.526
S01424,C020,336.132
S01425,C001,143.377
S01425,C002,276.755
S01425,C003,385.421
S01425,C004,453.987
S01425,C005,562.128
S01425,C006,733.471
S01425,C007,742.441
S01425,C008,813.251
S01425,C009,899.164
S01425,C010,961.414
S01425,C011,889.093
S01425,C012,813.687
S01425,C013,796.759
S01425,C014,711.24
S01425,C015,705.283
S01425,C016,494.378
S01425,C017,354.615
S01425,C018,238.587
S01425,C019,167.587
S01425,C020,484.17
S01426,C001,368.702
S01426,C002,259.64
S01426,C003,124.028
S01426,C004,69.071
S01426,C005,53.115
S01426,C006,761.936
S01426,C007,658.161
S01426,C008,733.514
S01426,C009,690.614
S01426,C010,690.39
S01426,C011,548.474
S01426,C012,437.867
S01426,C013,380.826
S01426,C014,282.473
S01426,C015,201.795
S01426,C016,710.249
S01426,C017,565.183
S01426,C018,556.881
S01426,C019,490.372
S01426,C020,363.665
S01427,C001,190.513
S01427,C002,289.185
S01427,C003,428.511
S01427,C004,482.54
S01427,C005,597.155
S01427,C006,627.304
S01427,C007,654.406
S01427,C008,720.999
S01427,C009,827.522
S01427,C010,900.672
S01427,C011,848.103
S01427,C012,785.82
S01427,C013,781.24
S01427,C014,704.862
S01427,C015,729.341
S01427,C016,374.301
S01427,C017,244.252
S01427,C018,121.332
S01427,C019,80.215
S01427,C020,431.931
S01428,C001,824.104
S01428,C002,718.807
S01428,C003,774.78
S01428,C004,718.324
S01428,C005,751.697
S01428,C006,316.826
S01428,C007,190.187
S01428,C008,153.115
S01428,C009,86.572
S01428,C010,190.858
S01428,C011,329.925
S01428,C012,414.95
S01428,C013,494.676
S01428,C014,544.269
S01428,C015,720.613
S01428,C016,586.652
S01428,C017,613.702
S01428,C018,731.703
S01428,C019,762.281
S01428,C020,457.455
S01429,C001,699.595
S01429,C002,608.464
S01429,C003,688.97
S01429,C004,645.149
S01429,C005,700.711
S01429,C006,172.676
S01429,C007,39.833
S01429,C008,41.327
S01429,C009,196.147
S01429,C010,310.506
S01429,C011,395.335
S01429,C012,444.542
S01429,C013,513.725
S01429,C014,535.395
S01429,C015,701.923
S01429,C016,427.744
S01429,C017,461.034
S01429,C018,581.982
S01429,C019,619.999
S01429,C020,352.684
S01430,C001,429.665
S01430,C002,318.245
S01430,C003,184.916
S01430,C004,124.545
S01430,C005,9.009
S01430,C006,788.619
S01430,C007,674.666
S01430,C008,748.045
S01430,C009,688.076
S01430,C010,677.623
S01430,C011,527.235
S01430,C012,413.466
S01430,C013,348.937
S01430,C014,252.978
S01430,C015,144.527
S01430,C016,755.947
S01430,C017,614.956
S01430,C018,612.989
S01430,C019,548.68
S01430,C020,394.323
S01431,C001,691.123
S01431,C002,578.803
S01431,C003,626.925
S01431,C004,569.206
S01431,C005,603.397
S01431,C006,319.363
S01431,C007,151.49
S01431,C008,183.114
S01431,C009,103.643
S01431,C010,187.232
S01431,C011,242.507
S01431,C012,296.395
S01431,C013,370.121
S01431,C014,405.936
S01431,C015,579.922
S01431,C016,529.467
S01431,C017,520.058
S01431,C018,628.796
S01431,C019,647.046
S01431,C020,319.6
S01432,C001,806.816
S01432,C002,677.31
S01432,C003,675.596
S01432,C004,601.114
S01432,C005,591.971
S01432,C006,541.155
S01432,C007,374.279
S01432,C008,392.452
S01432,C009,196.646
S01432,C010,105.657
S01432,C011,69.024
S01432,C012,184.122
S01432,C013,262.44
S01432,C014,344.564
S01432,C015,514.157
S01432,C016,741.779
S01432,C017,707.885
S01432,C018,802.363
S01432,C019,802.378
S01432,C020,450.996
S01433,C001,829.832
S01433,C002,716.676
S01433,C003,758.161
S01433,C004,696.149
S01433,C005,718.719
S01433,C006,380.201
S01433,C007,235.205
S01433,C008,216.777
S01433,C009,36.365
S01433,C010,116.197
S01433,C011,263.734
S01433,C012,357.743
S01433,C013,439.017
S01433,C014,497.684
S01433,C015,674.748
S01433,C016,635.176
S01433,C017,646.245
S01433,C018,759.627
S01433,C019,782.477
S01433,C020,458.217
S01434,C001,346.45
S01434,C002,248.614
S01434,C003,100.583
S01434,C004,78.175
S01434,C005,86.924
S01434,C006,782.691
S01434,C007,685.331
S01434,C008,761.514
S01434,C009,726.145
S01434,C010,729.06
S01434,C011,589.123
S01434,C012,479.098
S01434,C013,422.665
S01434,C014,324.282
S01434,C015,237.215
S01434,C016,715.375
S01434,C017,566.255
S01434,C018,548.697
S01434,C019,477.981
S01434,C020,383.966
S01435,C001,488.371
S01435,C002,459.805
S01435,C003,596.488
S01435,C004,593.953
S01435,C005,692.594
S01435,C006,227.03
S01435,C007,309.736
S01435,C008,354.453
S01435,C009,520.299
S01435,C010,623.01
S01435,C011,644.848
S01435,C012,638.133
S01435,C013,676.489
S01435,C014,646.314
S01435,C015,762.879
S01435,C016,92.966
S01435,C017,163.904
S01435,C018,284.905
S01435,C019,352.191
S01435,C020,320.323
S01436,C001,414.111
S01436,C002,305.25
S01436,C003,379.8
S01436,C004,342.509
S01436,C005,416.211
S01436,C006,365.31
S01436,C007,272.153
S01436,C008,350.106
S01436,C009,380.375
S01436,C010,439.071
S01436,C011,389.242
S01436,C012,348.818
S01436,C013,373.333
S01436,C014,336.123
S01436,C015,460.395
S01436,C016,388.839
S01436,C017,304.488
S01436,C018,385.667
S01436,C019,384.495
S01436,C020,43.902
S01437,C001,382.366
S01437,C002,285.47
S01437,C003,137.142
S01437,C004,108.125
S01437,C005,68.047
S01437,C006,808.791
S01437,C007,706.262
S01437,C008,781.667
S01437,C009,737.249
S01437,C010,734.449
S01437,C011,589.261
S01437,C012,477.054
S01437,C013,415.97
S01437,C014,318.6
S01437,C015,213.025
S01437,C016,749.366
S01437,C017,601.4
S01437,C018,585.465
S01437,C019,514.928
S01437,C020,410.177
S01438,C001,460.22
S01438,C002,366.964
S01438,C003,217.327
S01438,C004,185.783
S01438,C005,94.797
S01438,C006,874.517
S01438,C007,763.142
S01438,C008,836.774
S01438,C009,775.26
S01438,C010,760.928
S01438,C011,606.233
S01438,C012,491.193
S01438,C013,421.367
S01438,C014,329.656
S01438,C015,184.624
S01438,C016,827.93
S01438,C017,681.565
S01438,C018,667.01
S01438,C019,596.087
S01438,C020,477.969
S01439,C001,809.915
S01439,C002,688.775
S01439,C003,712.949
S01439,C004,645.402
S01439,C005,655.989
S01439,C006,442.579
S01439,C007,282.261
S01439,C008,285.244
S01439,C009,80.053
S01439,C010,43.418
S01439,C011,174.214
S01439,C012,274.729
S01439,C013,356.469
S01439,C014,423.258
S01439,C015,599.39
S01439,C016,672.37
S01439,C017,662.205
S01439,C018,768.034
S01439,C019,780.844
S01439,C020,439.605
S01440,C001,594.014
S01440,C002,461.069
S01440,C003,379.106
S01440,C004,297.565
S01440,C005,233.286
S01440,C006,724.471
S01440,C007,577.618
S01440,C008,639.066
S01440,C009,524.924
S01440,C010,485.979
S01440,C011,320.695
S01440,C012,206.079
S01440,C013,128.302
S01440,C014,65.491
S01440,C015,124.541
S01440,C016,781.755
S01440,C017,672.026
S01440,C018,711.28
S01440,C019,669.002
S01440,C020,389.756
S01441,C001,683.74
S01441,C002,548.175
S01441,C003,513.637
S01441,C004,433.933
S01441,C005,406.085
S01441,C006,612.646
S01441,C007,449.524
S01441,C008,496.531
S01441,C009,347.669
S01441,C010,294.207
S01441,C011,126.684
S01441,C012,18.178
S01441,C013,67.151
S01441,C014,153.777
S01441,C015,318.579
S01441,C016,740.471
S01441,C017,665.726
S01441,C018,736.127
S01441,C019,715.726
S01441,C020,377.258
S01442,C001,744.207
S01442,C002,633.239
S01442,C003,681.803
S01442,C004,623.434
S01442,C005,655.018
S01442,C006,323.356
S01442,C007,163.151
S01442,C008,169.793
S01442,C009,55.605
S01442,C010,161.384
S01442,C011,256.729
S01442,C012,327.966
S01442,C013,405.536
S01442,C014,449.754
S01442,C015,625.474
S01442,C016,558.231
S01442,C017,561.244
S01442,C018,673.354
S01442,C019,695.378
S01442,C020,373.353
S01443,C001,372.686
S01443,C002,240.051
S01443,C003,260.034
S01443,C004,206.808
S01443,C005,271.123
S01443,C006,510.189
S01443,C007,403.853
S01443,C008,479.983
S01443,C009,462.497
S01443,C010,489.695
S01443,C011,388.524
S01443,C012,308.71
S01443,C013,300.44
S01443,C014,232.264
S01443,C015,323.633
S01443,C016,507.215
S01443,C017,390.749
S01443,C018,435.458
S01443,C019,404.273
S01443,C020,120.182
S01444,C001,515.758
S01444,C002,389.295
S01444,C003,284.977
S01444,C004,206.888
S01444,C005,125.727
S01444,C006,753.613
S01444,C007,621.11
S01444,C008,689.28
S01444,C009,601.185
S01444,C010,576.426
S01444,C011,417.672
S01444,C012,302.247
S01444,C013,231.3
S01444,C014,141.335
S01444,C015,61.035
S01444,C016,768.548
S01444,C017,642.786
S01444,C018,663.728
S01444,C019,610.992
S01444,C020,382.06
S01445,C001,467.863
S01445,C002,448.543
S01445,C003,589.516
S01445,C004,591.914
S01445,C005,693.782
S01445,C006,261.907
S01445,C007,344.249
S01445,C008,390.211
S01445,C009,553.634
S01445,C010,654.924
S01445,C011,671.39
S01445,C012,660.01
S01445,C013,695.118
S01445,C014,660.503
S01445,C015,770.487
S01445,C016,65.565
S01445,C017,137.496
S01445,C018,254.487
S01445,C019,325.577
S01445,C020,330.314
S01446,C001,585.016
S01446,C002,453.36
S01446,C003,365.299
S01446,C004,284.381
S01446,C005,214.351
S01446,C006,738.208
S01446,C007,593.538
S01446,C008,656.17
S01446,C009,545.595
S01446,C010,508.105
S01446,C011,343.174
S01446,C012,228.416
S01446,C013,150.884
S01446,C014,82.111
S01446,C015,102.027
S01446,C016,787.663
S01446,C017,674.448
S01446,C018,709.817
S01446,C019,665.08
S01446,C020,395.533
S01447,C001,573.782
S01447,C002,441.059
S01447,C003,358.718
S01447,C004,277.128
S01447,C005,214.901
S01447,C006,717.795
S01447,C007,573.531
S01447,C008,636.551
S01447,C009,528.597
S01447,C010,493.91
S01447,C011,330.746
S01447,C012,215.409
S01447,C013,140.638
S01447,C014,63.189
S01447,C015,115.855
S01447,C016,768.147
S01447,C017,656.149
S01447,C018,693.399
S01447,C019,650.117
S01447,C020,375.993
S01448,C001,840.171
S01448,C002,717.351
S01448,C003,736.164
S01448,C004,666.742
S01448,C005,671.892
S01448,C006,476.178
S01448,C007,317.48
S01448,C008,317.025
S01448,C009,109.765
S01448,C010,7.14
S01448,C011,170.566
S01448,C012,279.117
S01448,C013,360.315
S01448,C014,433.402
S01448,C015,607.862
S01448,C016,708.601
S01448,C017,697.888
S01448,C018,802.972
S01448,C019,814.511
S01448,C020,471.158
S01449,C001,623.039
S01449,C002,490.208
S01449,C003,406.578
S01449,C004,325.31
S01449,C005,256.366
S01449,C006,741.398
S01449,C007,591.547
S01449,C008,650.888
S01449,C009,528.534
S01449,C010,483.341
S01449,C011,315.403
S01449,C012,203.149
S01449,C013,122.124
S01449,C014,84.045
S01449,C015,134.912
S01449,C016,806.355
S01449,C017,698.792
S01449,C018,739.606
S01449,C019,697.914
S01449,C020,414.799
S01450,C001,541.999
S01450,C002,441.208
S01450,C003,296.505
S01450,C004,250.869
S01450,C005,138.534
S01450,C006,907.287
S01450,C007,784.045
S01450,C008,854.598
S01450,C009,772.472
S01450,C010,745.33
S01450,C011,582.86
S01450,C012,467.579
S01450,C013,391.111
S01450,C014,309.977
S01450,C015,138.781
S01450,C016,885.395
S01450,C017,744.481
S01450,C018,739.244
S01450,C019,671.806
S01450,C020,518.377
S01451,C001,359.568
S01451,C002,251.417
S01451,C003,334.588
S01451,C004,305.152
S01451,C005,389.165
S01451,C006,399.646
S01451,C007,321.201
S01451,C008,399.236
S01451,C009,434.909
S01451,C010,491.174
S01451,C011,431.718
S01451,C012,380.334
S01451,C013,394.703
S01451,C014,344.651
S01451,C015,450.244
S01451,C016,382.411
S01451,C017,278.089
S01451,C018,346.001
S01451,C019,337.003
S01451,C020,14.81
S01452,C001,137.031
S01452,C002,243.735
S01452,C003,378.004
S01452,C004,435.2
S01452,C005,548.923
S01452,C006,643.169
S01452,C007,656.496
S01452,C008,726.067
S01452,C009,819.901
S01452,C010,887.349
S01452,C011,825.334
S01452,C012,757.41
S01452,C013,748.129
S01452,C014,668.334
S01452,C015,684.017
S01452,C016,406.531
S01452,C017,264.128
S01452,C018,150.791
S01452,C019,77.326
S01452,C020,412.692
S01453,C001,705.24
S01453,C002,608.804
S01453,C003,682.119
S01453,C004,634.773
S01453,C005,685.268
S01453,C006,207.834
S01453,C007,56.557
S01453,C008,64.46
S01453,C009,162.187
S01453,C010,275.773
S01453,C011,361.317
S01453,C012,414.051
S01453,C013,484.975
S01453,C014,510.962
S01453,C015,679.988
S01453,C016,455.939
S01453,C017,480.359
S01453,C018,599.362
S01453,C019,633.232
S01453,C020,349.658
S01454,C001,653.997
S01454,C002,580.938
S01454,C003,682.69
S01454,C004,651.093
S01454,C005,722.448
S01454,C006,70.748
S01454,C007,99.664
S01454,C008,116.738
S01454,C009,307.688
S01454,C010,420.98
S01454,C011,491.017
S01454,C012,524.099
S01454,C013,585.438
S01454,C014,590.955
S01454,C015,746.005
S01454,C016,323.014
S01454,C017,379.276
S01454,C018,503.602
S01454,C019,552.986
S01454,C020,345.705
S01455,C001,434.173
S01455,C002,317.196
S01455,C003,193.16
S01455,C004,123.791
S01455,C005,26.753
S01455,C006,766.795
S01455,C007,650.207
S01455,C008,723.082
S01455,C009,660.64
S01455,C010,649.739
S01455,C011,499.593
S01455,C012,386.019
S01455,C013,322.436
S01455,C014,225.905
S01455,C015,131.0
S01455,C016,742.382
S01455,C017,604.264
S01455,C018,607.76
S01455,C019,546.332
S01455,C020,374.764
S01456,C001,813.548
S01456,C002,743.571
S01456,C003,843.959
S01456,C004,809.36
S01456,C005,874.902
S01456,C006,138.618
S01456,C007,209.913
S01456,C008,149.826
S01456,C009,340.285
S01456,C010,453.966
S01456,C011,569.247
S01456,C012,628.168
S01456,C013,699.012
S01456,C014,720.778
S01456,C015,885.3
S01456,C016,429.999
S01456,C017,521.689
S01456,C018,646.112
S01456,C019,703.584
S01456,C020,505.703
S01457,C001,495.068
S01457,C002,498.776
S01457,C003,646.394
S01457,C004,657.439
S01457,C005,763.701
S01457,C006,318.268
S01457,C007,424.326
S01457,C008,462.616
S01457,C009,636.605
S01457,C010,740.505
S01457,C011,761.006
S01457,C012,749.427
S01457,C013,783.189
S01457,C014,745.615
S01457,C015,848.738
S01457,C016,24.887
S01457,C017,168.165
S01457,C018,254.326
S01457,C019,337.391
S01457,C020,413.266
S01458,C001,231.147
S01458,C002,216.991
S01458,C003,136.551
S01458,C004,213.981
S01458,C005,277.563
S01458,C006,834.44
S01458,C007,771.327
S01458,C008,849.38
S01458,C009,854.692
S01458,C010,876.718
S01458,C011,752.985
S01458,C012,649.508
S01458,C013,602.066
S01458,C014,503.933
S01458,C015,427.186
S01458,C016,696.829
S01458,C017,537.543
S01458,C018,478.886
S01458,C019,394.498
S01458,C020,457.006
S01459,C001,198.392
S01459,C002,80.223
S01459,C003,77.912
S01459,C004,115.608
S01459,C005,230.142
S01459,C006,660.455
S01459,C007,590.934
S01459,C008,668.983
S01459,C009,678.435
S01459,C010,708.117
S01459,C011,597.859
S01459,C012,503.985
S01459,C013,471.526
S01459,C014,379.144
S01459,C015,365.559
S01459,C016,555.863
S01459,C017,402.337
S01459,C018,379.832
S01459,C019,310.858
S01459,C020,276.514
S01460,C001,29.658
S01460,C002,143.335
S01460,C003,266.993
S01460,C004,327.84
S01460,C005,439.956
S01460,C006,658.561
S01460,C007,642.966
S01460,C008,717.349
S01460,C009,783.668
S01460,C010,838.861
S01460,C011,758.884
S01460,C012,680.784
S01460,C013,662.785
S01460,C014,577.427
S01460,C015,578.528
S01460,C016,462.413
S01460,C017,305.431
S01460,C018,223.37
S01460,C019,136.73
S01460,C020,362.576
S01461,C001,723.86
S01461,C002,592.148
S01461,C003,583.806
S01461,C004,508.543
S01461,C005,499.13
S01461,C006,536.594
S01461,C007,368.884
S01461,C008,404.766
S01461,C009,238.424
S01461,C010,183.13
S01461,C011,37.503
S01461,C012,97.568
S01461,C013,179.132
S01461,C014,253.789
S01461,C015,426.592
S01461,C016,703.213
S01461,C017,651.731
S01461,C018,737.767
S01461,C019,730.585
S01461,C020,379.487
S01462,C001,483.206
S01462,C002,369.659
S01462,C003,238.765
S01462,C004,175.635
S01462,C005,61.782
S01462,C006,811.866
S01462,C007,689.754
S01462,C008,761.014
S01462,C009,686.459
S01462,C010,666.943
S01462,C011,510.053
S01462,C012,394.765
S01462,C013,324.124
S01462,C014,233.398
S01462,C015,95.678
S01462,C016,795.521
S01462,C017,658.342
S01462,C018,661.765
S01462,C019,599.474
S01462,C020,423.79
S01463,C001,83.132
S01463,C002,72.088
S01463,C003,217.383
S01463,C004,265.565
S01463,C005,380.597
S01463,C006,611.542
S01463,C007,580.821
S01463,C008,656.797
S01463,C009,711.553
S01463,C010,763.119
S01463,C011,680.259
S01463,C012,601.92
S01463,C013,584.937
S01463,C014,501.004
S01463,C015,512.546
S01463,C016,447.219
S01463,C017,287.728
S01463,C018,237.449
S01463,C019,161.901
S01463,C020,289.032
S01464,C001,812.785
S01464,C002,681.7
S01464,C003,673.154
S01464,C004,597.126
S01464,C005,582.267
S01464,C006,569.132
S01464,C007,401.752
S01464,C008,421.835
S01464,C009,226.912
S01464,C010,133.002
S01464,C011,56.863
S01464,C012,170.597
S01464,C013,245.443
S01464,C014,332.137
S01464,C015,498.095
S01464,C016,764.179
S01464,C017,725.503
S01464,C018,817.197
S01464,C019,814.29
S01464,C020,462.546
S01465,C001,330.538
S01465,C002,237.205
S01465,C003,86.202
S01465,C004,80.719
S01465,C005,106.15
S01465,C006,784.104
S01465,C007,690.32
S01465,C008,766.912
S01465,C009,736.346
S01465,C010,741.704
S01465,C011,603.785
S01465,C012,494.566
S01465,C013,439.489
S01465,C014,341.004
S01465,C015,256.432
S01465,C016,709.399
S01465,C017,558.725
S01465,C018,537.434
S01465,C019,465.24
S01465,C020,385.862
S01466,C001,217.057
S01466,C002,109.52
S01466,C003,46.269
S01466,C004,94.573
S01466,C005,205.57
S01466,C006,688.142
S01466,C007,614.166
S01466,C008,692.144
S01466,C009,694.035
S01466,C010,719.076
S01466,C011,602.839
S01466,C012,505.261
S01466,C013,467.991
S01466,C014,373.312
S01466,C015,345.852
S01466,C016,587.526
S01466,C017,434.03
S01466,C018,409.758
S01466,C019,338.948
S01466,C020,300.016
S01467,C001,804.744
S01467,C002,674.034
S01467,C003,667.407
S01467,C004,591.842
S01467,C005,578.922
S01467,C006,558.633
S01467,C007,391.166
S01467,C008,411.849
S01467,C009,218.196
S01467,C010,127.634
S01467,C011,53.107
S01467,C012,168.357
S01467,C013,244.829
S01467,C014,329.7
S01467,C015,497.228
S01467,C016,753.408
S01467,C017,715.193
S01467,C018,807.313
S01467,C019,804.937
S01467,C020,453.205
S01468,C001,550.423
S01468,C002,558.308
S01468,C003,706.354
S01468,C004,717.514
S01468,C005,823.496
S01468,C006,326.424
S01468,C007,451.168
S01468,C008,480.843
S01468,C009,665.218
S01468,C010,772.667
S01468,C011,803.469
S01468,C012,797.715
S01468,C013,834.604
S01468,C014,800.297
S01468,C015,906.918
S01468,C016,77.414
S01468,C017,227.373
S01468,C018,304.555
S01468,C019,389.802
S01468,C020,469.209
S01469,C001,652.624
S01469,C002,522.268
S01469,C003,523.387
S01469,C004,451.275
S01469,C005,454.864
S01469,C006,490.074
S01469,C007,325.906
S01469,C008,373.293
S01469,C009,240.945
S01469,C010,221.169
S01469,C011,111.629
S01469,C012,105.693
S01469,C013,177.67
S01469,C014,225.46
S01469,C015,402.528
S01469,C016,636.647
S01469,C017,579.379
S01469,C018,663.843
S01469,C019,656.466
S01469,C020,305.304
S01470,C001,451.069
S01470,C002,336.685
S01470,C003,397.476
S01470,C004,352.251
S01470,C005,415.38
S01470,C006,368.947
S01470,C007,257.4
S01470,C008,334.114
S01470,C009,344.532
S01470,C010,398.128
S01470,C011,346.024
S01470,C012,308.834
S01470,C013,338.14
S01470,C014,309.136
S01470,C015,445.251
S01470,C016,421.982
S01470,C017,345.675
S01470,C018,428.957
S01470,C019,427.337
S01470,C020,79.433
S01471,C001,237.447
S01471,C002,277.862
S01471,C003,430.506
S01471,C004,465.508
S01471,C005,580.549
S01471,C006,502.201
S01471,C007,532.485
S01471,C008,597.405
S01471,C009,712.737
S01471,C010,792.021
S01471,C011,754.054
S01471,C012,703.366
S01471,C013,709.633
S01471,C014,643.416
S01471,C015,696.808
S01471,C016,261.832
S01471,C017,119.562
S01471,C018,24.093
S01471,C019,74.968
S01471,C020,338.883
S01472,C001,865.551
S01472,C002,746.524
S01472,C003,774.229
S01472,C004,707.265
S01472,C005,718.103
S01472,C006,452.478
S01472,C007,302.875
S01472,C008,289.483
S01472,C009,89.032
S01472,C010,56.747
S01472,C011,225.474
S01472,C012,332.162
S01472,C013,413.691
S01472,C014,483.796
S01472,C015,659.321
S01472,C016,701.129
S01472,C017,702.956
S01472,C018,812.653
S01472,C019,829.866
S01472,C020,493.958
S01473,C001,657.319
S01473,C002,612.945
S01473,C003,736.906
S01473,C004,720.364
S01473,C005,806.42
S01473,C006,88.274
S01473,C007,246.735
S01473,C008,252.003
S01473,C009,453.431
S01473,C010,567.707
S01473,C011,635.413
S01473,C012,659.975
S01473,C013,715.444
S01473,C014,708.905
S01473,C015,851.151
S01473,C016,226.836
S01473,C017,338.977
S01473,C018,459.578
S01473,C019,526.979
S01473,C020,419.922
S01474,C001,107.26
S01474,C002,104.786
S01474,C003,145.883
S01474,C004,220.011
S01474,C005,323.024
S01474,C006,720.072
S01474,C007,673.824
S01474,C008,751.3
S01474,C009,782.497
S01474,C010,820.158
S01474,C011,716.395
S01474,C012,624.417
S01474,C013,592.181
S01474,C014,499.045
S01474,C015,469.075
S01474,C016,565.72
S01474,C017,406.194
S01474,C018,346.854
S01474,C019,263.67
S01474,C020,365.579
S01475,C001,813.701
S01475,C002,682.321
S01475,C003,672.394
S01475,C004,596.074
S01475,C005,580.066
S01475,C006,574.651
S01475,C007,407.175
S01475,C008,427.685
S01475,C009,233.023
S01475,C010,138.829
S01475,C011,55.664
S01475,C012,167.99
S01475,C013,241.952
S01475,C014,329.504
S01475,C015,494.639
S01475,C016,768.484
S01475,C017,728.817
S01475,C018,819.925
S01475,C019,816.418
S01475,C020,464.691
S01476,C001,652.167
S01476,C002,516.843
S01476,C003,450.302
S01476,C004,368.255
S01476,C005,314.003
S01476,C006,701.689
S01476,C007,545.863
S01476,C008,600.736
S01476,C009,466.669
S01476,C010,416.045
S01476,C011,247.037
S01476,C012,137.223
S01476,C013,55.555
S01476,C014,82.39
S01476,C015,203.535
S01476,C016,790.667
S01476,C017,694.393
S01476,C018,746.369
S01476,C019,712.103
S01476,C020,404.467
S01477,C001,290.597
S01477,C002,322.0
S01477,C003,474.937
S01477,C004,504.547
S01477,C005,618.497
S01477,C006,463.173
S01477,C007,507.431
S01477,C008,568.479
S01477,C009,696.522
S01477,C010,781.527
S01477,C011,755.169
S01477,C012,712.192
S01477,C013,724.42
S01477,C014,663.778
S01477,C015,728.599
S01477,C016,209.964
S01477,C017,82.96
S01477,C018,46.6
S01477,C019,128.332
S01477,C020,346.283
S01478,C001,84.013
S01478,C002,69.856
S01478,C003,215.162
S01478,C004,263.302
S01478,C005,378.329
S01478,C006,612.069
S01478,C007,580.722
S01478,C008,656.763
S01478,C009,710.864
S01478,C010,762.132
S01478,C011,678.873
S01478,C012,600.308
S01478,C013,583.125
S01478,C014,499.07
S01478,C015,510.322
S01478,C016,448.705
S01478,C017,289.24
S01478,C018,239.536
S01478,C019,164.133
S01478,C020,288.299
S01479,C001,233.393
S01479,C002,185.052
S01479,C003,79.12
S01479,C004,156.257
S01479,C005,227.236
S01479,C006,793.021
S01479,C007,722.748
S01479,C008,800.748
S01479,C009,799.773
S01479,C010,819.82
S01479,C011,695.137
S01479,C012,591.673
S01479,C013,544.861
S01479,C014,446.901
S01479,C015,377.644
S01479,C016,672.395
S01479,C017,514.555
S01479,C018,468.46
S01479,C019,387.692
S01479,C020,408.445
S01480,C001,754.519
S01480,C002,653.563
S01480,C003,718.606
S01480,C004,666.807
S01480,C005,709.451
S01480,C006,252.939
S01480,C007,113.888
S01480,C008,91.265
S01480,C009,116.091
S01480,C010,232.202
S01480,C011,339.693
S01480,C012,406.866
S01480,C013,482.409
S01480,C014,519.118
S01480,C015,692.386
S01480,C016,512.238
S01480,C017,537.279
S01480,C018,655.661
S01480,C019,687.706
S01480,C020,392.555
S01481,C001,868.688
S01481,C002,737.372
S01481,C003,726.177
S01481,C004,649.281
S01481,C005,629.726
S01481,C006,605.284
S01481,C007,439.942
S01481,C008,452.144
S01481,C009,248.679
S01481,C010,138.636
S01481,C011,109.872
S01481,C012,217.345
S01481,C013,286.27
S01481,C014,377.796
S01481,C015,537.981
S01481,C016,812.093
S01481,C017,778.271
S01481,C018,871.647
S01481,C019,869.808
S01481,C020,518.085
S01482,C001,774.643
S01482,C002,659.762
S01482,C003,699.498
S01482,C004,637.483
S01482,C005,661.245
S01482,C006,367.755
S01482,C007,209.098
S01482,C008,210.764
S01482,C009,22.867
S01482,C010,115.684
S01482,C011,227.379
S01482,C012,310.804
S01482,C013,390.921
S01482,C014,444.243
S01482,C015,621.192
S01482,C016,603.757
S01482,C017,603.244
S01482,C018,713.516
S01482,C019,732.552
S01482,C020,402.622
S01483,C001,384.97
S01483,C002,278.569
S01483,C003,360.519
S01483,C004,328.446
S01483,C005,408.6
S01483,C006,376.295
S01483,C007,294.065
S01483,C008,372.112
S01483,C009,409.687
S01483,C010,468.914
S01483,C011,416.441
S01483,C012,371.489
S01483,C013,391.392
S01483,C014,347.757
S01483,C015,462.478
S01483,C016,376.231
S01483,C017,282.375
S01483,C018,358.683
S01483,C019,355.267
S01483,C020,22.489
S01484,C001,121.386
S01484,C002,124.634
S01484,C003,143.965
S01484,C004,221.807
S01484,C005,320.204
S01484,C006,741.399
S01484,C007,693.675
S01484,C008,771.258
S01484,C009,799.52
S01484,C010,835.193
S01484,C011,728.495
S01484,C012,634.623
S01484,C013,599.983
S01484,C014,505.71
S01484,C015,468.031
S01484,C016,586.962
S01484,C017,427.41
S01484,C018,365.932
S01484,C019,281.878
S01484,C020,384.271
S01485,C001,326.433
S01485,C002,236.665
S01485,C003,84.313
S01485,C004,88.158
S01485,C005,115.07
S01485,C006,789.998
S01485,C007,697.669
S01485,C008,774.4
S01485,C009,745.403
S01485,C010,751.364
S01485,C011,613.802
S01485,C012,504.673
S01485,C013,449.635
S01485,C014,351.152
S01485,C015,265.095
S01485,C016,711.735
S01485,C017,560.249
S01485,C018,536.687
S01485,C019,463.524
S01485,C020,392.105
S01486,C001,479.769
S01486,C002,368.577
S01486,C003,234.37
S01486,C004,174.672
S01486,C005,59.171
S01486,C006,820.528
S01486,C007,699.834
S01486,C008,771.447
S01486,C009,698.625
S01486,C010,679.763
S01486,C011,523.112
S01486,C012,407.845
S01486,C013,337.249
S01486,C014,246.448
S01486,C015,106.429
S01486,C016,800.022
S01486,C017,661.453
S01486,C018,662.424
S01486,C019,598.877
S01486,C020,430.884
S01487,C001,567.749
S01487,C002,476.605
S01487,C003,562.856
S01487,C004,524.645
S01487,C005,590.536
S01487,C006,200.889
S01487,C007,92.673
S01487,C008,170.059
S01487,C009,267.741
S01487,C010,363.71
S01487,C011,391.121
S01487,C012,404.863
S01487,C013,459.72
S01487,C014,458.458
S01487,C015,611.522
S01487,C016,353.892
S01487,C017,349.901
S01487,C018,465.077
S01487,C019,495.157
S01487,C020,224.227
S01488,C001,578.98
S01488,C002,454.246
S01488,C003,343.377
S01488,C004,268.269
S01488,C005,172.674
S01488,C006,802.812
S01488,C007,663.644
S01488,C008,728.692
S01488,C009,624.421
S01488,C010,587.702
S01488,C011,422.079
S01488,C012,307.757
S01488,C013,228.97
S01488,C014,158.625
S01488,C015,26.705
S01488,C016,830.59
S01488,C017,707.348
S01488,C018,729.784
S01488,C019,676.943
S01488,C020,441.495
S01489,C001,499.181
S01489,C002,475.001
S01489,C003,613.299
S01489,C004,612.205
S01489,C005,711.63
S01489,C006,230.676
S01489,C007,323.252
S01489,C008,364.752
S01489,C009,535.097
S01489,C010,639.05
S01489,C011,663.674
S01489,C012,658.107
S01489,C013,696.856
S01489,C014,666.838
S01489,C015,782.984
S01489,C016,77.009
S01489,C017,170.56
S01489,C018,288.303
S01489,C019,358.906
S01489,C020,340.578
S01490,C001,852.261
S01490,C002,730.159
S01490,C003,750.55
S01490,C004,681.483
S01490,C005,687.314
S01490,C006,475.371
S01490,C007,319.048
S01490,C008,314.744
S01490,C009,107.683
S01490,C010,15.298
S01490,C011,185.579
S01490,C012,294.666
S01490,C013,375.804
S01490,C014,449.052
S01490,C015,623.503
S01490,C016,712.696
S01490,C017,705.265
S01490,C018,811.535
S01490,C019,824.414
S01490,C020,482.52
S01491,C001,604.663
S01491,C002,468.865
S01491,C003,410.968
S01491,C004,329.278
S01491,C005,288.411
S01491,C006,659.878
S01491,C007,507.924
S01491,C008,566.486
S01491,C009,446.638
S01491,C010,408.548
S01491,C011,245.61
S01491,C012,130.129
S01491,C013,61.205
S01491,C014,37.623
S01491,C015,201.062
S01491,C016,739.781
S01491,C017,641.992
S01491,C018,694.03
S01491,C019,660.64
S01491,C020,352.377
S01492,C001,640.506
S01492,C002,506.024
S01492,C003,432.202
S01492,C004,350.28
S01492,C005,289.872
S01492,C006,719.191
S01492,C007,565.748
S01492,C008,622.551
S01492,C009,493.27
S01492,C010,444.78
S01492,C011,276.129
S01492,C012,165.225
S01492,C013,83.565
S01492,C014,77.249
S01492,C015,174.693
S01492,C016,798.108
S01492,C017,696.958
S01492,C018,744.27
S01492,C019,706.825
S01492,C020,408.961
S01493,C001,215.434
S01493,C002,79.432
S01493,C003,142.329
S01493,C004,146.756
S01493,C005,259.553
S01493,C006,590.217
S01493,C007,520.801
S01493,C008,598.853
S01493,C009,615.056
S01493,C010,650.92
S01493,C011,550.906
S01493,C012,464.715
S01493,C013,442.397
S01493,C014,356.7
S01493,C015,376.915
S01493,C016,498.267
S01493,C017,349.847
S01493,C018,346.061
S01493,C019,288.879
S01493,C020,206.587
S01494,C001,812.62
S01494,C002,709.83
S01494,C003,770.212
S01494,C004,715.693
S01494,C005,752.683
S01494,C006,292.956
S01494,C007,170.753
S01494,C008,129.504
S01494,C009,103.183
S01494,C010,212.263
S01494,C011,345.363
S01494,C012,426.1
S01494,C013,504.886
S01494,C014,550.751
S01494,C015,726.381
S01494,C016,564.852
S01494,C017,595.401
S01494,C018,714.362
S01494,C019,746.887
S01494,C020,448.478
S01495,C001,824.74
S01495,C002,689.891
S01495,C003,658.367
S01495,C004,578.363
S01495,C005,544.176
S01495,C006,658.956
S01495,C007,490.705
S01495,C008,517.874
S01495,C009,328.381
S01495,C010,233.932
S01495,C011,99.112
S01495,C012,146.289
S01495,C013,194.988
S01495,C014,292.537
S01495,C015,439.49
S01495,C016,832.741
S01495,C017,777.808
S01495,C018,859.224
S01495,C019,846.384
S01495,C020,498.782
S01496,C001,859.015
S01496,C002,731.781
S01496,C003,736.75
S01496,C004,663.478
S01496,C005,657.126
S01496,C006,538.777
S01496,C007,376.815
S01496,C008,381.691
S01496,C009,175.302
S01496,C010,61.591
S01496,C011,134.559
S01496,C012,249.89
S01496,C013,327.685
S01496,C014,410.334
S01496,C015,579.748
S01496,C016,760.872
S01496,C017,739.892
S01496,C018,840.016
S01496,C019,845.528
S01496,C020,496.455
S01497,C001,249.158
S01497,C002,345.442
S01497,C003,486.77
S01497,C004,539.298
S01497,C005,654.272
S01497,C006,626.367
S01497,C007,668.408
S01497,C008,731.396
S01497,C009,850.475
S01497,C010,928.936
S01497,C011,885.325
S01497,C012,828.153
S01497,C013,827.488
S01497,C014,753.977
S01497,C015,784.649
S01497,C016,356.209
S01497,C017,246.525
S01497,C018,123.555
S01497,C019,123.168
S01497,C020,468.456
S01498,C001,485.534
S01498,C002,362.823
S01498,C003,401.548
S01498,C004,346.096
S01498,C005,393.735
S01498,C006,406.04
S01498,C007,275.636
S01498,C008,348.286
S01498,C009,322.505
S01498,C010,360.838
S01498,C011,292.182
S01498,C012,249.855
S01498,C013,280.288
S01498,C014,258.104
S01498,C015,405.574
S01498,C016,480.106
S01498,C017,403.96
S01498,C018,483.52
S01498,C019,476.569
S01498,C020,124.884
S01499,C001,751.18
S01499,C002,658.453
S01499,C003,735.182
S01499,C004,688.752
S01499,C005,739.634
S01499,C006,197.593
S01499,C007,91.65
S01499,C008,33.538
S01499,C009,175.932
S01499,C010,292.009
S01499,C011,397.853
S01499,C012,459.344
S01499,C013,532.576
S01499,C014,562.526
S01499,C015,732.801
S01499,C016,470.908
S01499,C017,511.351
S01499,C018,632.944
S01499,C019,671.884
S01499,C020,400.948
S01500,C001,322.156
S01500,C002,220.435
S01500,C003,75.963
S01500,C004,53.394
S01500,C005,102.336
S01500,C006,757.209
S01500,C007,662.997
S01500,C008,739.604
S01500,C009,710.368
S01500,C010,717.407
S01500,C011,581.711
S01500,C012,473.735
S01500,C013,421.226
S01500,C014,322.728
S01500,C015,251.601
S01500,C016,686.459
S01500,C017,537.18
S01500,C018,520.279
S01500,C019,450.351
S01500,C020,358.811
S01501,C001,716.858
S01501,C002,585.542
S01501,C003,579.38
S01501,C004,504.677
S01501,C005,497.476
S01501,C006,527.059
S01501,C007,359.454
S01501,C008,396.107
S01501,C009,232.518
S01501,C010,181.872
S01501,C011,46.166
S01501,C012,100.574
S01501,C013,182.313
S01501,C014,253.923
S01501,C015,427.82
S01501,C016,693.225
S01501,C017,642.201
S01501,C018,728.728
S01501,C019,722.128
S01501,C020,370.833
S01502,C001,253.567
S01502,C002,165.52
S01502,C003,14.621
S01502,C004,86.923
S01502,C005,173.445
S01502,C006,745.278
S01502,C007,665.532
S01502,C008,743.259
S01502,C009,733.726
S01502,C010,751.098
S01502,C011,625.211
S01502,C012,521.842
S01502,C013,476.107
S01502,C014,378.51
S01502,C015,322.053
S01502,C016,647.773
S01502,C017,493.651
S01502,C018,464.431
S01502,C019,390.098
S01502,C020,352.984
S01503,C001,560.838
S01503,C002,437.313
S01503,C003,323.886
S01503,C004,249.709
S01503,C005,152.209
S01503,C006,801.088
S01503,C007,664.655
S01503,C008,730.952
S01503,C009,632.04
S01503,C010,598.669
S01503,C011,434.521
S01503,C012,319.56
S01503,C013,242.234
S01503,C014,165.88
S01503,C015,11.211
S01503,C016,821.591
S01503,C017,695.987
S01503,C018,715.619
S01503,C019,661.36
S01503,C020,434.235
S01504,C001,741.764
S01504,C002,609.759
S01504,C003,599.267
S01504,C004,523.373
S01504,C005,511.041
S01504,C006,549.566
S01504,C007,381.525
S01504,C008,414.763
S01504,C009,241.82
S01504,C010,177.611
S01504,C011,18.985
S01504,C012,103.715
S01504,C013,183.857
S01504,C014,263.384
S01504,C015,434.051
S01504,C016,720.371
S01504,C017,670.084
S01504,C018,756.407
S01504,C019,749.22
S01504,C020,398.152
S01505,C001,594.183
S01505,C002,468.702
S01505,C003,359.42
S01505,C004,283.815
S01505,C005,189.173
S01505,C006,805.948
S01505,C007,664.695
S01505,C008,728.701
S01505,C009,620.103
S01505,C010,580.566
S01505,C011,413.808
S01505,C012,300.257
S01505,C013,220.389
S01505,C014,155.964
S01505,C015,42.008
S01505,C016,839.288
S01505,C017,717.83
S01505,C018,742.268
S01505,C019,690.428
S01505,C020,449.15
S01506,C001,723.451
S01506,C002,657.719
S01506,C003,764.081
S01506,C004,734.242
S01506,C005,806.427
S01506,C006,47.231
S01506,C007,164.697
S01506,C008,138.876
S01506,C009,346.217
S01506,C010,462.305
S01506,C011,552.961
S01506,C012,596.179
S01506,C013,661.031
S01506,C014,671.344
S01506,C015,828.706
S01506,C016,344.009
S01506,C017,429.718
S01506,C018,554.231
S01506,C019,611.53
S01506,C020,428.469
S01507,C001,187.24
S01507,C002,215.918
S01507,C003,368.657
S01507,C004,403.9
S01507,C005,519.111
S01507,C006,515.873
S01507,C007,526.249
S01507,C008,595.539
S01507,C009,694.114
S01507,C010,766.522
S01507,C011,716.927
S01507,C012,659.483
S01507,C013,660.838
S01507,C014,590.734
S01507,C015,637.394
S01507,C016,303.49
S01507,C017,147.235
S01507,C018,84.958
S01507,C019,55.571
S01507,C020,300.038
S01508,C001,402.543
S01508,C002,288.914
S01508,C003,159.73
S01508,C004,94.927
S01508,C005,21.176
S01508,C006,763.93
S01508,C007,653.373
S01508,C008,727.544
S01508,C009,674.559
S01508,C010,668.903
S01508,C011,522.685
S01508,C012,410.441
S01508,C013,350.103
S01508,C014,252.371
S01508,C015,164.967
S01508,C016,726.494
S01508,C017,584.952
S01508,C018,582.956
S01508,C019,519.124
S01508,C020,368.039
S01509,C001,735.969
S01509,C002,630.105
S01509,C003,687.995
S01509,C004,633.439
S01509,C005,671.955
S01509,C006,281.476
S01509,C007,125.258
S01509,C008,127.063
S01509,C009,88.974
S01509,C010,201.768
S01509,C011,297.554
S01509,C012,363.099
S01509,C013,438.754
S01509,C014,476.85
S01509,C015,650.873
S01509,C016,524.219
S01509,C017,536.213
S01509,C018,651.371
S01509,C019,678.112
S01509,C020,368.753
S01510,C001,189.514
S01510,C002,132.031
S01510,C003,69.176
S01510,C004,150.246
S01510,C005,243.708
S01510,C006,744.217
S01510,C007,679.496
S01510,C008,757.548
S01510,C009,766.312
S01510,C010,792.631
S01510,C011,675.704
S01510,C012,576.662
S01510,C013,536.241
S01510,C014,439.986
S01510,C015,392.227
S01510,C016,619.11
S01510,C017,461.259
S01510,C018,417.046
S01510,C019,337.671
S01510,C020,365.216
S01511,C001,521.187
S01511,C002,494.626
S01511,C003,631.366
S01511,C004,628.283
S01511,C005,726.184
S01511,C006,211.256
S01511,C007,312.435
S01511,C008,350.166
S01511,C009,525.581
S01511,C010,631.347
S01511,C011,661.75
S01511,C012,660.166
S01511,C013,701.286
S01511,C014,674.299
S01511,C015,794.216
S01511,C016,89.458
S01511,C017,193.284
S01511,C018,310.994
S01511,C019,381.666
S01511,C020,351.292
S01512,C001,347.32
S01512,C002,234.933
S01512,C003,313.818
S01512,C004,283.89
S01512,C005,368.652
S01512,C006,420.915
S01512,C007,340.619
S01512,C008,418.673
S01512,C009,448.044
S01512,C010,500.343
S01512,C011,433.877
S01512,C012,377.132
S01512,C013,387.179
S01512,C014,332.787
S01512,C015,432.736
S01512,C016,398.031
S01512,C017,287.675
S01512,C018,348.653
S01512,C019,334.277
S01512,C020,26.655
S01513,C001,277.904
S01513,C002,157.354
S01513,C003,69.015
S01513,C004,37.124
S01513,C005,152.726
S01513,C006,680.728
S01513,C007,592.48
S01513,C008,669.794
S01513,C009,654.623
S01513,C010,671.844
S01513,C011,548.249
S01513,C012,447.269
S01513,C013,406.489
S01513,C014,310.795
S01513,C015,285.395
S01513,C016,608.424
S01513,C017,460.924
S01513,C018,451.766
S01513,C019,387.217
S01513,C020,283.593
S01514,C001,566.545
S01514,C002,539.748
S01514,C003,675.365
S01514,C004,670.423
S01514,C005,766.575
S01514,C006,188.308
S01514,C007,311.487
S01514,C008,339.457
S01514,C009,525.628
S01514,C010,634.85
S01514,C011,676.69
S01514,C012,682.284
S01514,C013,727.291
S01514,C014,705.147
S01514,C015,830.33
S01514,C016,112.476
S01514,C017,237.317
S01514,C018,352.413
S01514,C019,425.284
S01514,C020,387.717
S01515,C001,815.473
S01515,C002,726.292
S01515,C003,805.716
S01515,C004,759.778
S01515,C005,810.277
S01515,C006,211.977
S01515,C007,157.193
S01515,C008,80.544
S01515,C009,209.623
S01515,C010,320.771
S01515,C011,447.087
S01515,C012,518.132
S01515,C013,593.805
S01515,C014,628.744
S01515,C015,800.609
S01515,C016,504.1
S01515,C017,561.542
S01515,C018,685.032
S01515,C019,729.085
S01515,C020,470.411
S01516,C001,786.396
S01516,C002,652.297
S01516,C003,627.867
S01516,C004,549.065
S01516,C005,522.72
S01516,C006,615.81
S01516,C007,447.607
S01516,C008,477.758
S01516,C009,294.587
S01516,C010,210.249
S01516,C011,55.432
S01516,C012,113.444
S01516,C013,176.731
S01516,C014,270.165
S01516,C015,428.135
S01516,C016,786.556
S01516,C017,732.245
S01516,C018,814.883
S01516,C019,803.629
S01516,C020,454.78
S01517,C001,701.582
S01517,C002,650.882
S01517,C003,769.603
S01517,C004,748.462
S01517,C005,829.807
S01517,C006,62.589
S01517,C007,230.801
S01517,C008,220.691
S01517,C009,426.938
S01517,C010,542.636
S01517,C011,623.09
S01517,C012,656.676
S01517,C013,716.573
S01517,C014,717.246
S01517,C015,866.088
S01517,C016,279.359
S01517,C017,388.209
S01517,C018,509.981
S01517,C019,575.465
S01517,C020,444.322
S01518,C001,79.706
S01518,C002,118.164
S01518,C003,263.436
S01518,C004,312.045
S01518,C005,427.191
S01518,C006,601.299
S01518,C007,583.613
S01518,C008,658.026
S01518,C009,726.033
S01518,C010,783.549
S01518,C011,708.87
S01518,C012,635.162
S01518,C013,622.192
S01518,C014,540.772
S01518,C015,558.144
S01518,C016,417.241
S01518,C017,258.116
S01518,C018,194.849
S01518,C019,116.033
S01518,C020,306.372
S01519,C001,612.605
S01519,C002,479.776
S01519,C003,396.492
S01519,C004,315.147
S01519,C005,247.522
S01519,C006,735.889
S01519,C007,587.117
S01519,C008,647.24
S01519,C009,527.821
S01519,C010,484.844
S01519,C011,317.748
S01519,C012,204.483
S01519,C013,124.329
S01519,C014,77.235
S01519,C015,129.854
S01519,C016,797.949
S01519,C017,689.519
S01519,C018,729.671
S01519,C019,687.693
S01519,C020,406.187
S01520,C001,337.352
S01520,C002,220.748
S01520,C003,102.17
S01520,C004,26.717
S01520,C005,89.157
S01520,C006,718.944
S01520,C007,618.987
S01520,C008,695.019
S01520,C009,660.921
S01520,C010,667.066
S01520,C011,531.895
S01520,C012,424.712
S01520,C013,374.486
S01520,C014,276.273
S01520,C015,225.68
S01520,C016,664.658
S01520,C017,520.209
S01520,C018,514.969
S01520,C019,450.824
S01520,C020,320.249
S01521,C001,523.972
S01521,C002,389.444
S01521,C003,321.673
S01521,C004,239.761
S01521,C005,202.387
S01521,C006,665.21
S01521,C007,526.03
S01521,C008,592.065
S01521,C009,499.713
S01521,C010,477.774
S01521,C011,323.894
S01521,C012,210.123
S01521,C013,151.071
S01521,C014,52.564
S01521,C015,149.82
S01521,C016,707.613
S01521,C017,595.302
S01521,C018,634.181
S01521,C019,593.018
S01521,C020,315.497
S01522,C001,438.421
S01522,C002,322.799
S01522,C003,196.117
S01522,C004,128.971
S01522,C005,23.443
S01522,C006,775.492
S01522,C007,658.759
S01522,C008,731.562
S01522,C009,668.233
S01522,C010,656.474
S01522,C011,505.494
S01522,C012,391.621
S01522,C013,327.034
S01522,C014,231.058
S01522,C015,128.867
S01522,C016,750.455
S01522,C017,611.9
S01522,C018,614.388
S01522,C019,552.326
S01522,C020,383.396
S01523,C001,737.863
S01523,C002,604.218
S01523,C003,584.562
S01523,C004,506.888
S01523,C005,487.415
S01523,C006,580.37
S01523,C007,412.87
S01523,C008,449.125
S01523,C009,279.25
S01523,C010,212.598
S01523,C011,42.452
S01523,C012,75.104
S01523,C013,151.168
S01523,C014,236.62
S01523,C015,403.322
S01523,C016,740.8
S01523,C017,683.368
S01523,C018,765.083
S01523,C019,753.666
S01523,C020,404.871
S01524,C001,426.098
S01524,C002,303.121
S01524,C003,348.18
S01524,C004,298.472
S01524,C005,358.679
S01524,C006,425.295
S01524,C007,312.339
S01524,C008,388.253
S01524,C009,380.351
S01524,C010,420.548
S01524,C011,345.022
S01524,C012,289.472
S01524,C013,306.009
S01524,C014,264.455
S01524,C015,391.367
S01524,C016,459.766
S01524,C017,367.004
S01524,C018,436.522
S01524,C019,423.423
S01524,C020,76.637
S01525,C001,694.67
S01525,C002,596.561
S01525,C003,667.933
S01525,C004,619.869
S01525,C005,669.56
S01525,C006,217.158
S01525,C007,57.098
S01525,C008,80.102
S01525,C009,157.228
S01525,C010,268.782
S01525,C011,348.34
S01525,C012,398.96
S01525,C013,469.412
S01525,C014,494.853
S01525,C015,663.832
S01525,C016,456.9
S01525,C017,475.886
S01525,C018,593.763
S01525,C019,625.691
S01525,C020,336.716
S01526,C001,72.19
S01526,C002,158.983
S01526,C003,220.312
S01526,C004,296.074
S01526,C005,397.032
S01526,C006,745.713
S01526,C007,715.159
S01526,C008,791.501
S01526,C009,837.91
S01526,C010,881.933
S01526,C011,784.923
S01526,C012,695.987
S01526,C013,666.327
S01526,C014,574.079
S01526,C015,544.277
S01526,C016,562.63
S01526,C017,404.573
S01526,C018,324.201
S01526,C019,237.197
S01526,C020,416.229
S01527,C001,91.222
S01527,C002,206.402
S01527,C003,334.633
S01527,C004,394.681
S01527,C005,507.339
S01527,C006,657.571
S01527,C007,659.237
S01527,C008,731.006
S01527,C009,813.606
S01527,C010,875.909
S01527,C011,805.827
S01527,C012,733.124
S01527,C013,719.694
S01527,C014,637.062
S01527,C015,644.83
S01527,C016,435.648
S01527,C017,286.032
S01527,C018,183.403
S01527,C019,99.168
S01527,C020,398.791
S01528,C001,550.433
S01528,C002,427.513
S01528,C003,312.901
S01528,C004,239.173
S01528,C005,140.881
S01528,C006,799.196
S01528,C007,664.304
S01528,C008,731.263
S01528,C009,635.361
S01528,C010,603.887
S01528,C011,440.657
S01528,C012,325.444
S01528,C013,249.045
S01528,C014,169.722
S01528,C015,13.857
S01528,C016,815.788
S01528,C017,688.973
S01528,C018,707.153
S01528,C019,652.187
S01528,C020,429.522
S01529,C001,570.631
S01529,C002,435.044
S01529,C003,375.566
S01529,C004,293.912
S01529,C005,256.265
S01529,C006,655.049
S01529,C007,507.795
S01529,C008,569.628
S01529,C009,461.453
S01529,C010,430.997
S01529,C011,272.427
S01529,C012,157.411
S01529,C013,95.77
S01529,C014,4.783
S01529,C015,181.837
S01529,C016,721.069
S01529,C017,618.116
S01529,C018,665.964
S01529,C019,630.174
S01529,C020,330.777
S01530,C001,686.765
S01530,C002,551.744
S01530,C003,523.346
S01530,C004,444.553
S01530,C005,421.657
S01530,C006,593.689
S01530,C007,429.642
S01530,C008,475.29
S01530,C009,324.772
S01530,C010,272.394
S01530,C011,106.703
S01530,C012,9.156
S01530,C013,89.134
S01530,C014,170.594
S01530,C015,338.838
S01530,C016,728.108
S01530,C017,657.529
S01530,C018,731.136
S01530,C019,713.39
S01530,C020,371.077
S01531,C001,843.783
S01531,C002,710.224
S01531,C003,687.745
S01531,C004,608.972
S01531,C005,581.369
S01531,C006,635.093
S01531,C007,467.399
S01531,C008,488.467
S01531,C009,292.223
S01531,C010,191.124
S01531,C011,89.796
S01531,C012,173.351
S01531,C013,233.558
S01531,C014,328.792
S01531,C015,482.44
S01531,C016,823.48
S01531,C017,777.599
S01531,C018,864.432
S01531,C019,856.4
S01531,C020,505.81
S01532,C001,495.997
S01532,C002,479.038
S01532,C003,620.261
S01532,C004,622.45
S01532,C005,723.906
S01532,C006,252.307
S01532,C007,349.262
S01532,C008,389.808
S01532,C009,561.235
S01532,C010,665.16
S01532,C011,688.573
S01532,C012,681.275
S01532,C013,718.624
S01532,C014,686.454
S01532,C015,799.084
S01532,C016,50.89
S01532,C017,163.898
S01532,C018,276.273
S01532,C019,350.551
S01532,C020,357.845
S01533,C001,190.999
S01533,C002,151.973
S01533,C003,88.898
S01533,C004,170.946
S01533,C005,257.135
S01533,C006,767.865
S01533,C007,705.161
S01533,C008,783.206
S01533,C009,792.821
S01533,C010,818.818
S01533,C011,700.845
S01533,C012,600.92
S01533,C013,558.984
S01533,C014,462.172
S01533,C015,406.97
S01533,C016,636.372
S01533,C017,477.755
S01533,C018,427.648
S01533,C019,346.105
S01533,C020,391.027
S01534,C001,548.997
S01534,C002,533.388
S01534,C003,674.107
S01534,C004,674.894
S01534,C005,775.004
S01534,C006,235.184
S01534,C007,355.769
S01534,C008,386.098
S01534,C009,569.88
S01534,C010,677.897
S01534,C011,713.776
S01534,C012,714.066
S01534,C013,755.579
S01534,C014,728.278
S01534,C015,846.359
S01534,C016,71.378
S01534,C017,216.157
S01534,C018,323.172
S01534,C019,400.581
S01534,C020,403.724
S01535,C001,699.09
S01535,C002,602.511
S01535,C003,675.857
S01535,C004,628.628
S01535,C005,679.429
S01535,C006,207.688
S01535,C007,52.55
S01535,C008,68.539
S01535,C009,163.937
S01535,C010,276.775
S01535,C011,359.357
S01535,C012,410.57
S01535,C013,481.024
S01535,C014,506.143
S01535,C015,674.819
S01535,C016,452.509
S01535,C017,475.356
S01535,C018,594.099
S01535,C019,627.558
S01535,C020,343.344
S01536,C001,749.195
S01536,C002,692.313
S01536,C003,805.391
S01536,C004,779.644
S01536,C005,855.857
S01536,C006,75.021
S01536,C007,224.102
S01536,C008,195.205
S01536,C009,402.066
S01536,C010,518.166
S01536,C011,612.339
S01536,C012,655.533
S01536,C013,719.798
S01536,C014,728.125
S01536,C015,883.209
S01536,C016,335.817
S01536,C017,441.278
S01536,C018,563.991
S01536,C019,627.491
S01536,C020,473.794
S01537,C001,226.645
S01537,C002,264.553
S01537,C003,417.241
S01537,C004,452.132
S01537,C005,567.188
S01537,C006,503.625
S01537,C007,529.619
S01537,C008,595.536
S01537,C009,707.433
S01537,C010,785.351
S01537,C011,745.048
S01537,C012,693.039
S01537,C013,698.388
S01537,C014,631.451
S01537,C015,683.715
S01537,C016,269.434
S01537,C017,122.564
S01537,C018,37.112
S01537,C019,67.285
S01537,C020,329.224
S01538,C001,40.9
S01538,C002,142.273
S01538,C003,271.254
S01538,C004,329.87
S01538,C005,442.821
S01538,C006,646.734
S01538,C007,632.331
S01538,C008,706.506
S01538,C009,774.673
S01538,C010,830.981
S01538,C011,752.916
S01538,C012,676.132
S01538,C013,659.513
S01538,C014,575.119
S01538,C015,579.962
S01538,C016,450.347
S01538,C017,293.252
S01538,C018,212.391
S01538,C019,126.109
S01538,C020,354.225
S01539,C001,756.832
S01539,C002,697.073
S01539,C003,807.689
S01539,C004,780.185
S01539,C005,854.461
S01539,C006,77.495
S01539,C007,214.576
S01539,C008,180.967
S01539,C009,387.117
S01539,C010,503.13
S01539,C011,600.288
S01539,C012,645.922
S01539,C013,711.324
S01539,C014,721.889
S01539,C015,878.777
S01539,C016,350.73
S01539,C017,452.377
S01539,C018,575.665
S01539,C019,637.727
S01539,C020,474.203
S01540,C001,689.2
S01540,C002,595.292
S01540,C003,672.61
S01540,C004,627.417
S01540,C005,681.322
S01540,C006,188.991
S01540,C007,34.548
S01540,C008,61.136
S01540,C009,183.614
S01540,C010,296.274
S01540,C011,375.578
S01540,C012,423.269
S01540,C013,492.244
S01540,C014,514.065
S01540,C015,680.976
S01540,C016,433.515
S01540,C017,459.259
S01540,C018,578.84
S01540,C019,614.079
S01540,C020,337.75
S01541,C001,217.857
S01541,C002,108.042
S01541,C003,49.403
S01541,C004,93.555
S01541,C005,205.493
S01541,C006,684.145
S01541,C007,609.917
S01541,C008,687.892
S01541,C009,689.808
S01541,C010,715.019
S01541,C011,599.12
S01541,C012,501.806
S01541,C013,464.956
S01541,C014,370.484
S01541,C015,344.89
S01541,C016,584.59
S01541,C017,431.378
S01541,C018,408.19
S01541,C019,337.942
S01541,C020,295.788
S01542,C001,323.474
S01542,C002,250.855
S01542,C003,100.705
S01542,C004,129.908
S01542,C005,150.964
S01542,C006,825.202
S01542,C007,737.355
S01542,C008,814.439
S01542,C009,789.194
S01542,C010,795.943
S01542,C011,658.19
S01542,C012,548.676
S01542,C013,492.433
S01542,C014,394.082
S01542,C015,297.744
S01542,C016,734.413
S01542,C017,580.15
S01542,C018,547.433
S01542,C019,470.439
S01542,C020,428.941
S01543,C001,869.387
S01543,C002,737.723
S01543,C003,724.875
S01543,C004,647.658
S01543,C005,626.748
S01543,C006,611.893
S01543,C007,446.282
S01543,C008,459.208
S01543,C009,256.128
S01543,C010,146.483
S01543,C011,109.465
S01543,C012,214.657
S01543,C013,282.277
S01543,C014,374.571
S01543,C015,533.567
S01543,C016,817.063
S01543,C017,781.941
S01543,C018,874.59
S01543,C019,872.001
S01543,C020,520.256
S01544,C001,672.353
S01544,C002,584.732
S01544,C003,670.506
S01544,C004,629.791
S01544,C005,690.015
S01544,C006,149.188
S01544,C007,23.114
S01544,C008,62.583
S01544,C009,225.179
S01544,C010,337.836
S01544,C011,412.281
S01544,C012,453.765
S01544,C013,519.829
S01544,C014,535.335
S01544,C015,698.311
S01544,C016,394.517
S01544,C017,428.116
S01544,C018,549.534
S01544,C019,589.026
S01544,C020,332.387
S01545,C001,470.67
S01545,C002,471.413
S01545,C003,618.608
S01545,C004,629.278
S01545,C005,735.525
S01545,C006,315.897
S01545,C007,411.921
S01545,C008,454.209
S01545,C009,622.575
S01545,C010,724.588
S01545,C011,740.219
S01545,C012,725.96
S01545,C013,758.291
S01545,C014,719.306
S01545,C015,821.018
S01545,C016,22.27
S01545,C017,141.386
S01545,C018,234.074
S01545,C019,315.234
S01545,C020,386.574
S01546,C001,616.621
S01546,C002,481.543
S01546,C003,413.829
S01546,C004,331.783
S01546,C005,279.858
S01546,C006,691.924
S01546,C007,540.037
S01546,C008,598.327
S01546,C009,475.391
S01546,C010,432.893
S01546,C011,266.865
S01546,C012,152.637
S01546,C013,74.402
S01546,C014,48.676
S01546,C015,178.478
S01546,C016,768.242
S01546,C017,667.358
S01546,C018,715.729
S01546,C019,679.442
S01546,C020,379.125
S01547,C001,737.79
S01547,C002,624.619
S01547,C003,669.173
S01547,C004,609.388
S01547,C005,638.47
S01547,C006,339.041
S01547,C007,175.858
S01547,C008,188.431
S01547,C009,56.767
S01547,C010,149.793
S01547,C011,236.383
S01547,C012,307.189
S01547,C013,384.963
S01547,C014,430.385
S01547,C015,606.425
S01547,C016,566.579
S01547,C017,563.881
S01547,C018,674.076
S01547,C019,693.518
S01547,C020,366.067
S01548,C001,733.141
S01548,C002,599.645
S01548,C003,581.122
S01548,C004,503.695
S01548,C005,485.466
S01548,C006,574.859
S01548,C007,407.441
S01548,C008,444.174
S01548,C009,275.718
S01548,C010,211.217
S01548,C011,42.169
S01548,C012,73.73
S01548,C013,151.355
S01548,C014,235.217
S01548,C015,403.036
S01548,C016,734.81
S01548,C017,677.49
S01548,C018,759.407
S01548,C019,748.245
S01548,C020,399.26
S01549,C001,414.565
S01549,C002,317.903
S01549,C003,169.718
S01549,C004,136.729
S01549,C005,63.97
S01549,C006,831.311
S01549,C007,724.402
S01549,C008,799.022
S01549,C009,746.787
S01549,C010,738.987
S01549,C011,589.554
S01549,C012,475.869
S01549,C013,410.975
S01549,C014,315.34
S01549,C015,193.509
S01549,C016,778.93
S01549,C017,632.077
S01549,C018,617.763
S01549,C019,547.52
S01549,C020,433.469
S01550,C001,500.282
S01550,C002,364.541
S01550,C003,312.416
S01550,C004,232.153
S01550,C005,216.089
S01550,C006,624.487
S01550,C007,487.749
S01550,C008,555.225
S01550,C009,472.428
S01550,C010,458.972
S01550,C011,313.429
S01550,C012,204.355
S01550,C013,160.117
S01550,C014,70.729
S01550,C015,187.888
S01550,C016,666.092
S01550,C017,555.843
S01550,C018,598.451
S01550,C019,560.512
S01550,C020,273.939
S01551,C001,645.254
S01551,C002,509.189
S01551,C003,456.328
S01551,C004,374.832
S01551,C005,334.209
S01551,C006,657.623
S01551,C007,500.386
S01551,C008,554.347
S01551,C009,420.512
S01551,C010,373.371
S01551,C011,206.458
S01551,C012,93.076
S01551,C013,14.981
S01551,C014,83.753
S01551,C015,238.997
S01551,C016,756.048
S01551,C017,665.943
S01551,C018,724.15
S01551,C019,694.669
S01551,C020,374.808
S01552,C001,764.129
S01552,C002,709.783
S01552,C003,824.512
S01552,C004,799.739
S01552,C005,876.787
S01552,C006,95.496
S01552,C007,245.808
S01552,C008,214.509
S01552,C009,420.66
S01552,C010,536.656
S01552,C011,633.202
S01552,C012,677.282
S01552,C013,741.746
S01552,C014,750.138
S01552,C015,904.997
S01552,C016,340.894
S01552,C017,452.5
S01552,C018,574.266
S01552,C019,639.619
S01552,C020,494.048
S01553,C001,420.173
S01553,C002,307.568
S01553,C003,375.192
S01553,C004,334.616
S01553,C005,404.803
S01553,C006,376.554
S01553,C007,276.729
S01553,C008,354.353
S01553,C009,374.792
S01553,C010,429.562
S01553,C011,374.781
S01553,C012,332.125
S01553,C013,355.942
S01553,C014,319.019
S01553,C015,445.275
S01553,C016,406.222
S01553,C017,321.093
S01553,C018,400.22
S01553,C019,396.568
S01553,C020,48.18
S01554,C001,723.914
S01554,C002,622.096
S01554,C003,686.897
S01554,C004,635.438
S01554,C005,679.292
S01554,C006,248.8
S01554,C007,94.866
S01554,C008,96.38
S01554,C009,120.755
S01554,C010,234.381
S01554,C011,326.366
S01554,C012,386.42
S01554,C013,460.153
S01554,C014,492.994
S01554,C015,665.115
S01554,C016,494.904
S01554,C017,512.669
S01554,C018,629.683
S01554,C019,659.666
S01554,C020,360.978
S01555,C001,270.601
S01555,C002,343.958
S01555,C003,492.783
S01555,C004,536.865
S01555,C005,652.508
S01555,C006,562.103
S01555,C007,609.644
S01555,C008,670.737
S01555,C009,796.681
S01555,C010,879.017
S01555,C011,844.208
S01555,C012,793.548
S01555,C013,798.645
S01555,C014,730.416
S01555,C015,775.493
S01555,C016,291.022
S01555,C017,185.24
S01555,C018,69.62
S01555,C019,113.56
S01555,C020,429.255
S01556,C001,599.048
S01556,C002,464.827
S01556,C003,390.665
S01556,C004,308.689
S01556,C005,252.16
S01556,C006,704.176
S01556,C007,555.394
S01556,C008,615.781
S01556,C009,499.101
S01556,C010,459.806
S01556,C011,294.838
S01556,C012,180.024
S01556,C013,103.158
S01556,C014,46.256
S01556,C015,150.377
S01556,C016,769.383
S01556,C017,663.584
S01556,C018,707.189
S01556,C019,667.825
S01556,C020,378.214
S01557,C001,547.291
S01557,C002,418.269
S01557,C003,321.076
S01557,C004,241.473
S01557,C005,165.164
S01557,C006,747.915
S01557,C007,609.752
S01557,C008,675.615
S01557,C009,577.407
S01557,C010,546.962
S01557,C011,385.213
S01557,C012,269.732
S01557,C013,195.758
S01557,C014,111.986
S01557,C015,66.713
S01557,C016,778.205
S01557,C017,657.805
S01557,C018,685.204
S01557,C019,635.94
S01557,C020,387.983
S01558,C001,470.5
S01558,C002,365.012
S01558,C003,224.184
S01558,C004,173.283
S01558,C005,61.014
S01558,C006,838.343
S01558,C007,721.094
S01558,C008,793.522
S01558,C009,725.068
S01558,C010,708.03
S01558,C011,552.197
S01558,C012,437.024
S01558,C013,366.816
S01558,C014,275.538
S01558,C015,133.427
S01558,C016,808.199
S01558,C017,666.612
S01558,C018,662.027
S01558,C019,595.748
S01558,C020,445.54
S01559,C001,831.294
S01559,C002,713.635
S01559,C003,745.503
S01559,C004,680.185
S01559,C005,695.565
S01559,C006,420.212
S01559,C007,267.451
S01559,C008,258.552
S01559,C009,53.343
S01559,C010,68.253
S01559,C011,220.746
S01559,C012,320.52
S01559,C013,402.234
S01559,C014,466.726
S01559,C015,643.334
S01559,C016,664.76
S01559,C017,665.739
S01559,C018,775.614
S01559,C019,793.429
S01559,C020,459.373
S01560,C001,462.745
S01560,C002,357.941
S01560,C003,216.433
S01560,C004,166.781
S01560,C005,56.324
S01560,C006,835.82
S01560,C007,719.805
S01560,C008,792.539
S01560,C009,726.187
S01560,C010,710.421
S01560,C011,555.445
S01560,C012,440.419
S01560,C013,370.971
S01560,C014,278.88
S01560,C015,140.202
S01560,C016,803.097
S01560,C017,660.904
S01560,C018,655.333
S01560,C019,588.665
S01560,C020,442.191
S01561,C001,583.522
S01561,C002,456.932
S01561,C003,350.916
S01561,C004,274.057
S01561,C005,183.642
S01561,C006,790.212
S01561,C007,649.382
S01561,C008,713.699
S01561,C009,607.032
S01561,C010,569.384
S01561,C011,403.545
S01561,C012,289.334
S01561,C013,210.383
S01561,C014,141.863
S01561,C015,44.26
S01561,C016,823.752
S01561,C017,702.897
S01561,C018,728.475
S01561,C019,677.488
S01561,C020,433.426
S01562,C001,318.191
S01562,C002,280.738
S01562,C003,420.505
S01562,C004,425.807
S01562,C005,531.292
S01562,C006,364.087
S01562,C007,370.79
S01562,C008,438.941
S01562,C009,548.202
S01562,C010,629.519
S01562,C011,602.704
S01562,C012,564.603
S01562,C013,583.205
S01562,C014,531.545
S01562,C015,620.05
S01562,C016,216.427
S01562,C017,89.41
S01562,C018,180.712
S01562,C019,211.017
S01562,C020,201.797
S01563,C001,743.671
S01563,C002,607.555
S01563,C003,556.602
S01563,C004,474.96
S01563,C005,428.458
S01563,C006,689.587
S01563,C007,524.669
S01563,C008,567.371
S01563,C009,403.533
S01563,C010,331.346
S01563,C011,162.746
S01563,C012,96.9
S01563,C013,86.812
S01563,C014,183.271
S01563,C015,316.3
S01563,C016,821.025
S01563,C017,743.762
S01563,C018,810.453
S01563,C019,786.111
S01563,C020,453.848
S01564,C001,217.807
S01564,C002,282.482
S01564,C003,432.195
S01564,C004,475.069
S01564,C005,590.707
S01564,C006,550.72
S01564,C007,581.595
S01564,C008,646.797
S01564,C009,759.997
S01564,C010,837.39
S01564,C011,794.359
S01564,C012,739.364
S01564,C013,741.584
S01564,C014,671.322
S01564,C015,713.702
S01564,C016,301.557
S01564,C017,167.624
S01564,C018,45.783
S01564,C019,53.608
S01564,C020,377.706
S01565,C001,427.048
S01565,C002,315.502
S01565,C003,384.12
S01565,C004,343.513
S01565,C005,413.171
S01565,C006,368.287
S01565,C007,267.775
S01565,C008,345.41
S01565,C009,367.602
S01565,C010,423.967
S01565,C011,372.427
S01565,C012,332.497
S01565,C013,358.315
S01565,C014,323.623
S01565,C015,452.095
S01565,C016,402.794
S01565,C017,320.977
S01565,C018,402.469
S01565,C019,400.64
S01565,C020,55.04
S01566,C001,670.841
S01566,C002,536.837
S01566,C003,517.553
S01566,C004,440.542
S01566,C005,426.543
S01566,C006,559.98
S01566,C007,396.183
S01566,C008,442.835
S01566,C009,298.25
S01566,C010,255.273
S01566,C011,100.353
S01566,C012,35.534
S01566,C013,113.084
S01566,C014,180.656
S01566,C015,354.522
S01566,C016,696.51
S01566,C017,629.161
S01566,C018,705.749
S01566,C019,690.865
S01566,C020,345.143
S01567,C001,807.263
S01567,C002,672.88
S01567,C003,645.711
S01567,C004,566.383
S01567,C005,536.669
S01567,C006,634.875
S01567,C007,466.622
S01567,C008,494.661
S01567,C009,307.343
S01567,C010,216.848
S01567,C011,74.738
S01567,C012,131.428
S01567,C013,188.474
S01567,C014,284.176
S01567,C015,437.422
S01567,C016,808.643
S01567,C017,754.895
S01567,C018,837.452
S01567,C019,825.86
S01567,C020,477.277
S01568,C001,697.423
S01568,C002,621.673
S01568,C003,719.435
S01568,C004,684.801
S01568,C005,751.966
S01568,C006,80.661
S01568,C007,98.967
S01568,C008,83.869
S01568,C009,287.435
S01568,C010,402.917
S01568,C011,487.685
S01568,C012,530.395
S01568,C013,595.806
S01568,C014,608.352
S01568,C015,768.228
S01568,C016,362.029
S01568,C017,423.841
S01568,C018,548.263
S01568,C019,597.801
S01568,C020,381.036
S01569,C001,392.266
S01569,C002,275.103
S01569,C003,338.111
S01569,C004,297.774
S01569,C005,370.515
S01569,C006,411.049
S01569,C007,313.911
S01569,C008,391.504
S01569,C009,405.6
S01569,C010,454.226
S01569,C011,386.981
S01569,C012,333.544
S01569,C013,348.769
S01569,C014,302.35
S01569,C015,418.097
S01569,C016,421.85
S01569,C017,323.855
S01569,C018,392.558
S01569,C019,381.096
S01569,C020,32.753
S01570,C001,380.987
S01570,C002,272.327
S01570,C003,351.543
S01570,C004,318.626
S01570,C005,398.415
S01570,C006,386.226
S01570,C007,302.089
S01570,C008,380.141
S01570,C009,413.485
S01570,C010,470.464
S01570,C011,414.262
S01570,C012,366.722
S01570,C013,384.849
S01570,C014,339.536
S01570,C015,452.708
S01570,C016,384.776
S01570,C017,288.158
S01570,C018,361.604
S01570,C019,355.745
S01570,C020,12.744
S01571,C001,681.741
S01571,C002,549.627
S01571,C003,541.107
S01571,C004,466.255
S01571,C005,459.907
S01571,C006,526.872
S01571,C007,361.22
S01571,C008,404.591
S01571,C009,256.148
S01571,C010,217.006
S01571,C011,78.929
S01571,C012,75.772
S01571,C013,155.172
S01571,C014,218.916
S01571,C015,394.409
S01571,C016,677.28
S01571,C017,618.749
S01571,C018,701.344
S01571,C019,691.662
S01571,C020,341.636
S01572,C001,659.327
S01572,C002,525.452
S01572,C003,507.631
S01572,C004,431.038
S01572,C005,419.272
S01572,C006,552.79
S01572,C007,389.832
S01572,C008,438.047
S01572,C009,298.306
S01572,C010,259.897
S01572,C011,109.403
S01572,C012,42.145
S01572,C013,114.252
S01572,C014,175.694
S01572,C015,350.871
S01572,C016,686.022
S01572,C017,617.705
S01572,C018,693.951
S01572,C019,678.982
S01572,C020,333.361
S01573,C001,112.359
S01573,C002,187.564
S01573,C003,331.342
S01573,C004,381.474
S01573,C005,496.586
S01573,C006,598.68
S01573,C007,600.468
S01573,C008,671.909
S01573,C009,757.864
S01573,C010,822.986
S01573,C011,759.038
S01573,C012,691.169
S01573,C013,682.824
S01573,C014,604.319
S01573,C015,627.147
S01573,C016,384.415
S01573,C017,230.837
S01573,C018,140.699
S01573,C019,54.122
S01573,C020,347.241
S01574,C001,334.698
S01574,C002,284.687
S01574,C003,418.214
S01574,C004,417.482
S01574,C005,519.759
S01574,C006,346.338
S01574,C007,343.13
S01574,C008,412.797
S01574,C009,517.507
S01574,C010,598.192
S01574,C011,572.038
S01574,C012,535.793
S01574,C013,556.448
S01574,C014,507.664
S01574,C015,602.462
S01574,C016,228.277
S01574,C017,117.439
S01574,C018,211.841
S01574,C019,238.165
S01574,C020,175.608
S01575,C001,360.013
S01575,C002,387.555
S01575,C003,540.1
S01575,C004,565.396
S01575,C005,677.98
S01575,C006,428.033
S01575,C007,494.178
S01575,C008,548.533
S01575,C009,693.724
S01575,C010,785.796
S01575,C011,774.442
S01575,C012,741.002
S01575,C013,759.962
S01575,C014,705.797
S01575,C015,781.98
S01575,C016,151.139
S01575,C017,87.79
S01575,C018,110.361
S01575,C019,196.413
S01575,C020,378.59
S01576,C001,659.062
S01576,C002,606.845
S01576,C003,725.492
S01576,C004,704.885
S01576,C005,787.256
S01576,C006,50.443
S01576,C007,208.495
S01576,C008,213.23
S01576,C009,414.339
S01576,C010,528.694
S01576,C011,598.524
S01576,C012,625.985
S01576,C013,683.292
S01576,C014,680.21
S01576,C015,826.286
S01576,C016,251.99
S01576,C017,349.679
S01576,C018,472.724
S01576,C019,535.773
S01576,C020,401.31
S01577,C001,180.003
S01577,C002,253.288
S01577,C003,400.42
S01577,C004,447.099
S01577,C005,562.642
S01577,C006,575.398
S01577,C007,596.79
S01577,C008,664.297
S01577,C009,768.453
S01577,C010,841.65
S01577,C011,790.871
S01577,C012,730.879
S01577,C013,728.978
S01577,C014,655.271
S01577,C015,689.357
S01577,C016,335.899
S01577,C017,194.267
S01577,C018,80.826
S01577,C019,24.465
S01577,C020,374.222
S01578,C001,261.343
S01578,C002,340.118
S01578,C003,487.521
S01578,C004,533.658
S01578,C005,649.27
S01578,C006,576.838
S01578,C007,622.185
S01578,C008,683.976
S01578,C009,807.605
S01578,C010,888.753
S01578,C011,851.344
S01578,C012,798.838
S01578,C013,802.372
S01578,C014,732.704
S01578,C015,774.148
S01578,C016,306.898
S01578,C017,198.508
S01578,C018,79.06
S01578,C019,109.453
S01578,C020,435.546
S01579,C001,441.309
S01579,C002,322.756
S01579,C003,376.262
S01579,C004,328.73
S01579,C005,390.007
S01579,C006,394.577
S01579,C007,281.402
S01579,C008,357.623
S01579,C009,358.063
S01579,C010,405.123
S01579,C011,341.963
S01579,C012,296.652
S01579,C013,320.845
S01579,C014,287.027
S01579,C015,420.168
S01579,C016,440.308
S01579,C017,356.584
S01579,C018,433.888
S01579,C019,427.093
S01579,C020,75.356
S01580,C001,703.957
S01580,C002,618.965
S01580,C003,706.678
S01580,C004,666.438
S01580,C005,726.636
S01580,C006,135.624
S01580,C007,58.53
S01580,C008,36.227
S01580,C009,232.121
S01580,C010,347.453
S01580,C011,434.851
S01580,C012,482.576
S01580,C013,550.639
S01580,C014,569.21
S01580,C015,733.516
S01580,C016,403.962
S01580,C017,449.798
S01580,C018,572.687
S01580,C019,615.734
S01580,C020,368.267
S01581,C001,641.206
S01581,C002,506.673
S01581,C003,433.218
S01581,C004,351.283
S01581,C005,291.181
S01581,C006,718.364
S01581,C007,564.787
S01581,C008,621.486
S01581,C009,491.931
S01581,C010,443.308
S01581,C011,274.629
S01581,C012,163.791
S01581,C013,82.116
S01581,C014,77.38
S01581,C015,176.216
S01581,C016,797.821
S01581,C017,696.924
S01581,C018,744.481
S01581,C019,707.199
S01581,C020,408.804
S01582,C001,350.921
S01582,C002,346.519
S01582,C003,494.642
S01582,C004,508.962
S01582,C005,617.822
S01582,C006,367.242
S01582,C007,413.856
S01582,C008,472.924
S01582,C009,608.547
S01582,C010,698.482
S01582,C011,685.78
S01582,C012,654.108
S01582,C013,675.65
S01582,C014,625.462
S01582,C015,712.032
S01582,C016,142.549
S01582,C017,18.107
S01582,C018,140.258
S01582,C019,206.279
S01582,C020,294.607
S01583,C001,762.702
S01583,C002,644.702
S01583,C003,678.062
S01583,C004,613.993
S01583,C005,633.727
S01583,C006,390.511
S01583,C007,227.26
S01583,C008,237.818
S01583,C009,54.011
S01583,C010,100.951
S01583,C011,193.819
S01583,C012,277.011
S01583,C013,357.39
S01583,C014,412.721
S01583,C015,589.779
S01583,C016,614.956
S01583,C017,605.657
S01583,C018,712.749
S01583,C019,727.757
S01583,C020,390.952
S01584,C001,164.235
S01584,C002,204.426
S01584,C003,356.041
S01584,C004,395.611
S01584,C005,511.185
S01584,C006,540.244
S01584,C007,547.85
S01584,C008,617.861
S01584,C009,712.501
S01584,C010,782.69
S01584,C011,728.63
S01584,C012,667.928
S01584,C013,666.342
S01584,C014,593.585
S01584,C015,633.282
S01584,C016,327.146
S01584,C017,171.79
S01584,C018,97.138
S01584,C019,39.452
S01584,C020,312.379
S01585,C001,731.097
S01585,C002,598.526
S01585,C003,585.487
S01585,C004,509.155
S01585,C005,495.498
S01585,C006,555.152
S01585,C007,387.477
S01585,C008,423.221
S01585,C009,254.622
S01585,C010,193.406
S01585,C011,31.279
S01585,C012,87.636
S01585,C013,167.953
S01585,C014,247.423
S01585,C015,417.968
S01585,C016,719.757
S01585,C017,666.01
S01585,C018,750.374
S01585,C019,741.504
S01585,C020,391.134
S01586,C001,845.993
S01586,C002,723.288
S01586,C003,742.245
S01586,C004,672.815
S01586,C005,677.821
S01586,C006,478.192
S01586,C007,320.309
S01586,C008,318.46
S01586,C009,111.104
S01586,C010,5.774
S01586,C011,175.265
S01586,C012,284.418
S01586,C013,365.521
S01586,C014,439.056
S01586,C015,613.373
S01586,C016,712.316
S01586,C017,702.588
S01586,C018,807.997
S01586,C019,819.871
S01586,C020,476.833
S01587,C001,668.402
S01587,C002,532.292
S01587,C003,481.386
S01587,C004,399.955
S01587,C005,358.973
S01587,C006,659.427
S01587,C007,499.709
S01587,C008,550.909
S01587,C009,409.265
S01587,C010,356.497
S01587,C011,187.614
S01587,C012,78.65
S01587,C013,10.899
S01587,C014,109.002
S01587,C015,259.978
S01587,C016,767.451
S01587,C017,681.315
S01587,C018,742.448
S01587,C019,714.837
S01587,C020,390.15
S01588,C001,447.947
S01588,C002,354.067
S01588,C003,204.633
S01588,C004,173.102
S01588,C005,85.651
S01588,C006,863.604
S01588,C007,753.442
S01588,C008,827.353
S01588,C009,768.307
S01588,C010,755.693
S01588,C011,602.307
S01588,C012,487.536
S01588,C013,418.915
S01588,C014,326.037
S01588,C015,186.517
S01588,C016,815.298
S01588,C017,668.741
S01588,C018,654.093
S01588,C019,583.269
S01588,C020,466.642
S01589,C001,234.541
S01589,C002,118.989
S01589,C003,52.047
S01589,C004,77.303
S01589,C005,191.238
S01589,C006,678.759
S01589,C007,600.539
S01589,C008,678.402
S01589,C009,675.94
S01589,C010,699.308
S01589,C011,581.778
S01589,C012,483.796
S01589,C013,446.422
S01589,C014,351.858
S01589,C015,328.272
S01589,C016,587.507
S01589,C017,436.009
S01589,C018,417.818
S01589,C019,349.713
S01589,C020,287.185
S01590,C001,331.82
S01590,C002,357.133
S01590,C003,509.679
S01590,C004,535.36
S01590,C005,648.179
S01590,C006,433.399
S01590,C007,489.177
S01590,C008,546.702
S01590,C009,684.515
S01590,C010,773.765
S01590,C011,756.591
S01590,C012,719.728
S01590,C013,736.469
S01590,C014,680.266
S01590,C015,753.448
S01590,C016,169.666
S01590,C017,69.269
S01590,C018,86.442
S01590,C019,170.06
S01590,C020,355.563
S01591,C001,863.637
S01591,C002,741.567
S01591,C003,761.718
S01591,C004,692.488
S01591,C005,697.663
S01591,C006,481.648
S01591,C007,326.788
S01591,C008,320.232
S01591,C009,114.025
S01591,C010,23.041
S01591,C011,193.028
S01591,C012,303.338
S01591,C013,384.234
S01591,C014,458.582
S01591,C015,632.648
S01591,C016,721.547
S01591,C017,715.493
S01591,C018,822.157
S01591,C019,835.412
S01591,C020,493.819
S01592,C001,624.113
S01592,C002,495.106
S01592,C003,395.546
S01592,C004,317.101
S01592,C005,231.198
S01592,C006,790.897
S01592,C007,644.193
S01592,C008,705.238
S01592,C009,586.305
S01592,C010,540.864
S01592,C011,372.324
S01592,C012,260.886
S01592,C013,179.534
S01592,C014,132.124
S01592,C015,90.048
S01592,C016,841.608
S01592,C017,726.804
S01592,C018,758.99
S01592,C019,711.577
S01592,C020,449.551
S01593,C001,88.781
S01593,C002,79.804
S01593,C003,157.537
S01593,C004,224.749
S01593,C005,333.104
S01593,C006,689.714
S01593,C007,646.612
S01593,C008,723.844
S01593,C009,760.397
S01593,C010,801.434
S01593,C011,702.624
S01593,C012,613.84
S01593,C013,585.46
S01593,C014,494.343
S01593,C015,475.904
S01593,C016,534.022
S01593,C017,374.526
S01593,C018,317.752
S01593,C019,235.966
S01593,C020,340.964
S01594,C001,438.512
S01594,C002,321.645
S01594,C003,379.014
S01594,C004,333.157
S01594,C005,396.518
S01594,C006,387.011
S01594,C007,276.526
S01594,C008,353.161
S01594,C009,359.009
S01594,C010,408.618
S01594,C011,348.802
S01594,C012,305.263
S01594,C013,330.174
S01594,C014,296.451
S01594,C015,428.703
S01594,C016,430.85
S01594,C017,347.962
S01594,C018,426.521
S01594,C019,421.089
S01594,C020,69.78
S01595,C001,435.544
S01595,C002,333.152
S01595,C003,414.762
S01595,C004,379.298
S01595,C005,453.375
S01595,C006,328.072
S01595,C007,238.69
S01595,C008,316.742
S01595,C009,361.82
S01595,C010,428.864
S01595,C011,393.922
S01595,C012,364.061
S01595,C013,395.268
S01595,C014,364.895
S01595,C015,494.909
S01595,C016,364.855
S01595,C017,294.149
S01595,C018,385.112
S01595,C019,392.283
S01595,C020,76.023
S01596,C001,366.22
S01596,C002,241.431
S01596,C003,291.554
S01596,C004,249.067
S01596,C005,323.01
S01596,C006,459.259
S01596,C007,361.687
S01596,C008,439.011
S01596,C009,441.952
S01596,C010,481.722
S01596,C011,398.558
S01596,C012,331.881
S01596,C013,335.502
S01596,C014,277.216
S01596,C015,378.22
S01596,C016,453.961
S01596,C017,342.924
S01596,C018,397.509
S01596,C019,375.256
S01596,C020,65.31
S01597,C001,102.836
S01597,C002,41.386
S01597,C003,189.232
S01597,C004,235.051
S01597,C005,350.229
S01597,C006,614.045
S01597,C007,574.847
S01597,C008,651.609
S01597,C009,697.728
S01597,C010,745.501
S01597,C011,657.821
S01597,C012,576.894
S01597,C013,557.71
S01597,C014,472.542
S01597,C015,481.852
S01597,C016,463.655
S01597,C017,304.895
S01597,C018,263.657
S01597,C019,190.951
S01597,C020,275.386
S01598,C001,67.792
S01598,C002,141.114
S01598,C003,205.418
S01598,C004,279.923
S01598,C005,382.47
S01598,C006,732.708
S01598,C007,699.604
S01598,C008,776.15
S01598,C009,820.608
S01598,C010,864.057
S01598,C011,766.728
S01598,C012,677.851
S01598,C013,648.478
S01598,C014,556.462
S01598,C015,528.978
S01598,C016,555.123
S01598,C017,396.402
S01598,C018,320.694
S01598,C019,234.167
S01598,C020,399.249
S01599,C001,72.888
S01599,C002,198.669
S01599,C003,319.042
S01599,C004,382.346
S01599,C005,493.559
S01599,C006,677.227
S01599,C007,674.156
S01599,C008,746.792
S01599,C009,823.988
S01599,C010,883.497
S01599,C011,808.821
S01599,C012,733.175
S01599,C013,716.912
S01599,C014,632.324
S01599,C015,633.346
S01599,C016,459.917
S01599,C017,308.841
S01599,C018,208.651
S01599,C019,123.568
S01599,C020,406.148
S01600,C001,271.316
S01600,C002,319.326
S01600,C003,471.742
S01600,C004,507.487
S01600,C005,622.548
S01600,C006,502.917
S01600,C007,546.242
S01600,C008,607.947
S01600,C009,733.249
S01600,C010,816.395
S01600,C011,785.101
S01600,C012,738.073
S01600,C013,746.775
S01600,C014,682.429
S01600,C015,738.429
S01600,C016,243.914
S01600,C017,122.568
S01600,C018,19.259
S01600,C019,105.039
S01600,C020,372.424
S01601,C001,409.864
S01601,C002,284.949
S01601,C003,181.898
S01601,C004,101.643
S01601,C005,70.981
S01601,C006,713.097
S01601,C007,597.738
S01601,C008,671.137
S01601,C009,615.061
S01601,C010,610.106
S01601,C011,466.107
S01601,C012,355.271
S01601,C013,299.301
S01601,C014,200.784
S01601,C015,155.767
S01601,C016,692.341
S01601,C017,557.124
S01601,C018,567.169
S01601,C019,510.037
S01601,C020,321.341
S01602,C001,490.634
S01602,C002,483.668
S01602,C003,628.384
S01602,C004,635.069
S01602,C005,739.112
S01602,C006,284.688
S01602,C007,385.175
S01602,C008,425.126
S01602,C009,597.09
S01602,C010,700.721
S01602,C011,721.86
S01602,C012,711.904
S01602,C013,747.172
S01602,C014,711.949
S01602,C015,819.502
S01602,C016,15.028
S01602,C017,158.118
S01602,C018,260.092
S01602,C019,338.879
S01602,C020,380.9
S01603,C001,683.605
S01603,C002,547.799
S01603,C003,486.774
S01603,C004,404.784
S01603,C005,353.209
S01603,C006,697.072
S01603,C007,537.552
S01603,C008,588.586
S01603,C009,444.113
S01603,C010,386.435
S01603,C011,216.095
S01603,C012,113.74
S01603,C013,41.842
S01603,C014,114.62
S01603,C015,241.387
S01603,C016,800.888
S01603,C017,711.027
S01603,C018,768.279
S01603,C019,737.448
S01603,C020,419.925
S01604,C001,733.724
S01604,C002,621.724
S01604,C003,668.722
S01604,C004,609.908
S01604,C005,640.928
S01604,C006,328.101
S01604,C007,165.11
S01604,C008,177.835
S01604,C009,62.267
S01604,C010,160.105
S01604,C011,246.281
S01604,C012,314.984
S01604,C013,392.162
S01604,C014,435.662
S01604,C015,611.312
S01604,C016,556.777
S01604,C017,555.845
S01604,C018,666.775
S01604,C019,687.287
S01604,C020,362.39
S01605,C001,369.113
S01605,C002,249.112
S01605,C003,310.117
S01605,C004,271.184
S01605,C005,347.451
S01605,C006,435.459
S01605,C007,341.733
S01605,C008,419.41
S01605,C009,431.656
S01605,C010,477.003
S01605,C011,402.398
S01605,C012,341.966
S01605,C013,350.69
S01605,C014,296.919
S01605,C015,402.426
S01605,C016,431.098
S01605,C017,323.992
S01605,C018,384.324
S01605,C019,367.049
S01605,C020,40.645
S01606,C001,775.895
S01606,C002,680.877
S01606,C003,753.78
S01606,C004,705.219
S01606,C005,752.49
S01606,C006,223.032
S01606,C007,117.955
S01606,C008,60.561
S01606,C009,159.1
S01606,C010,274.155
S01606,C011,389.991
S01606,C012,457.899
S01606,C013,533.127
S01606,C014,567.948
S01606,C015,740.181
S01606,C016,499.541
S01606,C017,539.8
S01606,C018,661.115
S01606,C019,699.112
S01606,C020,421.909
S01607,C001,960.128
S01607,C002,836.74
S01607,C003,850.924
S01607,C004,779.373
S01607,C005,776.453
S01607,C006,558.006
S01607,C007,412.498
S01607,C008,394.023
S01607,C009,199.15
S01607,C010,114.037
S01607,C011,254.191
S01607,C012,369.663
S01607,C013,446.679
S01607,C014,530.235
S01607,C015,699.122
S01607,C016,811.245
S01607,C017,811.305
S01607,C018,919.189
S01607,C019,933.133
S01607,C020,591.103
S01608,C001,571.905
S01608,C002,442.088
S01608,C003,346.909
S01608,C004,267.089
S01608,C005,190.286
S01608,C006,752.861
S01608,C007,611.146
S01608,C008,675.263
S01608,C009,569.624
S01608,C010,534.409
S01608,C011,370.217
S01608,C012,255.203
S01608,C013,178.341
S01608,C014,103.776
S01608,C015,75.212
S01608,C016,792.413
S01608,C017,675.044
S01608,C018,705.611
S01608,C019,657.955
S01608,C020,400.955
S01609,C001,111.015
S01609,C002,38.158
S01609,C003,147.265
S01609,C004,202.936
S01609,C005,315.884
S01609,C006,654.059
S01609,C007,606.648
S01609,C008,684.081
S01609,C009,718.59
S01609,C010,759.867
S01609,C011,662.707
S01609,C012,575.667
S01609,C013,549.889
S01609,C014,460.545
S01609,C015,453.563
S01609,C016,511.024
S01609,C017,352.426
S01609,C018,308.763
S01609,C019,232.501
S01609,C020,299.555
S01610,C001,778.685
S01610,C002,657.609
S01610,C003,682.994
S01610,C004,616.151
S01610,C005,629.187
S01610,C006,426.97
S01610,C007,263.258
S01610,C008,273.908
S01610,C009,79.176
S01610,C010,71.208
S01610,C011,164.29
S01610,C012,256.486
S01610,C013,337.949
S01610,C014,400.166
S01610,C015,576.922
S01610,C016,648.129
S01610,C017,633.924
S01610,C018,738.614
S01610,C019,750.423
S01610,C020,408.473
S01611,C001,40.177
S01611,C002,172.915
S01611,C003,286.249
S01611,C004,351.508
S01611,C005,461.604
S01611,C006,685.748
S01611,C007,674.223
S01611,C008,748.156
S01611,C009,816.865
S01611,C010,872.436
S01611,C011,792.068
S01611,C012,713.149
S01611,C013,693.895
S01611,C014,607.482
S01611,C015,602.797
S01611,C016,479.97
S01611,C017,325.461
S01611,C018,233.447
S01611,C019,146.56
S01611,C020,396.045
S01612,C001,609.379
S01612,C002,482.42
S01612,C003,376.855
S01612,C004,300.054
S01612,C005,208.611
S01612,C006,802.253
S01612,C007,658.47
S01612,C008,721.154
S01612,C009,607.651
S01612,C010,565.186
S01612,C011,397.449
S01612,C012,284.861
S01612,C013,204.134
S01612,C014,146.997
S01612,C015,63.188
S01612,C016,843.222
S01612,C017,724.536
S01612,C018,752.218
S01612,C019,702.166
S01612,C020,451.958
S01613,C001,652.7
S01613,C002,517.086
S01613,C003,483.252
S01613,C004,403.882
S01613,C005,379.46
S01613,C006,601.656
S01613,C007,441.146
S01613,C008,492.102
S01613,C009,354.437
S01613,C010,310.33
S01613,C011,147.976
S01613,C012,33.05
S01613,C013,57.99
S01613,C014,128.731
S01613,C015,299.378
S01613,C016,718.753
S01613,C017,639.948
S01613,C018,708.004
S01613,C019,686.211
S01613,C020,350.291
S01614,C001,93.905
S01614,C002,202.236
S01614,C003,334.141
S01614,C004,392.294
S01614,C005,505.612
S01614,C006,645.411
S01614,C007,647.372
S01614,C008,719.032
S01614,C009,802.533
S01614,C010,865.498
S01614,C011,796.767
S01614,C012,725.084
S01614,C013,712.722
S01614,C014,630.915
S01614,C015,641.798
S01614,C016,424.509
S01614,C017,274.263
S01614,C018,173.229
S01614,C019,88.073
S01614,C020,388.58
S01615,C001,244.472
S01615,C002,154.71
S01615,C003,6.933
S01615,C004,88.074
S01615,C005,180.45
S01615,C006,736.27
S01615,C007,657.994
S01615,C008,735.796
S01615,C009,728.746
S01615,C010,747.662
S01615,C011,623.56
S01615,C012,521.182
S01615,C013,476.929
S01615,C014,379.706
S01615,C015,328.127
S01615,C016,637.119
S01615,C017,482.885
S01615,C018,453.733
S01615,C019,379.642
S01615,C020,344.947
S01616,C001,821.638
S01616,C002,688.57
S01616,C003,669.682
S01616,C004,591.616
S01616,C005,567.982
S01616,C006,611.276
S01616,C007,443.361
S01616,C008,466.239
S01616,C009,272.933
S01616,C010,177.109
S01616,C011,64.481
S01616,C012,156.777
S01616,C013,222.809
S01616,C014,315.58
S01616,C015,474.206
S01616,C016,797.741
S01616,C017,752.01
S01616,C018,839.362
S01616,C019,832.083
S01616,C020,481.162
S01617,C001,322.099
S01617,C002,202.208
S01617,C003,273.136
S01617,C004,243.527
S01617,C005,331.301
S01617,C006,461.628
S01617,C007,380.07
S01617,C008,458.09
S01617,C009,478.437
S01617,C010,524.133
S01617,C011,445.715
S01617,C012,379.313
S01617,C013,380.613
S01617,C014,317.408
S01617,C015,403.466
S01617,C016,426.147
S01617,C017,305.171
S01617,C018,352.383
S01617,C019,327.81
S01617,C020,65.844
S01618,C001,766.323
S01618,C002,634.634
S01618,C003,624.801
S01618,C004,548.843
S01618,C005,535.504
S01618,C006,555.553
S01618,C007,387.3
S01618,C008,416.004
S01618,C009,234.409
S01618,C010,159.956
S01618,C011,10.712
S01618,C012,125.83
S01618,C013,204.07
S01618,C014,286.757
S01618,C015,455.714
S01618,C016,735.183
S01618,C017,689.023
S01618,C018,777.313
S01618,C019,771.657
S01618,C020,420.187
S01619,C001,427.968
S01619,C002,402.589
S01619,C003,542.336
S01619,C004,544.222
S01619,C005,646.269
S01619,C006,277.625
S01619,C007,335.997
S01619,C008,389.776
S01619,C009,539.341
S01619,C010,636.071
S01619,C011,641.824
S01619,C012,624.323
S01619,C013,656.082
S01619,C014,618.035
S01619,C015,724.514
S01619,C016,105.999
S01619,C017,106.226
S01619,C018,229.953
S01619,C019,293.328
S01619,C020,286.157
S01620,C001,138.437
S01620,C002,71.826
S01620,C003,108.421
S01620,C004,174.804
S01620,C005,283.073
S01620,C006,690.817
S01620,C007,635.642
S01620,C008,713.488
S01620,C009,736.851
S01620,C010,771.811
S01620,C011,666.015
S01620,C012,573.613
S01620,C013,541.651
S01620,C014,448.957
S01620,C015,425.822
S01620,C016,555.795
S01620,C017,397.519
S01620,C018,353.553
S01620,C019,275.663
S01620,C020,323.967
S01621,C001,819.628
S01621,C002,694.568
S01621,C003,707.61
S01621,C004,636.744
S01621,C005,638.424
S01621,C006,490.082
S01621,C007,327.0
S01621,C008,334.912
S01621,C009,131.333
S01621,C010,38.116
S01621,C011,133.167
S01621,C012,242.246
S01621,C013,323.249
S01621,C014,397.77
S01621,C015,571.567
S01621,C016,710.432
S01621,C017,691.27
S01621,C018,792.935
S01621,C019,800.65
S01621,C020,453.586
S01622,C001,418.764
S01622,C002,302.687
S01622,C003,364.095
S01622,C004,321.115
S01622,C005,389.062
S01622,C006,392.541
S01622,C007,288.952
S01622,C008,366.208
S01622,C009,378.121
S01622,C010,428.489
S01622,C011,367.063
S01622,C012,320.144
S01622,C013,341.454
S01622,C014,302.585
S01622,C015,428.176
S01622,C016,422.031
S01622,C017,333.504
S01622,C018,409.036
S01622,C019,402.019
S01622,C020,50.337
S01623,C001,403.092
S01623,C002,300.41
S01623,C003,385.17
S01623,C004,353.054
S01623,C005,431.979
S01623,C006,351.844
S01623,C007,270.42
S01623,C008,348.424
S01623,C009,393.114
S01623,C010,456.952
S01623,C011,413.271
S01623,C012,375.102
S01623,C013,399.917
S01623,C014,361.561
S01623,C015,482.123
S01623,C016,362.784
S01623,C017,278.435
S01623,C018,362.195
S01623,C019,364.563
S01623,C020,47.101
S01624,C001,259.649
S01624,C002,286.614
S01624,C003,439.539
S01624,C004,469.411
S01624,C005,583.543
S01624,C006,470.841
S01624,C007,503.167
S01624,C008,567.287
S01624,C009,686.043
S01624,C010,767.37
S01624,C011,734.222
S01624,C012,687.273
S01624,C013,696.778
S01624,C014,633.813
S01624,C015,694.956
S01624,C016,234.093
S01624,C017,88.23
S01624,C018,42.603
S01624,C019,102.9
S01624,C020,321.526
S01625,C001,454.525
S01625,C002,367.274
S01625,C003,215.462
S01625,C004,193.157
S01625,C005,113.374
S01625,C006,888.815
S01625,C007,780.295
S01625,C008,854.454
S01625,C009,796.448
S01625,C010,783.642
S01625,C011,629.73
S01625,C012,514.809
S01625,C013,445.411
S01625,C014,353.27
S01625,C015,208.629
S01625,C016,834.749
S01625,C017,686.467
S01625,C018,667.493
S01625,C019,594.672
S01625,C020,491.16
S01626,C001,693.473
S01626,C002,560.091
S01626,C003,543.91
S01626,C004,467.287
S01626,C005,453.887
S01626,C006,555.245
S01626,C007,389.516
S01626,C008,432.162
S01626,C009,278.447
S01626,C010,229.612
S01626,C011,73.225
S01626,C012,52.617
S01626,C013,134.241
S01626,C014,207.264
S01626,C015,380.016
S01626,C016,703.23
S01626,C017,641.492
S01626,C018,721.467
S01626,C019,709.19
S01626,C020,361.003
S01627,C001,776.704
S01627,C002,646.799
S01627,C003,644.489
S01627,C004,570.112
S01627,C005,562.124
S01627,C006,531.848
S01627,C007,363.914
S01627,C008,388.071
S01627,C009,201.101
S01627,C010,125.261
S01627,C011,45.621
S01627,C012,156.967
S01627,C013,236.909
S01627,C014,316.035
S01627,C015,487.292
S01627,C016,722.602
S01627,C017,683.857
S01627,C018,776.282
S01627,C019,774.583
S01627,C020,422.924
S01628,C001,700.104
S01628,C002,641.45
S01628,C003,754.267
S01628,C004,728.97
S01628,C005,806.251
S01628,C006,25.222
S01628,C007,189.609
S01628,C008,177.508
S01628,C009,383.652
S01628,C010,499.367
S01628,C011,581.709
S01628,C012,618.198
S01628,C013,679.848
S01628,C014,684.105
S01628,C015,836.536
S01628,C016,302.762
S01628,C017,397.04
S01628,C018,520.816
S01628,C019,581.639
S01628,C020,423.26
S01629,C001,61.928
S01629,C002,140.689
S01629,C003,278.13
S01629,C004,332.415
S01629,C005,446.613
S01629,C006,624.545
S01629,C007,611.844
S01629,C008,685.687
S01629,C009,756.83
S01629,C010,815.014
S01629,C011,740.309
S01629,C012,665.911
S01629,C013,651.781
S01629,C014,569.215
S01629,C015,580.907
S01629,C016,428.724
S01629,C017,271.231
S01629,C018,193.896
S01629,C019,109.022
S01629,C020,337.758
S01630,C001,753.194
S01630,C002,651.98
S01630,C003,716.675
S01630,C004,664.743
S01630,C005,707.201
S01630,C006,254.219
S01630,C007,113.855
S01630,C008,92.92
S01630,C009,114.477
S01630,C010,230.558
S01630,C011,337.387
S01630,C012,404.414
S01630,C013,479.945
S01630,C014,516.679
S01630,C015,689.973
S01630,C016,512.567
S01630,C017,536.868
S01630,C018,655.088
S01630,C019,686.848
S01630,C020,390.92
S01631,C001,423.23
S01631,C002,318.693
S01631,C003,176.917
S01631,C004,129.015
S01631,C005,33.548
S01631,C006,810.886
S01631,C007,700.198
S01631,C008,774.174
S01631,C009,717.633
S01631,C010,708.205
S01631,C011,558.032
S01631,C012,444.22
S01631,C013,379.236
S01631,C014,283.601
S01631,C015,166.217
S01631,C016,768.712
S01631,C017,624.73
S01631,C018,616.697
S01631,C019,549.37
S01631,C020,414.556
S01632,C001,886.902
S01632,C002,762.362
S01632,C003,775.019
S01632,C004,703.524
S01632,C005,702.005
S01632,C006,522.696
S01632,C007,366.823
S01632,C008,361.417
S01632,C009,154.977
S01632,C010,44.812
S01632,C011,183.874
S01632,C012,298.407
S01632,C013,377.306
S01632,C014,457.635
S01632,C015,628.711
S01632,C016,759.861
S01632,C017,749.659
S01632,C018,854.254
S01632,C019,864.705
S01632,C020,519.573
S01633,C001,677.286
S01633,C002,584.505
S01633,C003,663.744
S01633,C004,619.684
S01633,C005,675.407
S01633,C006,180.991
S01633,C007,21.098
S01633,C008,66.775
S01633,C009,195.012
S01633,C010,306.679
S01633,C011,381.157
S01633,C012,425.435
S01633,C013,493.096
S01633,C014,512.334
S01633,C015,677.875
S01633,C016,420.666
S01633,C017,445.794
S01633,C018,565.456
S01633,C019,601.037
S01633,C020,327.887
S01634,C001,751.115
S01634,C002,670.867
S01634,C003,762.404
S01634,C004,723.517
S01634,C005,784.622
S01634,C006,126.188
S01634,C007,116.556
S01634,C008,56.362
S01634,C009,259.964
S01634,C010,375.927
S01634,C011,478.948
S01634,C012,533.726
S01634,C013,603.836
S01634,C014,625.497
S01634,C015,790.903
S01634,C016,418.237
S01634,C017,482.215
S01634,C018,606.549
S01634,C019,655.049
S01634,C020,423.607
S01635,C001,526.241
S01635,C002,421.389
S01635,C003,279.988
S01635,C004,229.147
S01635,C005,114.703
S01635,C006,879.243
S01635,C007,755.825
S01635,C008,826.431
S01635,C009,745.544
S01635,C010,719.994
S01635,C011,558.642
S01635,C012,443.199
S01635,C013,367.831
S01635,C014,284.431
S01635,C015,117.319
S01635,C016,860.006
S01635,C017,720.379
S01635,C018,717.992
S01635,C019,652.124
S01635,C020,491.011
S01636,C001,422.209
S01636,C002,405.315
S01636,C003,548.272
S01636,C004,553.902
S01636,C005,658.04
S01636,C006,296.881
S01636,C007,361.411
S01636,C008,413.928
S01636,C009,565.42
S01636,C010,662.262
S01636,C011,667.025
S01636,C012,647.872
S01636,C013,678.143
S01636,C014,637.912
S01636,C015,740.373
S01636,C016,89.469
S01636,C017,92.587
S01636,C018,212.775
S01636,C019,281.034
S01636,C020,305.076
S01637,C001,117.996
S01637,C002,75.295
S01637,C003,128.322
S01637,C004,196.377
S01637,C005,303.976
S01637,C006,694.114
S01637,C007,643.944
S01637,C008,721.587
S01637,C009,750.229
S01637,C010,787.509
S01637,C011,684.201
S01637,C012,592.997
S01637,C013,562.144
S01637,C014,469.875
S01637,C015,447.281
S01637,C016,549.903
S01637,C017,390.885
S01637,C018,340.883
S01637,C019,260.968
S01637,C020,334.32
S01638,C001,144.659
S01638,C002,28.37
S01638,C003,125.749
S01638,C004,172.794
S01638,C005,287.237
S01638,C006,643.532
S01638,C007,588.207
S01638,C008,666.005
S01638,C009,692.834
S01638,C010,731.061
S01638,C011,630.86
S01638,C012,542.567
S01638,C013,515.994
S01638,C014,426.5
S01638,C015,422.146
S01638,C016,516.095
S01638,C017,359.357
S01638,C018,326.853
S01638,C019,255.079
S01638,C020,277.34
S01639,C001,765.735
S01639,C002,702.36
S01639,C003,809.755
S01639,C004,780.037
S01639,C005,851.803
S01639,C006,84.876
S01639,C007,202.852
S01639,C008,162.992
S01639,C009,367.712
S01639,C010,483.537
S01639,C011,584.354
S01639,C012,633.025
S01639,C013,699.812
S01639,C014,713.198
S01639,C015,872.262
S01639,C016,369.283
S01639,C017,465.986
S01639,C018,589.868
S01639,C019,650.041
S01639,C020,474.276
S01640,C001,753.381
S01640,C002,668.288
S01640,C003,754.346
S01640,C004,712.523
S01640,C005,769.765
S01640,C006,153.327
S01640,C007,102.934
S01640,C008,29.253
S01640,C009,228.21
S01640,C010,344.142
S01640,C011,449.249
S01640,C012,506.977
S01640,C013,578.427
S01640,C014,603.437
S01640,C015,770.921
S01640,C016,439.513
S01640,C017,494.836
S01640,C018,618.442
S01640,C019,663.456
S01640,C020,416.439
S01641,C001,173.607
S01641,C002,261.29
S01641,C003,404.333
S01641,C004,455.246
S01641,C005,570.371
S01641,C006,602.892
S01641,C007,624.704
S01641,C008,692.306
S01641,C009,795.439
S01641,C010,867.638
S01641,C011,814.315
S01641,C012,752.187
S01641,C013,748.151
S01641,C014,672.49
S01641,C015,700.382
S01641,C016,359.317
S01641,C017,221.077
S01641,C018,103.373
S01641,C019,46.642
S01641,C020,398.209
S01642,C001,288.396
S01642,C002,339.664
S01642,C003,491.943
S01642,C004,528.105
S01642,C005,643.189
S01642,C006,505.232
S01642,C007,554.677
S01642,C008,614.767
S01642,C009,744.575
S01642,C010,829.436
S01642,C011,801.173
S01642,C012,755.774
S01642,C013,765.523
S01642,C014,701.974
S01642,C015,758.993
S01642,C016,238.003
S01642,C017,129.759
S01642,C018,39.429
S01642,C019,122.085
S01642,C020,389.892
S01643,C001,832.391
S01643,C002,714.655
S01643,C003,746.313
S01643,C004,680.917
S01643,C005,696.094
S01643,C006,421.519
S01643,C007,268.816
S01643,C008,259.819
S01643,C009,54.702
S01643,C010,67.253
S01643,C011,220.491
S01643,C012,320.563
S01643,C013,402.285
S01643,C014,467.01
S01643,C015,643.586
S01643,C016,666.132
S01643,C017,667.067
S01643,C018,776.909
S01643,C019,794.668
S01643,C020,460.484
S01644,C001,409.064
S01644,C002,405.996
S01644,C003,553.236
S01644,C004,564.969
S01644,C005,672.205
S01644,C006,333.826
S01644,C007,403.629
S01644,C008,455.358
S01644,C009,607.583
S01644,C010,703.869
S01644,C011,705.463
S01644,C012,682.81
S01644,C013,710.181
S01644,C014,666.022
S01644,C015,761.265
S01644,C016,82.68
S01644,C017,76.925
S01644,C018,183.394
S01644,C019,258.746
S01644,C020,332.833
S01645,C001,40.334
S01645,C002,121.355
S01645,C003,252.394
S01645,C004,309.581
S01645,C005,422.902
S01645,C006,640.663
S01645,C007,621.241
S01645,C008,696.046
S01645,C009,759.777
S01645,C010,814.325
S01645,C011,734.137
S01645,C012,656.371
S01645,C013,639.064
S01645,C014,554.374
S01645,C015,559.398
S01645,C016,453.078
S01645,C017,294.643
S01645,C018,221.634
S01645,C019,137.163
S01645,C020,338.308
S01646,C001,593.718
S01646,C002,457.603
S01646,C003,410.868
S01646,C004,330.247
S01646,C005,301.272
S01646,C006,625.644
S01646,C007,473.587
S01646,C008,532.457
S01646,C009,416.355
S01646,C010,383.659
S01646,C011,225.594
S01646,C012,111.254
S01646,C013,63.998
S01646,C014,51.918
S01646,C015,227.872
S01646,C016,709.794
S01646,C017,615.696
S01646,C018,671.903
S01646,C019,641.87
S01646,C020,324.981
S01647,C001,668.16
S01647,C002,624.055
S01647,C003,747.947
S01647,C004,731.203
S01647,C005,816.958
S01647,C006,89.15
S01647,C007,251.29
S01647,C008,253.225
S01647,C009,456.136
S01647,C010,570.823
S01647,C011,641.162
S01647,C012,667.278
S01647,C013,723.443
S01647,C014,717.885
S01647,C015,860.927
S01647,C016,234.377
S01647,C017,349.106
S01647,C018,469.3
S01647,C019,537.234
S01647,C020,430.452
S01648,C001,702.301
S01648,C002,609.073
S01648,C003,686.797
S01648,C004,641.58
S01648,C005,695.165
S01648,C006,186.438
S01648,C007,44.453
S01648,C008,48.081
S01648,C009,182.661
S01648,C010,296.827
S01648,C011,382.239
S01648,C012,432.931
S01648,C013,502.835
S01648,C014,526.242
S01648,C015,693.805
S01648,C016,439.047
S01648,C017,468.949
S01648,C018,589.194
S01648,C019,625.622
S01648,C020,351.802
S01649,C001,279.735
S01649,C002,326.886
S01649,C003,479.414
S01649,C004,514.552
S01649,C005,629.514
S01649,C006,498.548
S01649,C007,544.292
S01649,C008,605.318
S01649,C009,732.657
S01649,C010,816.681
S01649,C011,787.134
S01649,C012,741.217
S01649,C013,750.752
S01649,C014,687.16
S01649,C015,744.658
S01649,C016,236.988
S01649,C017,119.804
S01649,C018,27.361
S01649,C019,113.461
S01649,C020,375.382
S01650,C001,741.452
S01650,C002,606.597
S01650,C003,577.628
S01650,C004,498.374
S01650,C005,470.956
S01650,C006,613.788
S01650,C007,446.81
S01650,C008,484.781
S01650,C009,315.755
S01650,C010,245.58
S01650,C011,75.402
S01650,C012,63.475
S01650,C013,126.025
S01650,C014,218.419
S01650,C015,378.394
S01650,C016,766.248
S01650,C017,702.921
S01650,C018,780.409
S01650,C019,765.16
S01650,C020,419.791
S01651,C001,711.323
S01651,C002,604.774
S01651,C003,662.453
S01651,C004,608.188
S01651,C005,647.791
S01651,C006,279.598
S01651,C007,116.346
S01651,C008,133.932
S01651,C009,101.772
S01651,C010,208.275
S01651,C011,288.831
S01651,C012,347.592
S01651,C013,421.591
S01651,C014,456.18
S01651,C015,629.278
S01651,C016,510.812
S01651,C017,516.849
S01651,C018,630.649
S01651,C019,655.646
S01651,C020,343.474
S01652,C001,758.409
S01652,C002,669.562
S01652,C003,750.989
S01652,C004,706.749
S01652,C005,760.608
S01652,C006,177.241
S01652,C007,100.527
S01652,C008,23.572
S01652,C009,202.828
S01652,C010,318.658
S01652,C011,426.452
S01652,C012,487.201
S01652,C013,559.891
S01652,C014,588.036
S01652,C015,757.241
S01652,C016,459.096
S01652,C017,508.214
S01652,C018,631.055
S01652,C019,673.375
S01652,C020,414.6
S01653,C001,219.944
S01653,C002,116.348
S01653,C003,37.919
S01653,C004,92.953
S01653,C005,201.782
S01653,C006,696.876
S01653,C007,622.42
S01653,C008,700.381
S01653,C009,700.997
S01653,C010,725.091
S01653,C011,607.547
S01653,C012,509.12
S01653,C013,470.637
S01653,C014,375.426
S01653,C015,343.691
S01653,C016,595.882
S01653,C017,442.122
S01653,C018,416.534
S01653,C019,344.915
S01653,C020,308.367
S01654,C001,219.265
S01654,C002,245.761
S01654,C003,398.715
S01654,C004,431.03
S01654,C005,545.755
S01654,C006,493.484
S01654,C007,512.762
S01654,C008,580.048
S01654,C009,687.299
S01654,C010,763.675
S01654,C011,721.322
S01654,C012,668.581
S01654,C013,673.716
S01654,C014,606.896
S01654,C015,660.632
S01654,C016,272.003
S01654,C017,118.0
S01654,C018,60.731
S01654,C019,72.442
S01654,C020,305.151
S01655,C001,752.503
S01655,C002,672.862
S01655,C003,765.012
S01655,C004,726.442
S01655,C005,787.925
S01655,C006,123.894
S01655,C007,120.052
S01655,C008,60.631
S01655,C009,264.011
S01655,C010,379.945
S01655,C011,483.217
S01655,C012,537.93
S01655,C013,607.974
S01655,C014,629.42
S01655,C015,794.659
S01655,C016,416.888
S01655,C017,482.236
S01655,C018,606.648
S01655,C019,655.634
S01655,C020,426.18
S01656,C001,590.864
S01656,C002,458.183
S01656,C003,374.916
S01656,C004,293.479
S01656,C005,228.13
S01656,C006,726.942
S01656,C007,580.699
S01656,C008,642.498
S01656,C009,529.484
S01656,C010,491.105
S01656,C011,326.016
S01656,C012,211.309
S01656,C013,133.747
S01656,C014,68.476
S01656,C015,119.191
S01656,C016,782.154
S01656,C017,671.543
S01656,C018,709.862
S01656,C019,667.003
S01656,C020,390.064
S01657,C001,580.303
S01657,C002,481.151
S01657,C003,335.449
S01657,C004,291.165
S01657,C005,178.617
S01657,C006,942.552
S01657,C007,816.446
S01657,C008,885.984
S01657,C009,797.291
S01657,C010,765.265
S01657,C011,600.249
S01657,C012,485.741
S01657,C013,407.126
S01657,C014,331.935
S01657,C015,155.673
S01657,C016,925.057
S01657,C017,784.631
S01657,C018,779.439
S01657,C019,711.657
S01657,C020,555.904
S01658,C001,200.829
S01658,C002,236.637
S01658,C003,389.201
S01658,C004,425.141
S01658,C005,540.384
S01658,C006,514.67
S01658,C007,531.854
S01658,C008,599.772
S01658,C009,703.969
S01658,C010,778.611
S01658,C011,732.544
S01658,C012,677.031
S01658,C013,679.73
S01658,C014,610.595
S01658,C015,658.608
S01658,C016,291.783
S01658,C017,139.13
S01658,C018,63.798
S01658,C019,51.276
S01658,C020,315.725
S01659,C001,783.34
S01659,C002,663.776
S01659,C003,692.736
S01659,C004,626.975
S01659,C005,642.423
S01659,C006,414.21
S01659,C007,252.207
S01659,C008,259.219
S01659,C009,61.392
S01659,C010,74.979
S01659,C011,182.18
S01659,C012,273.617
S01659,C013,354.946
S01659,C014,415.663
S01659,C015,592.58
S01659,C016,640.927
S01659,C017,630.998
S01659,C018,737.418
S01659,C019,751.3
S01659,C020,412.161
S01660,C001,668.395
S01660,C002,539.075
S01660,C003,439.588
S01660,C004,361.392
S01660,C005,273.36
S01660,C006,814.324
S01660,C007,663.411
S01660,C008,721.454
S01660,C009,591.514
S01660,C010,537.812
S01660,C011,367.497
S01660,C012,261.519
S01660,C013,180.251
S01660,C014,156.961
S01660,C015,127.09
S01660,C016,876.64
S01660,C017,765.307
S01660,C018,800.474
S01660,C019,754.39
S01660,C020,484.571
S01661,C001,741.583
S01661,C002,656.141
S01661,C003,742.143
S01661,C004,700.455
S01661,C005,758.078
S01661,C006,149.929
S01661,C007,90.833
S01661,C008,20.458
S01661,C009,225.731
S01661,C010,341.846
S01661,C011,442.983
S01661,C012,498.634
S01661,C013,569.437
S01661,C014,593.22
S01661,C015,760.164
S01661,C016,432.33
S01661,C017,484.859
S01661,C018,608.242
S01661,C019,652.534
S01661,C020,404.212
S01662,C001,349.346
S01662,C002,335.812
S01662,C003,481.779
S01662,C004,492.949
S01662,C005,600.53
S01662,C006,355.321
S01662,C007,394.316
S01662,C008,455.134
S01662,C009,586.739
S01662,C010,675.645
S01662,C011,661.775
S01662,C012,630.161
S01662,C013,652.164
S01662,C014,602.882
S01662,C015,692.006
S01662,C016,152.185
S01662,C017,30.606
S01662,C018,154.074
S01662,C019,212.535
S01662,C020,271.378
S01663,C001,353.305
S01663,C002,253.517
S01663,C003,107.117
S01663,C004,77.925
S01663,C005,78.362
S01663,C006,781.591
S01663,C007,682.668
S01663,C008,758.655
S01663,C009,721.188
S01663,C010,723.048
S01663,C011,582.27
S01663,C012,471.921
S01663,C013,414.931
S01663,C014,316.609
S01663,C015,228.684
S01663,C016,717.598
S01663,C017,569.218
S01663,C018,553.357
S01663,C019,483.336
S01663,C020,382.808
S01664,C001,427.918
S01664,C002,310.773
S01664,C003,187.276
S01664,C004,117.413
S01664,C005,25.661
S01664,C006,762.565
S01664,C007,646.874
S01664,C008,719.974
S01664,C009,659.258
S01664,C010,649.484
S01664,C011,500.26
S01664,C012,387.005
S01664,C013,324.342
S01664,C014,227.384
S01664,C015,136.809
S01664,C016,736.608
S01664,C017,598.194
S01664,C018,601.384
S01664,C019,539.904
S01664,C020,369.925
S01665,C001,274.858
S01665,C002,286.232
S01665,C003,438.194
S01665,C004,462.475
S01665,C005,575.242
S01665,C006,440.326
S01665,C007,470.276
S01665,C008,534.603
S01665,C009,653.581
S01665,C010,735.754
S01665,C011,705.492
S01665,C012,661.315
S01665,C013,673.412
S01665,C014,613.332
S01665,C015,681.553
S01665,C016,215.795
S01665,C017,60.694
S01665,C018,75.185
S01665,C019,127.969
S01665,C020,295.366
S01666,C001,662.183
S01666,C002,588.264
S01666,C003,688.928
S01666,C004,656.549
S01666,C005,726.895
S01666,C006,72.294
S01666,C007,96.22
S01666,C008,108.502
S01666,C009,301.755
S01666,C010,415.53
S01666,C011,488.335
S01666,C012,523.359
S01666,C013,585.575
S01666,C014,592.602
S01666,C015,748.77
S01666,C016,331.524
S01666,C017,388.332
S01666,C018,512.64
S01666,C019,561.83
S01666,C020,351.48
S01667,C001,296.728
S01667,C002,182.171
S01667,C003,65.818
S01667,C004,16.379
S01667,C005,127.447
S01667,C006,707.237
S01667,C007,615.605
S01667,C008,692.583
S01667,C009,670.721
S01667,C010,683.504
S01667,C011,554.674
S01667,C012,450.604
S01667,C013,405.056
S01667,C014,307.752
S01667,C015,266.304
S01667,C016,637.764
S01667,C017,490.08
S01667,C018,479.04
S01667,C019,412.807
S01667,C020,309.203
S01668,C001,355.58
S01668,C002,262.244
S01668,C003,363.706
S01668,C004,342.684
S01668,C005,432.546
S01668,C006,367.079
S01668,C007,307.817
S01668,C008,384.91
S01668,C009,444.545
S01668,C010,510.716
S01668,C011,465.413
S01668,C012,421.885
S01668,C013,440.65
S01668,C014,393.422
S01668,C015,498.746
S01668,C016,333.062
S01668,C017,232.33
S01668,C018,309.483
S01668,C019,310.596
S01668,C020,60.225
S01669,C001,388.017
S01669,C002,274.365
S01669,C003,145.729
S01669,C004,80.444
S01669,C005,35.244
S01669,C006,755.843
S01669,C007,647.628
S01669,C008,722.265
S01669,C009,673.381
S01669,C010,670.252
S01669,C011,526.216
S01669,C012,414.85
S01669,C013,356.512
S01669,C014,258.324
S01669,C015,178.512
S01669,C016,714.284
S01669,C017,571.912
S01669,C018,568.795
S01669,C019,504.647
S01669,C020,358.973
S01670,C001,645.882
S01670,C002,550.496
S01670,C003,627.613
S01670,C004,583.125
S01670,C005,639.028
S01670,C006,198.506
S01670,C007,33.09
S01670,C008,103.371
S01670,C009,198.718
S01670,C010,304.396
S01670,C011,362.559
S01670,C012,398.911
S01670,C013,464.02
S01670,C014,479.427
S01670,C015,643.364
S01670,C016,413.491
S01670,C017,426.005
S01670,C018,543.292
S01670,C019,575.003
S01670,C020,292.594
S01671,C001,481.156
S01671,C002,364.401
S01671,C003,417.382
S01671,C004,367.511
S01671,C005,423.033
S01671,C006,369.398
S01671,C007,245.482
S01671,C008,320.331
S01671,C009,316.249
S01671,C010,366.769
S01671,C011,315.272
S01671,C012,282.974
S01671,C013,317.529
S01671,C014,296.762
S01671,C015,441.941
S01671,C016,443.954
S01671,C017,374.422
S01671,C018,460.115
S01671,C019,459.258
S01671,C020,110.606
S01672,C001,53.97
S01672,C002,189.398
S01672,C003,287.308
S01672,C004,357.346
S01672,C005,464.216
S01672,C006,718.76
S01672,C007,705.718
S01672,C008,779.976
S01672,C009,845.498
S01672,C010,898.885
S01672,C011,814.593
S01672,C012,732.902
S01672,C013,710.585
S01672,C014,622.159
S01672,C015,608.352
S01672,C016,511.629
S01672,C017,357.927
S01672,C018,262.806
S01672,C019,176.616
S01672,C020,423.697
S01673,C001,472.29
S01673,C002,365.662
S01673,C003,226.013
S01673,C004,173.31
S01673,C005,59.682
S01673,C006,835.0
S01673,C007,717.081
S01673,C008,789.357
S01673,C009,720.053
S01673,C010,702.653
S01673,C011,546.652
S01673,C012,431.458
S01673,C013,361.163
S01673,C014,269.986
S01673,C015,128.108
S01673,C016,806.7
S01673,C017,665.674
S01673,C018,662.152
S01673,C019,596.386
S01673,C020,442.748
S01674,C001,642.836
S01674,C002,507.091
S01674,C003,471.673
S01674,C004,392.149
S01674,C005,367.36
S01674,C006,604.037
S01674,C007,444.714
S01674,C008,497.086
S01674,C009,363.111
S01674,C010,321.233
S01674,C011,159.831
S01674,C012,45.151
S01674,C013,52.421
S01674,C014,116.839
S01674,C015,288.377
S01674,C016,716.071
S01674,C017,634.923
S01674,C018,701.319
S01674,C019,678.35
S01674,C020,344.651
S01675,C001,191.802
S01675,C002,78.721
S01675,C003,75.614
S01675,C004,120.522
S01675,C005,234.053
S01675,C006,667.3
S01675,C007,599.271
S01675,C008,677.325
S01675,C009,687.934
S01675,C010,717.873
S01675,C011,607.584
S01675,C012,513.502
S01675,C013,480.585
S01675,C014,387.88
S01675,C015,371.316
S01675,C016,558.875
S01675,C017,404.514
S01675,C018,378.952
S01675,C019,308.507
S01675,C020,284.911
S01676,C001,607.562
S01676,C002,485.69
S01676,C003,367.796
S01676,C004,296.164
S01676,C005,192.383
S01676,C006,842.055
S01676,C007,701.679
S01676,C008,765.918
S01676,C009,656.756
S01676,C010,615.431
S01676,C011,447.72
S01676,C012,335.087
S01676,C013,254.418
S01676,C014,193.231
S01676,C015,45.219
S01676,C016,869.883
S01676,C017,745.432
S01676,C018,765.358
S01676,C019,710.638
S01676,C020,481.22
S01677,C001,796.227
S01677,C002,677.333
S01677,C003,707.454
S01677,C004,641.927
S01677,C005,657.601
S01677,C006,413.829
S01677,C007,254.13
S01677,C008,256.516
S01677,C009,52.828
S01677,C010,70.407
S01677,C011,193.389
S01677,C012,287.359
S01677,C013,368.834
S01677,C014,430.483
S01677,C015,607.346
S01677,C016,646.057
S01677,C017,639.501
S01677,C018,747.058
S01677,C019,762.218
S01677,C020,424.715
S01678,C001,143.909
S01678,C002,191.297
S01678,C003,341.501
S01678,C004,384.103
S01678,C005,499.746
S01678,C006,558.234
S01678,C007,562.069
S01678,C008,632.896
S01678,C009,723.15
S01678,C010,791.09
S01678,C011,732.899
S01678,C012,669.373
S01678,C013,665.282
S01678,C014,590.409
S01678,C015,624.554
S01678,C016,347.611
S01678,C017,192.024
S01678,C018,114.261
S01678,C019,41.159
S01678,C020,317.973
S01679,C001,227.042
S01679,C002,176.041
S01679,C003,72.907
S01679,C004,151.772
S01679,C005,226.973
S01679,C006,783.977
S01679,C007,714.162
S01679,C008,792.174
S01679,C009,792.31
S01679,C010,813.179
S01679,C011,689.551
S01679,C012,586.694
S01679,C013,540.829
S01679,C014,443.061
S01679,C015,377.358
S01679,C016,663.492
S01679,C017,505.744
S01679,C018,460.478
S01679,C019,380.084
S01679,C020,399.813
S01680,C001,326.023
S01680,C002,354.37
S01680,C003,507.111
S01680,C004,534.09
S01680,C005,647.279
S01680,C006,442.271
S01680,C007,497.223
S01680,C008,555.095
S01680,C009,691.885
S01680,C010,780.585
S01680,C011,761.983
S01680,C012,724.015
S01680,C013,739.873
S01680,C014,682.713
S01680,C015,753.91
S01680,C016,177.873
S01680,C017,75.721
S01680,C018,78.67
S01680,C019,163.274
S01680,C020,359.326
S01681,C001,409.256
S01681,C002,381.513
S01681,C003,520.946
S01681,C004,522.958
S01681,C005,625.325
S01681,C006,289.093
S01681,C007,336.903
S01681,C008,393.901
S01681,C009,536.612
S01681,C010,630.964
S01681,C011,631.368
S01681,C012,610.66
S01681,C013,640.549
S01681,C014,600.547
S01681,C015,704.785
S01681,C016,124.847
S01681,C017,94.42
S01681,C018,219.173
S01681,C019,278.385
S01681,C020,267.937
S01682,C001,612.168
S01682,C002,492.871
S01682,C003,369.966
S01682,C004,301.246
S01682,C005,193.078
S01682,C006,862.764
S01682,C007,723.455
S01682,C008,788.105
S01682,C009,679.808
S01682,C010,638.277
S01682,C011,470.349
S01682,C012,357.959
S01682,C013,277.146
S01682,C014,215.988
S01682,C015,56.6
S01682,C016,885.944
S01682,C017,759.372
S01682,C018,776.147
S01682,C019,719.545
S01682,C020,498.655
S01683,C001,447.766
S01683,C002,338.364
S01683,C003,202.064
S01683,C004,145.143
S01683,C005,30.416
S01683,C006,807.955
S01683,C007,692.179
S01683,C008,765.073
S01683,C009,700.923
S01683,C010,687.409
S01683,C011,534.463
S01683,C012,419.934
S01683,C013,352.764
S01683,C014,258.603
S01683,C015,135.034
S01683,C016,777.384
S01683,C017,636.433
S01683,C018,633.879
S01683,C019,568.967
S01683,C020,414.574
S01684,C001,390.809
S01684,C002,283.351
S01684,C003,362.993
S01684,C004,329.495
S01684,C005,408.097
S01684,C006,375.621
S01684,C007,290.562
S01684,C008,368.615
S01684,C009,403.732
S01684,C010,462.381
S01684,C011,409.71
S01684,C012,365.204
S01684,C013,385.769
S01684,C014,343.203
S01684,C015,459.839
S01684,C016,380.654
S01684,C017,288.436
S01684,C018,365.372
S01684,C019,362.01
S01684,C020,24.124
S01685,C001,373.226
S01685,C002,260.93
S01685,C003,335.614
S01685,C004,301.505
S01685,C005,381.015
S01685,C006,403.509
S01685,C007,316.979
S01685,C008,394.992
S01685,C009,421.91
S01685,C010,475.182
S01685,C011,412.704
S01685,C012,360.598
S01685,C013,375.373
S01685,C014,326.808
S01685,C015,436.607
S01685,C016,398.665
S01685,C017,297.275
S01685,C018,365.657
S01685,C019,355.621
S01685,C020,6.511
S01686,C001,389.422
S01686,C002,267.377
S01686,C003,157.63
S01686,C004,78.874
S01686,C005,62.041
S01686,C006,719.554
S01686,C007,608.699
S01686,C008,682.991
S01686,C009,633.173
S01686,C010,631.191
S01686,C011,489.274
S01686,C012,379.188
S01686,C013,324.316
S01686,C014,225.789
S01686,C015,173.685
S01686,C016,688.121
S01686,C017,549.635
S01686,C018,554.492
S01686,C019,494.789
S01686,C020,324.468
S01687,C001,664.627
S01687,C002,577.568
S01687,C003,664.29
S01687,C004,624.201
S01687,C005,685.383
S01687,C006,146.277
S01687,C007,22.497
S01687,C008,70.335
S01687,C009,230.979
S01687,C010,342.994
S01687,C011,414.445
S01687,C012,453.904
S01687,C013,519.147
S01687,C014,533.161
S01687,C015,695.244
S01687,C016,387.235
S01687,C017,419.959
S01687,C018,541.347
S01687,C019,580.883
S01687,C020,325.942
S01688,C001,851.45
S01688,C002,717.323
S01688,C003,690.826
S01688,C004,611.409
S01688,C005,580.173
S01688,C006,653.831
S01688,C007,486.018
S01688,C008,507.676
S01688,C009,311.55
S01688,C010,209.714
S01688,C011,104.125
S01688,C012,176.584
S01688,C013,231.215
S01688,C014,327.98
S01688,C015,477.213
S01688,C016,839.766
S01688,C017,791.63
S01688,C018,876.925
S01688,C019,867.353
S01688,C020,517.533
S01689,C001,572.308
S01689,C002,569.057
S01689,C003,713.761
S01689,C004,719.361
S01689,C005,822.19
S01689,C006,279.687
S01689,C007,410.843
S01689,C008,436.542
S01689,C009,624.967
S01689,C010,734.149
S01689,C011,772.341
S01689,C012,772.44
S01689,C013,813.168
S01689,C014,784.067
S01689,C015,898.42
S01689,C016,82.143
S01689,C017,241.706
S01689,C018,333.511
S01689,C019,416.202
S01689,C020,456.89
S01690,C001,618.39
S01690,C002,493.841
S01690,C003,381.763
S01690,C004,307.463
S01690,C005,208.95
S01690,C006,828.54
S01690,C007,685.467
S01690,C008,748.381
S01690,C009,634.64
S01690,C010,590.943
S01690,C011,422.605
S01690,C012,310.782
S01690,C013,229.639
S01690,C014,174.282
S01690,C015,58.55
S01690,C016,865.234
S01690,C017,744.199
S01690,C018,768.526
S01690,C019,716.292
S01690,C020,474.75
S01691,C001,518.098
S01691,C002,411.827
S01691,C003,480.507
S01691,C004,435.6
S01691,C005,495.321
S01691,C006,298.193
S01691,C007,174.345
S01691,C008,250.686
S01691,C009,278.734
S01691,C010,349.691
S01691,C011,333.942
S01691,C012,325.526
S01691,C013,371.979
S01691,C014,362.836
S01691,C015,513.54
S01691,C016,404.126
S01691,C017,360.103
S01691,C018,460.404
S01691,C019,473.162
S01691,C020,150.479
S01692,C001,356.297
S01692,C002,341.586
S01692,C003,487.03
S01692,C004,497.324
S01692,C005,604.446
S01692,C006,348.455
S01692,C007,388.976
S01692,C008,449.274
S01692,C009,582.419
S01692,C010,672.029
S01692,C011,659.836
S01692,C012,629.434
S01692,C013,652.313
S01692,C014,604.003
S01692,C015,694.75
S01692,C016,146.758
S01692,C017,36.251
S01692,C018,160.487
S01692,C019,219.645
S01692,C020,271.952
S01693,C001,253.594
S01693,C002,279.162
S01693,C003,432.078
S01693,C004,461.9
S01693,C005,576.049
S01693,C006,472.166
S01693,C007,501.938
S01693,C008,566.675
S01693,C009,683.42
S01693,C010,763.955
S01693,C011,729.405
S01693,C012,681.653
S01693,C013,690.609
S01693,C014,627.193
S01693,C015,687.656
S01693,C016,239.121
S01693,C017,90.502
S01693,C018,45.976
S01693,C019,98.838
S01693,C020,316.066
S01694,C001,586.937
S01694,C002,458.844
S01694,C003,357.257
S01694,C004,279.079
S01694,C005,193.453
S01694,C006,778.517
S01694,C007,636.311
S01694,C008,699.999
S01694,C009,591.401
S01694,C010,553.089
S01694,C011,387.142
S01694,C012,272.985
S01694,C013,193.969
S01694,C014,127.001
S01694,C015,60.034
S01694,C016,817.024
S01694,C017,698.311
S01694,C018,726.634
S01694,C019,677.31
S01694,C020,425.878
S01695,C001,296.306
S01695,C002,207.444
S01695,C003,54.559
S01695,C004,80.653
S01695,C005,137.809
S01695,C006,771.793
S01695,C007,684.485
S01695,C008,761.701
S01695,C009,740.615
S01695,C010,751.266
S01695,C011,618.326
S01695,C012,511.371
S01695,C013,460.092
S01695,C014,361.646
S01695,C015,288.135
S01695,C016,685.665
S01695,C017,533.044
S01695,C018,507.136
S01695,C019,433.443
S01695,C020,375.519
S01696,C001,266.638
S01696,C002,323.085
S01696,C003,474.668
S01696,C004,513.276
S01696,C005,628.66
S01696,C006,522.052
S01696,C007,565.943
S01696,C008,627.676
S01696,C009,752.5
S01696,C010,835.092
S01696,C011,802.098
S01696,C012,753.543
S01696,C013,760.826
S01696,C014,694.986
S01696,C015,747.073
S01696,C016,259.616
S01696,C017,142.265
S01696,C018,27.987
S01696,C019,100.784
S01696,C020,388.33
S01697,C001,738.717
S01697,C002,673.338
S01697,C003,779.63
S01697,C004,749.545
S01697,C005,821.251
S01697,C006,60.364
S01697,C007,175.463
S01697,C008,143.305
S01697,C009,350.338
S01697,C010,466.46
S01697,C011,561.153
S01697,C012,606.676
S01697,C013,672.396
S01697,C014,684.148
S01697,C015,842.395
S01697,C016,354.467
S01697,C017,443.481
S01697,C018,567.862
S01697,C019,625.925
S01697,C020,443.837
S01698,C001,70.758
S01698,C002,107.865
S01698,C003,180.442
S01698,C004,251.507
S01698,C005,357.333
S01698,C006,708.083
S01698,C007,670.27
S01698,C008,747.155
S01698,C009,788.123
S01698,C010,830.633
S01698,C011,732.942
S01698,C012,644.347
S01698,C013,615.734
S01698,C014,524.296
S01698,C015,501.987
S01698,C016,541.121
S01698,C017,381.663
S01698,C018,315.353
S01698,C019,230.735
S01698,C020,367.455
S01699,C001,618.888
S01699,C002,484.534
S01699,C003,410.544
S01699,C004,328.594
S01699,C005,270.066
S01699,C006,711.088
S01699,C007,559.976
S01699,C008,618.669
S01699,C009,495.868
S01699,C010,452.182
S01699,C011,285.26
S01699,C012,171.82
S01699,C013,91.931
S01699,C014,59.449
S01699,C015,161.13
S01699,C016,782.981
S01699,C017,679.439
S01699,C018,724.872
S01699,C019,686.451
S01699,C020,392.671
S01700,C001,323.92
S01700,C002,310.987
S01700,C003,457.872
S01700,C004,471.0
S01700,C005,579.674
S01700,C006,375.895
S01700,C007,406.502
S01700,C008,469.734
S01700,C009,594.1
S01700,C010,679.98
S01700,C011,659.594
S01700,C012,623.631
S01700,C013,642.601
S01700,C014,590.173
S01700,C015,674.301
S01700,C016,176.848
S01700,C017,30.058
S01700,C018,138.514
S01700,C019,190.283
S01700,C020,261.191
S01701,C001,104.67
S01701,C002,175.246
S01701,C003,319.44
S01701,C004,369.177
S01701,C005,484.318
S01701,C006,597.645
S01701,C007,596.05
S01701,C008,668.056
S01701,C009,751.055
S01701,C010,814.967
S01701,C011,749.308
S01701,C012,680.541
S01701,C013,671.525
S01701,C014,592.609
S01701,C015,614.817
S01701,C016,388.706
S01701,C017,233.538
S01701,C018,148.748
S01701,C019,63.478
S01701,C020,338.617
S01702,C001,350.713
S01702,C002,251.742
S01702,C003,347.864
S01702,C004,324.76
S01702,C005,413.588
S01702,C006,383.07
S01702,C007,317.368
S01702,C008,394.954
S01702,C009,445.775
S01702,C010,508.033
S01702,C011,456.534
S01702,C012,409.148
S01702,C013,425.43
S01702,C014,376.065
S01702,C015,479.611
S01702,C016,351.683
S01702,C017,247.191
S01702,C018,318.957
S01702,C019,315.087
S01702,C020,44.022
S01703,C001,110.695
S01703,C002,165.787
S01703,C003,194.692
S01703,C004,274.16
S01703,C005,368.858
S01703,C006,770.878
S01703,C007,732.275
S01703,C008,809.337
S01703,C009,845.86
S01703,C010,884.642
S01703,C011,780.674
S01703,C012,687.72
S01703,C013,653.533
S01703,C014,559.236
S01703,C015,517.908
S01703,C016,598.073
S01703,C017,439.164
S01703,C018,363.707
S01703,C019,277.008
S01703,C020,427.13
S01704,C001,744.325
S01704,C002,631.408
S01704,C003,676.219
S01704,C004,616.438
S01704,C005,645.36
S01704,C006,339.208
S01704,C007,177.267
S01704,C008,186.846
S01704,C009,50.494
S01704,C010,147.508
S01704,C011,239.538
S01704,C012,312.243
S01704,C013,390.354
S01704,C014,436.616
S01704,C015,612.772
S01704,C016,569.717
S01704,C017,568.655
S01704,C018,679.316
S01704,C019,699.3
S01704,C020,372.684
S01705,C001,70.118
S01705,C002,168.773
S01705,C003,302.741
S01705,C004,359.376
S01705,C005,473.057
S01705,C006,635.539
S01705,C007,629.493
S01705,C008,702.407
S01705,C009,779.091
S01705,C010,839.362
S01705,C011,767.136
S01705,C012,693.787
S01705,C013,680.264
S01705,C014,597.882
S01705,C015,608.547
S01705,C016,427.823
S01705,C017,273.037
S01705,C018,184.077
S01705,C019,97.014
S01705,C020,362.005
S01706,C001,821.099
S01706,C002,704.787
S01706,C003,739.957
S01706,C004,675.84
S01706,C005,694.116
S01706,C006,402.6
S01706,C007,250.218
S01706,C008,241.024
S01706,C009,36.063
S01706,C010,84.477
S01706,C011,229.564
S01706,C012,325.674
S01706,C013,407.204
S01706,C014,468.689
S01706,C015,645.613
S01706,C016,648.029
S01706,C017,650.827
S01706,C018,761.52
S01706,C019,780.575
S01706,C020,449.033
S01707,C001,550.897
S01707,C002,432.728
S01707,C003,308.519
S01707,C004,240.294
S01707,C005,131.752
S01707,C006,829.903
S01707,C007,697.492
S01707,C008,765.274
S01707,C009,671.845
S01707,C010,640.613
S01707,C011,477.059
S01707,C012,361.956
S01707,C013,284.989
S01707,C014,206.445
S01707,C015,32.945
S01707,C016,837.258
S01707,C017,706.58
S01707,C018,718.842
S01707,C019,660.454
S01707,C020,454.603
S01708,C001,156.468
S01708,C002,246.345
S01708,C003,388.149
S01708,C004,440.103
S01708,C005,555.042
S01708,C006,608.867
S01708,C007,626.138
S01708,C008,694.726
S01708,C009,793.68
S01708,C010,864.007
S01708,C011,807.538
S01708,C012,743.51
S01708,C013,737.91
S01708,C014,661.073
S01708,C015,686.08
S01708,C016,370.757
S01708,C017,228.744
S01708,C018,115.207
S01708,C019,44.88
S01708,C020,392.325
S01709,C001,804.615
S01709,C002,679.723
S01709,C003,693.749
S01709,C004,623.288
S01709,C005,626.452
S01709,C006,480.371
S01709,C007,316.19
S01709,C008,326.901
S01709,C009,126.368
S01709,C010,48.616
S01709,C011,127.813
S01709,C012,233.687
S01709,C013,315.106
S01709,C014,387.413
S01709,C015,561.975
S01709,C016,697.352
S01709,C017,676.812
S01709,C018,778.11
S01709,C019,785.589
S01709,C020,438.467
S01710,C001,640.651
S01710,C002,513.67
S01710,C003,407.532
S01710,C004,331.139
S01710,C005,237.695
S01710,C006,821.224
S01710,C007,674.449
S01710,C008,735.253
S01710,C009,614.184
S01710,C010,566.067
S01710,C011,396.648
S01710,C012,286.945
S01710,C013,205.237
S01710,C014,162.455
S01710,C015,88.822
S01710,C016,869.661
S01710,C017,752.995
S01710,C018,782.399
S01710,C019,733.003
S01710,C020,477.823
S01711,C001,518.816
S01711,C002,494.505
S01711,C003,632.287
S01711,C004,630.31
S01711,C005,728.957
S01711,C006,219.069
S01711,C007,321.037
S01711,C008,358.732
S01711,C009,534.136
S01711,C010,639.779
S01711,C011,669.428
S01711,C012,667.045
S01711,C013,707.59
S01711,C014,679.737
S01711,C015,798.378
S01711,C016,80.926
S01711,C017,189.538
S01711,C018,305.932
S01711,C019,377.682
S01711,C020,355.571
S01712,C001,829.917
S01712,C002,721.891
S01712,C003,773.01
S01712,C004,714.576
S01712,C005,744.199
S01712,C006,339.964
S01712,C007,207.088
S01712,C008,175.921
S01712,C009,67.523
S01712,C010,166.231
S01712,C011,309.559
S01712,C012,398.194
S01712,C013,478.626
S01712,C014,531.641
S01712,C015,708.443
S01712,C016,605.805
S01712,C017,627.963
S01712,C018,744.629
S01712,C019,772.763
S01712,C020,461.013
S01713,C001,425.208
S01713,C002,318.474
S01713,C003,179.074
S01713,C004,127.099
S01713,C005,24.652
S01713,C006,804.159
S01713,C007,692.453
S01713,C008,766.248
S01713,C009,708.623
S01713,C010,698.852
S01713,C011,548.584
S01713,C012,434.775
S01713,C013,369.894
S01713,C014,274.181
S01713,C015,159.084
S01713,C016,764.902
S01713,C017,621.81
S01713,C018,615.632
S01713,C019,549.21
S01713,C020,408.387
S01714,C001,499.765
S01714,C002,479.748
S01714,C003,619.722
S01714,C004,620.426
S01714,C005,720.955
S01714,C006,241.652
S01714,C007,338.058
S01714,C008,378.513
S01714,C009,550.163
S01714,C010,654.324
S01714,C011,678.886
S01714,C012,672.713
S01714,C013,710.877
S01714,C014,679.873
S01714,C015,794.301
S01714,C016,62.06
S01714,C017,168.767
S01714,C018,283.43
S01714,C019,356.335
S01714,C020,352.404
S01715,C001,479.665
S01715,C002,359.568
S01715,C003,240.483
S01715,C004,168.323
S01715,C005,70.079
S01715,C006,776.027
S01715,C007,651.582
S01715,C008,722.335
S01715,C009,646.482
S01715,C010,627.709
S01715,C011,472.042
S01715,C012,357.023
S01715,C013,288.345
S01715,C014,195.482
S01715,C015,83.654
S01715,C016,768.815
S01715,C017,635.355
S01715,C018,645.44
S01715,C019,586.906
S01715,C020,391.564
S01716,C001,533.568
S01716,C002,506.46
S01716,C003,642.663
S01716,C004,638.831
S01716,C005,736.096
S01716,C006,202.784
S01716,C007,309.662
S01716,C008,344.935
S01716,C009,523.339
S01716,C010,630.104
S01716,C011,663.717
S01716,C012,664.228
S01716,C013,706.531
S01716,C014,681.034
S01716,C015,802.67
S01716,C016,95.722
S01716,C017,205.557
S01716,C018,322.813
S01716,C019,393.898
S01716,C020,359.725
S01717,C001,259.446
S01717,C002,126.631
S01717,C003,109.82
S01717,C004,88.807
S01717,C005,199.168
S01717,C006,625.675
S01717,C007,542.103
S01717,C008,619.81
S01717,C009,615.756
S01717,C010,640.838
S01717,C011,527.636
S01717,C012,433.484
S01717,C013,402.425
S01717,C014,311.678
S01717,C015,317.427
S01717,C016,553.413
S01717,C017,408.038
S01717,C018,406.868
S01717,C019,348.19
S01717,C020,230.284
S01718,C001,728.559
S01718,C002,647.347
S01718,C003,738.494
S01718,C004,699.71
S01718,C005,761.315
S01718,C006,120.619
S01718,C007,93.873
S01718,C008,45.777
S01718,C009,253.13
S01718,C010,369.234
S01718,C011,465.14
S01718,C012,516.207
S01718,C013,585.117
S01718,C014,604.652
S01718,C015,769.06
S01718,C016,405.559
S01718,C017,463.566
S01718,C018,587.569
S01718,C019,634.493
S01718,C020,399.701
S01719,C001,358.115
S01719,C002,328.558
S01719,C003,469.241
S01719,C004,473.99
S01719,C005,578.525
S01719,C006,331.159
S01719,C007,357.958
S01719,C008,421.2
S01719,C009,547.277
S01719,C010,635.17
S01719,C011,621.208
S01719,C012,591.126
S01719,C013,614.967
S01719,C014,568.447
S01719,C015,663.808
S01719,C016,168.67
S01719,C017,69.779
S01719,C018,187.128
S01719,C019,235.168
S01719,C020,235.58
S01720,C001,659.854
S01720,C002,560.334
S01720,C003,631.112
S01720,C004,583.406
S01720,C005,634.479
S01720,C006,224.008
S01720,C007,55.789
S01720,C008,109.626
S01720,C009,171.059
S01720,C010,275.672
S01720,C011,336.519
S01720,C012,377.597
S01720,C013,445.044
S01720,C014,465.369
S01720,C015,632.279
S01720,C016,441.626
S01720,C017,450.027
S01720,C018,565.784
S01720,C019,594.691
S01720,C020,300.14
S01721,C001,539.572
S01721,C002,415.779
S01721,C003,303.495
S01721,C004,228.604
S01721,C005,133.888
S01721,C006,786.683
S01721,C007,652.602
S01721,C008,719.962
S01721,C009,626.451
S01721,C010,596.951
S01721,C011,434.911
S01721,C012,319.487
S01721,C013,244.436
S01721,C014,161.819
S01721,C015,27.246
S01721,C016,802.336
S01721,C017,675.631
S01721,C018,694.329
S01721,C019,639.837
S01721,C020,416.164
S01722,C001,763.153
S01722,C002,628.339
S01722,C003,598.99
S01722,C004,519.56
S01722,C005,490.465
S01722,C006,623.566
S01722,C007,455.935
S01722,C008,490.908
S01722,C009,315.538
S01722,C010,238.398
S01722,C011,72.21
S01722,C012,85.174
S01722,C013,143.44
S01722,C014,237.877
S01722,C015,394.573
S01722,C016,782.384
S01722,C017,721.622
S01722,C018,800.396
S01722,C019,785.972
S01722,C020,439.76
S01723,C001,227.378
S01723,C002,98.537
S01723,C003,90.493
S01723,C004,98.775
S01723,C005,214.16
S01723,C006,640.295
S01723,C007,564.185
S01723,C008,642.148
S01723,C009,645.659
S01723,C010,673.491
S01723,C011,562.276
S01723,C012,468.558
S01723,C013,437.112
S01723,C014,345.657
S01723,C015,341.948
S01723,C016,551.312
S01723,C017,401.491
S01723,C018,390.071
S01723,C019,326.441
S01723,C020,250.175
S01724,C001,99.773
S01724,C002,55.581
S01724,C003,150.709
S01724,C004,211.769
S01724,C005,322.998
S01724,C006,668.708
S01724,C007,623.271
S01724,C008,700.613
S01724,C009,736.141
S01724,C010,777.381
S01724,C011,679.591
S01724,C012,591.838
S01724,C013,564.977
S01724,C014,474.866
S01724,C015,463.017
S01724,C016,520.01
S01724,C017,360.888
S01724,C018,311.432
S01724,C019,232.584
S01724,C020,316.874
S01725,C001,785.756
S01725,C002,665.056
S01725,C003,691.145
S01725,C004,624.443
S01725,C005,637.64
S01725,C006,426.442
S01725,C007,263.761
S01725,C008,271.977
S01725,C009,73.78
S01725,C010,66.468
S01725,C011,170.448
S01725,C012,264.189
S01725,C013,345.723
S01725,C014,408.455
S01725,C015,585.171
S01725,C016,650.751
S01725,C017,638.439
S01725,C018,743.806
S01725,C019,756.35
S01725,C020,415.24
S01726,C001,311.94
S01726,C002,355.221
S01726,C003,508.072
S01726,C004,540.709
S01726,C005,655.191
S01726,C006,480.614
S01726,C007,535.54
S01726,C008,593.849
S01726,C009,728.811
S01726,C010,816.111
S01726,C011,793.328
S01726,C012,751.761
S01726,C013,764.524
S01726,C014,703.936
S01726,C015,767.3
S01726,C016,209.871
S01726,C017,111.982
S01726,C018,59.017
S01726,C019,145.757
S01726,C020,385.967
S01727,C001,644.168
S01727,C002,519.772
S01727,C003,406.925
S01727,C004,333.124
S01727,C005,233.139
S01727,C006,846.309
S01727,C007,700.975
S01727,C008,762.504
S01727,C009,643.005
S01727,C010,594.944
S01727,C011,425.414
S01727,C012,315.904
S01727,C013,234.192
S01727,C014,188.753
S01727,C015,82.972
S01727,C016,888.359
S01727,C017,768.639
S01727,C018,794.031
S01727,C019,742.122
S01727,C020,497.262
S01728,C001,345.432
S01728,C002,335.141
S01728,C003,482.04
S01728,C004,494.614
S01728,C005,602.825
S01728,C006,362.54
S01728,C007,402.748
S01728,C008,463.395
S01728,C009,595.205
S01728,C010,683.977
S01728,C011,669.432
S01728,C012,637.082
S01728,C013,658.432
S01728,C014,608.321
S01728,C015,695.76
S01728,C016,152.721
S01728,C017,22.188
S01728,C018,146.199
S01728,C019,206.295
S01728,C020,277.381
S01729,C001,224.003
S01729,C002,93.723
S01729,C003,96.194
S01729,C004,104.94
S01729,C005,220.184
S01729,C006,634.75
S01729,C007,559.687
S01729,C008,637.676
S01729,C009,642.949
S01729,C010,671.838
S01729,C011,561.993
S01729,C012,469.145
S01729,C013,438.777
S01729,C014,347.922
S01729,C015,346.963
S01729,C016,544.775
S01729,C017,394.939
S01729,C018,383.93
S01729,C019,320.774
S01729,C020,245.497
S01730,C001,560.494
S01730,C002,437.887
S01730,C003,322.354
S01730,C004,249.162
S01730,C005,149.294
S01730,C006,807.413
S01730,C007,671.54
S01730,C008,738.043
S01730,C009,639.749
S01730,C010,606.486
S01730,C011,442.297
S01730,C012,327.357
S01730,C013,249.944
S01730,C014,173.622
S01730,C015,3.915
S01730,C016,825.844
S01730,C017,699.36
S01730,C018,717.716
S01730,C019,662.706
S01730,C020,439.155
S01731,C001,300.354
S01731,C002,197.791
S01731,C003,298.453
S01731,C004,282.448
S01731,C005,378.773
S01731,C006,432.808
S01731,C007,371.326
S01731,C008,448.924
S01731,C009,494.218
S01731,C010,550.765
S01731,C011,486.603
S01731,C012,428.126
S01731,C013,434.465
S01731,C014,374.136
S01731,C015,458.846
S01731,C016,371.961
S01731,C017,247.86
S01731,C018,298.813
S01731,C019,281.63
S01731,C020,73.404
S01732,C001,211.077
S01732,C002,139.718
S01732,C003,44.983
S01732,C004,126.752
S01732,C005,219.07
S01732,C006,742.712
S01732,C007,672.696
S01732,C008,750.719
S01732,C009,753.299
S01732,C010,776.681
S01732,C011,656.791
S01732,C012,556.328
S01732,C013,514.266
S01732,C014,417.556
S01732,C015,367.522
S01732,C016,627.397
S01732,C017,470.688
S01732,C018,432.134
S01732,C019,354.616
S01732,C020,358.308
S01733,C001,224.033
S01733,C002,157.133
S01733,C003,47.023
S01733,C004,128.206
S01733,C005,212.778
S01733,C006,758.995
S01733,C007,687.273
S01733,C008,765.26
S01733,C009,764.68
S01733,C010,785.984
S01733,C011,663.504
S01733,C012,561.538
S01733,C013,517.283
S01733,C014,419.94
S01733,C015,362.398
S01733,C016,644.845
S01733,C017,488.081
S01733,C018,448.565
S01733,C019,370.391
S01733,C020,373.042
S01734,C001,812.957
S01734,C002,681.318
S01734,C003,670.189
S01734,C004,593.63
S01734,C005,576.697
S01734,C006,578.783
S01734,C007,411.186
S01734,C008,432.322
S01734,C009,238.236
S01734,C010,144.398
S01734,C011,53.559
S01734,C012,164.396
S01734,C013,237.66
S01734,C014,325.83
S01734,C015,490.341
S01734,C016,771.125
S01734,C017,730.396
S01734,C018,820.905
S01734,C019,816.811
S01734,C020,465.129
S01735,C001,212.556
S01735,C002,79.543
S01735,C003,109.296
S01735,C004,121.82
S01735,C005,236.933
S01735,C006,623.152
S01735,C007,551.609
S01735,C008,629.653
S01735,C009,640.136
S01735,C010,671.909
S01735,C011,565.675
S01735,C012,475.039
S01735,C013,447.233
S01735,C014,357.81
S01735,C015,362.282
S01735,C016,528.714
S01735,C017,378.35
S01735,C018,367.11
S01735,C019,304.576
S01735,C020,237.176
S01736,C001,350.409
S01736,C002,236.623
S01736,C003,110.29
S01736,C004,43.243
S01736,C005,72.819
S01736,C006,735.541
S01736,C007,633.766
S01736,C008,709.498
S01736,C009,671.495
S01736,C010,674.917
S01736,C011,536.84
S01736,C012,428.131
S01736,C013,375.038
S01736,C014,276.537
S01736,C015,214.228
S01736,C016,682.869
S01736,C017,538.309
S01736,C018,532.087
S01736,C019,467.081
S01736,C020,337.016
S01737,C001,169.314
S01737,C002,77.329
S01737,C003,81.026
S01737,C004,142.688
S01737,C005,252.375
S01737,C006,685.957
S01737,C007,623.299
S01737,C008,701.321
S01737,C009,716.622
S01737,C010,748.021
S01737,C011,638.52
S01737,C012,544.354
S01737,C013,510.742
S01737,C014,417.45
S01737,C015,393.911
S01737,C016,564.946
S01737,C017,408.317
S01737,C018,373.18
S01737,C019,298.474
S01737,C020,309.558
S01738,C001,766.506
S01738,C002,631.762
S01738,C003,602.91
S01738,C004,523.535
S01738,C005,494.657
S01738,C006,623.188
S01738,C007,455.449
S01738,C008,489.808
S01738,C009,313.351
S01738,C010,235.192
S01738,C011,70.008
S01738,C012,88.9
S01738,C013,147.663
S01738,C014,242.066
S01738,C015,398.756
S01738,C016,783.521
S01738,C017,723.531
S01738,C018,802.767
S01738,C019,788.707
S01738,C020,442.147
S01739,C001,264.479
S01739,C002,291.464
S01739,C003,444.377
S01739,C004,473.978
S01739,C005,588.035
S01739,C006,468.297
S01739,C007,502.206
S01739,C008,565.919
S01739,C009,686.017
S01739,C010,767.912
S01739,C011,735.848
S01739,C012,689.581
S01739,C013,699.587
S01739,C014,637.073
S01739,C015,699.049
S01739,C016,229.679
S01739,C017,85.358
S01739,C018,42.807
S01739,C019,107.058
S01739,C020,323.731
S01740,C001,749.43
S01740,C002,618.571
S01740,C003,613.2
S01740,C004,538.361
S01740,C005,529.597
S01740,C006,533.754
S01740,C007,365.513
S01740,C008,395.894
S01740,C009,219.212
S01740,C010,154.788
S01740,C011,26.862
S01740,C012,125.738
S01740,C013,206.546
S01740,C014,283.796
S01740,C015,455.771
S01740,C016,712.323
S01740,C017,667.046
S01740,C018,756.285
S01740,C019,751.8
S01740,C020,400.122
S01741,C001,349.847
S01741,C002,231.981
S01741,C003,115.088
S01741,C004,38.568
S01741,C005,79.32
S01741,C006,719.949
S01741,C007,617.376
S01741,C008,693.046
S01741,C009,655.202
S01741,C010,659.395
S01741,C011,522.522
S01741,C012,414.572
S01741,C013,363.163
S01741,C014,264.813
S01741,C015,213.002
S01741,C016,670.931
S01741,C017,527.767
S01741,C018,524.817
S01741,C019,461.633
S01741,C020,321.626
S01742,C001,771.898
S01742,C002,669.512
S01742,C003,731.782
S01742,C004,678.558
S01742,C005,718.521
S01742,C006,270.042
S01742,C007,134.009
S01742,C008,106.753
S01742,C009,102.384
S01742,C010,218.181
S01742,C011,333.785
S01742,C012,405.895
S01742,C013,482.778
S01742,C014,523.104
S01742,C015,697.469
S01742,C016,532.095
S01742,C017,557.222
S01742,C018,675.384
S01742,C019,706.816
S01742,C020,408.233
S01743,C001,477.629
S01743,C002,357.894
S01743,C003,404.723
S01743,C004,352.652
S01743,C005,405.558
S01743,C006,388.433
S01743,C007,262.809
S01743,C008,336.961
S01743,C009,323.826
S01743,C010,368.646
S01743,C011,308.161
S01743,C012,269.846
S01743,C013,301.32
S01743,C014,278.196
S01743,C015,422.897
S01743,C016,459.164
S01743,C017,384.83
S01743,C018,466.77
S01743,C019,462.441
S01743,C020,111.112
S01744,C001,309.227
S01744,C002,334.441
S01744,C003,487.105
S01744,C004,513.801
S01744,C005,626.994
S01744,C006,443.095
S01744,C007,491.158
S01744,C008,550.956
S01744,C009,682.835
S01744,C010,769.695
S01744,C011,747.592
S01744,C012,707.671
S01744,C013,722.297
S01744,C014,664.098
S01744,C015,733.944
S01744,C016,188.638
S01744,C017,66.387
S01744,C018,68.161
S01744,C019,148.741
S01744,C020,342.373
S01745,C001,696.263
S01745,C002,560.387
S01745,C003,520.17
S01745,C004,439.659
S01745,C005,405.882
S01745,C006,635.102
S01745,C007,471.739
S01745,C008,518.041
S01745,C009,365.706
S01745,C010,307.206
S01745,C011,137.363
S01745,C012,40.291
S01745,C013,58.576
S01745,C014,153.517
S01745,C015,310.942
S01745,C016,762.085
S01745,C017,685.64
S01745,C018,754.279
S01745,C019,732.217
S01745,C020,396.358
S01746,C001,394.015
S01746,C002,298.459
S01746,C003,392.957
S01746,C004,365.939
S01746,C005,449.465
S01746,C006,339.236
S01746,C007,270.734
S01746,C008,348.191
S01746,C009,406.9
S01746,C010,475.496
S01746,C011,437.7
S01746,C012,401.707
S01746,C013,426.898
S01746,C014,387.669
S01746,C015,504.951
S01746,C016,336.326
S01746,C017,252.288
S01746,C018,339.188
S01746,C019,345.711
S01746,C020,63.34
S01747,C001,512.648
S01747,C002,495.195
S01747,C003,635.891
S01747,C004,637.197
S01747,C005,737.962
S01747,C006,242.797
S01747,C007,346.875
S01747,C008,384.439
S01747,C009,559.843
S01747,C010,665.143
S01747,C011,692.67
S01747,C012,688.014
S01747,C013,726.891
S01747,C014,696.556
S01747,C015,811.417
S01747,C016,55.538
S01747,C017,180.459
S01747,C018,291.874
S01747,C019,366.818
S01747,C020,369.446
S01748,C001,379.623
S01748,C002,263.325
S01748,C003,329.967
S01748,C004,292.132
S01748,C005,368.163
S01748,C006,414.446
S01748,C007,321.747
S01748,C008,399.551
S01748,C009,417.592
S01748,C010,467.016
S01748,C011,399.543
S01748,C012,344.79
S01748,C013,358.246
S01748,C014,309.223
S01748,C015,420.401
S01748,C016,416.048
S01748,C017,314.519
S01748,C018,381.006
S01748,C019,368.542
S01748,C020,24.036
S01749,C001,89.074
S01749,C002,48.63
S01749,C003,172.043
S01749,C004,227.655
S01749,C005,340.889
S01749,C006,647.451
S01749,C007,606.462
S01749,C008,683.454
S01749,C009,725.187
S01749,C010,769.899
S01749,C011,677.071
S01749,C012,592.459
S01749,C013,569.06
S01749,C014,480.999
S01749,C015,477.947
S01749,C016,494.44
S01749,C017,335.217
S01749,C018,286.18
S01749,C019,208.47
S01749,C020,303.839
S01750,C001,829.905
S01750,C002,697.086
S01750,C003,679.374
S01750,C004,601.471
S01750,C005,578.394
S01750,C006,610.772
S01750,C007,443.108
S01750,C008,464.252
S01750,C009,268.882
S01750,C010,170.398
S01750,C011,70.796
S01750,C012,166.943
S01750,C013,233.385
S01750,C014,326.035
S01750,C015,484.775
S01750,C016,800.707
S01750,C017,756.913
S01750,C018,845.274
S01750,C019,838.87
S01750,C020,487.668
S01751,C001,794.117
S01751,C002,679.545
S01751,C003,719.269
S01751,C004,657.018
S01751,C005,679.85
S01751,C006,373.908
S01751,C007,219.183
S01751,C008,214.005
S01751,C009,7.432
S01751,C010,109.479
S01751,C011,236.143
S01751,C012,324.252
S01751,C013,404.959
S01751,C014,460.732
S01751,C015,637.777
S01751,C016,616.41
S01751,C017,619.442
S01751,C018,730.651
S01751,C019,750.742
S01751,C020,422.146
S01752,C001,178.733
S01752,C002,68.793
S01752,C003,84.182
S01752,C004,133.397
S01752,C005,246.517
S01752,C006,666.825
S01752,C007,601.978
S01752,C008,680.019
S01752,C009,694.327
S01752,C010,725.988
S01752,C011,617.55
S01752,C012,524.41
S01752,C013,492.444
S01752,C014,400.13
S01752,C015,384.319
S01752,C016,552.676
S01752,C017,397.396
S01752,C018,368.78
S01752,C019,297.22
S01752,C020,287.973
S01753,C001,234.62
S01753,C002,152.298
S01753,C003,21.333
S01753,C004,103.03
S01753,C005,193.213
S01753,C006,742.692
S01753,C007,667.14
S01753,C008,745.036
S01753,C009,740.894
S01753,C010,761.004
S01753,C011,637.856
S01753,C012,535.825
S01753,C013,491.85
S01753,C014,394.655
S01753,C015,341.643
S01753,C016,637.618
S01753,C017,482.337
S01753,C018,449.367
S01753,C019,373.758
S01753,C020,353.451
S01754,C001,416.659
S01754,C002,304.815
S01754,C003,374.187
S01754,C004,334.562
S01754,C005,405.918
S01754,C006,375.394
S01754,C007,277.565
S01754,C008,355.302
S01754,C009,378.1
S01754,C010,433.616
S01754,C011,379.47
S01754,C012,336.796
S01754,C013,360.32
S01754,C014,322.757
S01754,C015,447.867
S01754,C016,402.168
S01754,C017,316.423
S01754,C018,395.512
S01754,C019,392.083
S01754,C020,44.589
S01755,C001,346.917
S01755,C002,224.977
S01755,C003,119.968
S01755,C004,38.277
S01755,C005,92.077
S01755,C006,701.68
S01755,C007,598.825
S01755,C008,674.517
S01755,C009,637.861
S01755,C010,643.508
S01755,C011,508.586
S01755,C012,401.834
S01755,C013,352.876
S01755,C014,254.957
S01755,C015,216.357
S01755,C016,655.701
S01755,C017,513.944
S01755,C018,514.34
S01755,C019,453.151
S01755,C020,303.517
S01756,C001,654.954
S01756,C002,578.129
S01756,C003,676.208
S01756,C004,642.456
S01756,C005,711.395
S01756,C006,90.091
S01756,C007,79.257
S01756,C008,101.548
S01756,C009,287.888
S01756,C010,400.856
S01756,C011,470.894
S01756,C012,505.261
S01756,C013,567.469
S01756,C014,574.892
S01756,C015,731.685
S01756,C016,338.525
S01756,C017,387.902
S01756,C018,511.678
S01756,C019,558.425
S01756,C020,338.071
S01757,C001,421.369
S01757,C002,305.512
S01757,C003,367.009
S01757,C004,323.887
S01757,C005,391.478
S01757,C006,390.229
S01757,C007,286.116
S01757,C008,363.346
S01757,C009,375.337
S01757,C010,426.047
S01757,C011,365.468
S01757,C012,319.379
S01757,C013,341.385
S01757,C014,303.34
S01757,C015,429.852
S01757,C016,421.569
S01757,C017,334.086
S01757,C018,410.362
S01757,C019,403.874
S01757,C020,52.336
S01758,C001,549.558
S01758,C002,537.514
S01758,C003,679.558
S01758,C004,681.925
S01758,C005,783.006
S01758,C006,248.281
S01758,C007,370.231
S01758,C008,400.177
S01758,C009,584.347
S01758,C010,692.363
S01758,C011,727.717
S01758,C012,727.205
S01758,C013,768.08
S01758,C014,739.758
S01758,C015,856.203
S01758,C016,64.997
S01758,C017,216.599
S01758,C018,319.954
S01758,C019,398.892
S01758,C020,413.933
S01759,C001,372.13
S01759,C002,254.936
S01759,C003,321.107
S01759,C004,283.794
S01759,C005,360.972
S01759,C006,422.253
S01759,C007,330.611
S01759,C008,408.433
S01759,C009,425.823
S01759,C010,474.203
S01759,C011,404.393
S01759,C012,347.447
S01759,C013,358.891
S01759,C014,307.593
S01759,C015,415.555
S01759,C016,418.983
S01759,C017,314.491
S01759,C018,378.261
S01759,C019,363.921
S01759,C020,27.403
S01760,C001,182.703
S01760,C002,85.147
S01760,C003,69.485
S01760,C004,129.22
S01760,C005,239.141
S01760,C006,686.633
S01760,C007,620.777
S01760,C008,698.828
S01760,C009,710.402
S01760,C010,740.043
S01760,C011,628.639
S01760,C012,533.502
S01760,C013,498.867
S01760,C014,405.169
S01760,C015,380.445
S01760,C016,571.304
S01760,C017,415.454
S01760,C018,383.422
S01760,C019,309.8
S01760,C020,306.55
S01761,C001,718.9
S01761,C002,645.046
S01761,C003,744.043
S01761,C004,709.803
S01761,C005,777.079
S01761,C006,77.261
S01761,C007,121.004
S01761,C008,90.949
S01761,C009,298.102
S01761,C010,414.137
S01761,C011,505.51
S01761,C012,551.468
S01761,C013,617.956
S01761,C014,632.103
S01761,C015,792.726
S01761,C016,369.93
S01761,C017,439.788
S01761,C018,564.473
S01761,C019,616.228
S01761,C020,405.81
S01762,C001,532.071
S01762,C002,513.71
S01762,C003,653.667
S01762,C004,653.828
S01762,C005,753.702
S01762,C006,231.475
S01762,C007,343.638
S01762,C008,377.611
S01762,C009,557.393
S01762,C010,664.196
S01762,C011,696.514
S01762,C012,694.97
S01762,C013,735.633
S01762,C014,707.499
S01762,C015,825.012
S01762,C016,67.142
S01762,C017,199.897
S01762,C018,310.642
S01762,C019,386.089
S01762,C020,382.433
S01763,C001,892.978
S01763,C002,771.095
S01763,C003,790.95
S01763,C004,721.409
S01763,C005,725.204
S01763,C006,497.528
S01763,C007,346.729
S01763,C008,334.569
S01763,C009,132.565
S01763,C010,50.503
S01763,C011,214.949
S01763,C012,327.467
S01763,C013,407.68
S01763,C014,484.407
S01763,C015,657.512
S01763,C016,743.859
S01763,C017,741.483
S01763,C018,849.211
S01763,C019,863.54
S01763,C020,522.894
S01764,C001,773.248
S01764,C002,665.093
S01764,C003,717.749
S01764,C004,660.577
S01764,C005,693.676
S01764,C006,312.73
S01764,C007,163.552
S01764,C008,151.884
S01764,C009,55.473
S01764,C010,171.586
S01764,C011,287.445
S01764,C012,364.313
S01764,C013,442.726
S01764,C014,488.576
S01764,C015,664.44
S01764,C016,563.491
S01764,C017,577.109
S01764,C018,692.116
S01764,C019,718.13
S01764,C020,404.181
S01765,C001,405.509
S01765,C002,293.978
S01765,C003,365.305
S01765,C004,327.256
S01765,C005,400.895
S01765,C006,380.686
S01765,C007,286.442
S01765,C008,364.309
S01765,C009,389.226
S01765,C010,444.587
S01765,C011,388.821
S01765,C012,343.961
S01765,C013,365.407
S01765,C014,325.07
S01765,C015,446.458
S01765,C016,398.994
S01765,C017,309.52
S01765,C018,386.462
S01765,C019,381.81
S01765,C020,33.44
S01766,C001,426.929
S01766,C002,326.38
S01766,C003,411.32
S01766,C004,377.854
S01766,C005,454.24
S01766,C006,327.93
S01766,C007,243.963
S01766,C008,321.953
S01766,C009,371.518
S01766,C010,439.457
S01766,C011,404.663
S01766,C012,373.825
S01766,C013,403.892
S01766,C014,371.654
S01766,C015,498.99
S01766,C016,356.301
S01766,C017,283.524
S01766,C018,374.225
S01766,C019,381.765
S01766,C020,72.617
S01767,C001,53.696
S01767,C002,85.207
S01767,C003,196.386
S01767,C004,258.466
S01767,C005,369.691
S01767,C006,666.774
S01767,C007,633.103
S01767,C008,709.538
S01767,C009,757.44
S01767,C010,804.28
S01767,C011,713.288
S01767,C012,629.131
S01767,C013,605.62
S01767,C014,517.175
S01767,C015,509.643
S01767,C016,498.533
S01767,C017,339.013
S01767,C018,276.719
S01767,C019,194.105
S01767,C020,335.146
S01768,C001,249.738
S01768,C002,307.14
S01768,C003,458.422
S01768,C004,497.935
S01768,C005,613.411
S01768,C006,528.275
S01768,C007,567.222
S01768,C008,630.279
S01768,C009,750.982
S01768,C010,831.823
S01768,C011,795.507
S01768,C012,744.908
S01768,C013,750.663
S01768,C014,683.508
S01768,C015,732.972
S01768,C016,271.41
S01768,C017,146.178
S01768,C018,22.442
S01768,C019,83.817
S01768,C020,380.483
S01769,C001,639.667
S01769,C002,503.597
S01769,C003,451.239
S01769,C004,369.803
S01769,C005,330.21
S01769,C006,654.313
S01769,C007,497.58
S01769,C008,552.081
S01769,C009,420.056
S01769,C010,374.433
S01769,C011,208.244
S01769,C012,94.08
S01769,C013,19.464
S01769,C014,79.093
S01769,C015,236.978
S01769,C016,751.204
S01769,C017,660.642
S01769,C018,718.602
S01769,C019,689.031
S01769,C020,369.536
S01770,C001,663.761
S01770,C002,584.163
S01770,C003,679.12
S01770,C004,643.454
S01770,C005,710.02
S01770,C006,103.202
S01770,C007,65.059
S01770,C008,85.545
S01770,C009,271.165
S01770,C010,384.472
S01770,C011,457.352
S01770,C012,494.442
S01770,C013,558.007
S01770,C014,568.029
S01770,C015,726.822
S01770,C016,355.237
S01770,C017,401.717
S01770,C018,525.104
S01770,C019,570.276
S01770,C020,340.408
S01771,C001,663.347
S01771,C002,541.445
S01771,C003,422.95
S01771,C004,351.959
S01771,C005,246.746
S01771,C006,878.844
S01771,C007,733.492
S01771,C008,794.829
S01771,C009,673.491
S01771,C010,623.108
S01771,C011,453.053
S01771,C012,345.163
S01771,C013,263.445
S01771,C014,221.266
S01771,C015,101.003
S01771,C016,918.555
S01771,C017,797.088
S01771,C018,819.705
S01771,C019,765.915
S01771,C020,528.001
S01772,C001,689.236
S01772,C002,553.327
S01772,C003,494.139
S01772,C004,412.196
S01772,C005,361.904
S01772,C006,693.512
S01772,C007,533.26
S01772,C008,583.431
S01772,C009,436.914
S01772,C010,377.983
S01772,C011,207.532
S01772,C012,107.12
S01772,C013,40.65
S01772,C014,121.292
S01772,C015,250.778
S01772,C016,800.767
S01772,C017,712.55
S01772,C018,771.166
S01772,C019,741.285
S01772,C020,421.357
S01773,C001,637.876
S01773,C002,505.452
S01773,C003,419.262
S01773,C004,338.358
S01773,C005,265.541
S01773,C006,755.872
S01773,C007,604.97
S01773,C008,663.443
S01773,C009,537.494
S01773,C010,489.157
S01773,C011,320.144
S01773,C012,209.785
S01773,C013,128.096
S01773,C014,100.033
S01773,C015,137.097
S01773,C016,822.942
S01773,C017,715.588
S01773,C018,756.187
S01773,C019,714.122
S01773,C020,431.475
S01774,C001,705.972
S01774,C002,636.374
S01774,C003,739.75
S01774,C004,708.305
S01774,C005,778.97
S01774,C006,50.191
S01774,C007,135.491
S01774,C008,116.417
S01774,C009,322.689
S01774,C010,438.515
S01774,C011,525.069
S01774,C012,566.919
S01774,C013,631.515
S01774,C014,641.871
S01774,C015,799.691
S01774,C016,344.844
S01774,C017,420.025
S01774,C018,544.779
S01774,C019,598.892
S01774,C020,402.941
S01775,C001,308.257
S01775,C002,195.834
S01775,C003,282.533
S01775,C004,260.303
S01775,C005,353.147
S01775,C006,448.589
S01775,C007,376.815
S01775,C008,454.811
S01775,C009,487.507
S01775,C010,538.573
S01775,C011,466.955
S01775,C012,404.235
S01775,C013,407.792
S01775,C014,345.673
S01775,C015,430.162
S01775,C016,400.022
S01775,C017,276.965
S01775,C018,325.05
S01775,C019,303.299
S01775,C020,65.639
S01776,C001,616.894
S01776,C002,484.657
S01776,C003,398.216
S01776,C004,317.25
S01776,C005,245.866
S01776,C006,747.129
S01776,C007,598.474
S01776,C008,658.586
S01776,C009,538.533
S01776,C010,494.525
S01776,C011,326.902
S01776,C012,214.221
S01776,C013,133.513
S01776,C014,88.267
S01776,C015,122.863
S01776,C016,807.77
S01776,C017,698.33
S01776,C018,737.175
S01776,C019,694.244
S01776,C020,415.85
S01777,C001,475.26
S01777,C002,343.446
S01777,C003,261.957
S01777,C004,179.947
S01777,C005,140.781
S01777,C006,685.82
S01777,C007,556.372
S01777,C008,626.074
S01777,C009,549.55
S01777,C010,535.104
S01777,C011,385.268
S01777,C012,272.598
S01777,C013,214.351
S01777,C014,115.862
S01777,C015,129.719
S01777,C016,701.091
S01777,C017,578.313
S01777,C018,605.374
S01777,C019,557.351
S01777,C020,313.274
S01778,C001,553.624
S01778,C002,549.515
S01778,C003,694.186
S01778,C004,699.961
S01778,C005,803.018
S01778,C006,278.097
S01778,C007,403.103
S01778,C008,432.035
S01778,C009,617.241
S01778,C010,725.343
S01778,C011,759.881
S01778,C012,757.85
S01778,C013,797.455
S01778,C014,767.079
S01778,C015,880.073
S01778,C016,63.063
S01778,C017,222.516
S01778,C018,316.37
S01778,C019,398.375
S01778,C020,438.988
S01779,C001,770.994
S01779,C002,636.352
S01779,C003,608.235
S01779,C004,528.945
S01779,C005,500.416
S01779,C006,622.451
S01779,C007,454.579
S01779,C008,488.089
S01779,C009,310.173
S01779,C010,230.642
S01779,C011,67.049
S01779,C012,94.001
S01779,C013,153.502
S01779,C014,247.822
S01779,C015,404.571
S01779,C016,784.872
S01779,C017,725.968
S01779,C018,805.851
S01779,C019,792.307
S01779,C020,445.273
S01780,C001,500.659
S01780,C002,371.031
S01780,C003,278.193
S01780,C004,197.341
S01780,C005,135.449
S01780,C006,719.054
S01780,C007,586.894
S01780,C008,655.413
S01780,C009,570.895
S01780,C010,550.016
S01780,C011,394.605
S01780,C012,279.864
S01780,C013,213.847
S01780,C014,118.497
S01780,C015,94.186
S01780,C016,736.941
S01780,C017,613.533
S01780,C018,638.527
S01780,C019,588.612
S01780,C020,349.023
S01781,C001,818.412
S01781,C002,716.381
S01781,C003,777.789
S01781,C004,723.635
S01781,C005,761.144
S01781,C006,291.005
S01781,C007,173.504
S01781,C008,128.372
S01781,C009,111.26
S01781,C010,218.999
S01781,C011,353.818
S01781,C012,434.977
S01781,C013,513.802
S01781,C014,559.651
S01781,C015,735.245
S01781,C016,565.503
S01781,C017,598.407
S01781,C018,717.837
S01781,C019,751.246
S01781,C020,455.098
S01782,C001,215.405
S01782,C002,139.075
S01782,C003,37.547
S01782,C004,119.123
S01782,C005,212.678
S01782,C006,738.647
S01782,C007,667.306
S01782,C008,745.309
S01782,C009,746.576
S01782,C010,769.459
S01782,C011,649.199
S01782,C012,548.624
S01782,C013,506.522
S01782,C014,409.828
S01782,C015,360.761
S01782,C016,626.272
S01782,C017,470.005
S01782,C018,433.492
S01782,C019,356.752
S01782,C020,352.999
S01783,C001,500.404
S01783,C002,393.379
S01783,C003,254.116
S01783,C004,200.501
S01783,C005,85.527
S01783,C006,852.196
S01783,C007,730.723
S01783,C008,801.994
S01783,C009,725.896
S01783,C010,704.02
S01783,C011,545.048
S01783,C012,429.545
S01783,C013,356.466
S01783,C014,269.015
S01783,C015,112.961
S01783,C016,830.62
S01783,C017,690.975
S01783,C018,689.276
S01783,C019,624.066
S01783,C020,462.629
S01784,C001,384.696
S01784,C002,259.553
S01784,C003,159.741
S01784,C004,78.269
S01784,C005,80.256
S01784,C006,701.156
S01784,C007,590.306
S01784,C008,664.68
S01784,C009,616.515
S01784,C010,616.304
S01784,C011,476.53
S01784,C012,367.651
S01784,C013,315.535
S01784,C014,217.197
S01784,C015,181.073
S01784,C016,672.129
S01784,C017,535.008
S01784,C018,542.809
S01784,C019,484.969
S01784,C020,306.402
S01785,C001,421.38
S01785,C002,315.802
S01785,C003,175.124
S01785,C004,125.385
S01785,C005,28.786
S01785,C006,805.969
S01785,C007,695.191
S01785,C008,769.166
S01785,C009,712.821
S01785,C010,703.682
S01785,C011,553.825
S01785,C012,440.127
S01785,C013,375.525
S01785,C014,279.661
S01785,C015,164.851
S01785,C016,764.49
S01785,C017,620.798
S01785,C018,613.465
S01785,C019,546.519
S01785,C020,409.727
S01786,C001,822.043
S01786,C002,692.492
S01786,C003,690.123
S01786,C004,615.377
S01786,C005,604.958
S01786,C006,549.996
S01786,C007,383.755
S01786,C008,399.41
S01786,C009,200.39
S01786,C010,102.271
S01786,C011,80.082
S01786,C012,195.601
S01786,C013,272.726
S01786,C014,356.635
S01786,C015,524.985
S01786,C016,754.281
S01786,C017,721.949
S01786,C018,816.97
S01786,C019,817.365
S01786,C020,466.052
S01787,C001,484.898
S01787,C002,369.876
S01787,C003,241.261
S01787,C004,176.049
S01787,C005,64.17
S01787,C006,805.792
S01787,C007,682.837
S01787,C008,753.884
S01787,C009,678.358
S01787,C010,658.526
S01787,C011,501.561
S01787,C012,386.272
S01787,C013,315.686
S01787,C014,224.908
S01787,C015,89.564
S01787,C016,792.031
S01787,C017,655.756
S01787,C018,660.748
S01787,C019,599.283
S01787,C020,418.747
S01788,C001,643.974
S01788,C002,510.95
S01788,C003,499.32
S01788,C004,424.246
S01788,C005,418.876
S01788,C006,530.346
S01788,C007,368.238
S01788,C008,418.188
S01788,C009,286.025
S01788,C010,256.675
S01788,C011,118.604
S01788,C012,65.408
S01788,C013,131.641
S01788,C014,181.958
S01788,C015,358.747
S01788,C016,662.408
S01788,C017,595.283
S01788,C018,672.985
S01788,C019,659.604
S01788,C020,312.356
S01789,C001,131.736
S01789,C002,55.883
S01789,C003,118.531
S01789,C004,179.679
S01789,C005,290.425
S01789,C006,675.303
S01789,C007,621.785
S01789,C008,699.552
S01789,C009,725.879
S01789,C010,762.728
S01789,C011,659.641
S01789,C012,568.995
S01789,C013,539.199
S01789,C014,447.653
S01789,C015,431.01
S01789,C016,539.635
S01789,C017,381.468
S01789,C018,339.194
S01789,C019,262.438
S01789,C020,311.038
S01790,C001,500.071
S01790,C002,382.23
S01790,C003,431.12
S01790,C004,378.817
S01790,C005,429.874
S01790,C006,369.953
S01790,C007,238.928
S01790,C008,312.162
S01790,C009,298.703
S01790,C010,347.356
S01790,C011,296.855
S01790,C012,268.464
S01790,C013,306.74
S01790,C014,291.697
S01790,C015,442.134
S01790,C016,457.269
S01790,C017,391.87
S01790,C018,479.063
S01790,C019,478.821
S01790,C020,130.089
S01791,C001,327.401
S01791,C002,191.731
S01791,C003,168.399
S01791,C004,110.812
S01791,C005,188.441
S01791,C006,598.568
S01791,C007,499.043
S01791,C008,575.553
S01791,C009,554.211
S01791,C010,572.952
S01791,C011,455.439
S01791,C012,360.538
S01791,C013,331.042
S01791,C014,242.846
S01791,C015,275.864
S01791,C016,562.564
S01791,C017,428.479
S01791,C018,446.836
S01791,C019,398.014
S01791,C020,200.39
S01792,C001,574.382
S01792,C002,451.352
S01792,C003,336.505
S01792,C004,263.103
S01792,C005,163.374
S01792,C006,812.852
S01792,C007,675.2
S01792,C008,740.89
S01792,C009,638.864
S01792,C010,603.103
S01792,C011,437.751
S01792,C012,323.298
S01792,C013,244.732
S01792,C014,172.742
S01792,C015,13.163
S01792,C016,835.587
S01792,C017,710.34
S01792,C018,730.072
S01792,C019,675.678
S01792,C020,447.802
S01793,C001,583.933
S01793,C002,450.689
S01793,C003,370.831
S01793,C004,289.093
S01793,C005,228.308
S01793,C006,714.681
S01793,C007,568.706
S01793,C008,630.766
S01793,C009,519.417
S01793,C010,482.814
S01793,C011,318.81
S01793,C012,203.666
S01793,C013,127.868
S01793,C014,56.581
S01793,C015,126.82
S01793,C016,770.34
S01793,C017,660.445
S01793,C018,699.855
S01793,C019,657.859
S01793,C020,378.306
S01794,C001,773.852
S01794,C002,657.028
S01794,C003,692.626
S01794,C004,629.18
S01794,C005,649.975
S01794,C006,384.516
S01794,C007,223.733
S01794,C008,228.999
S01794,C009,37.329
S01794,C010,101.007
S01794,C011,208.136
S01794,C012,293.437
S01794,C013,373.966
S01794,C014,429.557
S01794,C015,606.612
S01794,C016,615.49
S01794,C017,610.524
S01794,C018,719.124
S01794,C019,735.93
S01794,C020,401.845
S01795,C001,782.997
S01795,C002,651.303
S01795,C003,640.871
S01795,C004,564.661
S01795,C005,549.88
S01795,C006,563.94
S01795,C007,395.786
S01795,C008,421.77
S01795,C009,235.207
S01795,C010,153.407
S01795,C011,24.278
S01795,C012,138.747
S01795,C013,215.159
S01795,C014,300.188
S01795,C015,467.507
S01795,C016,748.194
S01795,C017,703.949
S01795,C018,793.014
S01795,C019,787.885
S01795,C020,436.327
S01796,C001,56.965
S01796,C002,80.309
S01796,C003,196.083
S01796,C004,256.639
S01796,C005,368.477
S01796,C006,660.61
S01796,C007,626.724
S01796,C008,703.162
S01796,C009,751.258
S01796,C010,798.369
S01796,C011,707.943
S01796,C012,624.237
S01796,C013,601.286
S01796,C014,513.222
S01796,C015,507.63
S01796,C016,493.624
S01796,C017,334.075
S01796,C018,273.513
S01796,C019,191.609
S01796,C020,328.915
S01797,C001,24.612
S01797,C002,141.263
S01797,C003,236.309
S01797,C004,305.412
S01797,C005,412.901
S01797,C006,703.344
S01797,C007,678.99
S01797,C008,754.59
S01797,C009,809.689
S01797,C010,858.745
S01797,C011,769.281
S01797,C012,685.118
S01797,C013,660.803
S01797,C014,571.49
S01797,C015,556.505
S01797,C016,515.246
S01797,C017,357.487
S01797,C018,277.015
S01797,C019,190.167
S01797,C020,387.048
S01798,C001,357.486
S01798,C002,234.419
S01798,C003,290.667
S01798,C004,251.329
S01798,C005,328.723
S01798,C006,454.945
S01798,C007,361.371
S01798,C008,438.98
S01798,C009,447.381
S01798,C010,489.48
S01798,C011,408.909
S01798,C012,343.42
S01798,C013,347.465
S01798,C014,288.873
S01798,C015,387.552
S01798,C016,443.649
S01798,C017,331.294
S01798,C018,385.572
S01798,C019,363.802
S01798,C020,57.916
S01799,C001,102.943
S01799,C002,216.958
S01799,C003,346.255
S01799,C004,405.911
S01799,C005,518.746
S01799,C006,656.22
S01799,C007,660.886
S01799,C008,732.131
S01799,C009,817.544
S01799,C010,881.095
S01799,C011,812.865
S01799,C012,741.21
S01799,C013,728.671
S01799,C014,646.61
S01799,C015,655.876
S01799,C016,430.168
S01799,C017,282.33
S01799,C018,176.532
S01799,C019,94.256
S01799,C020,404.322
S01800,C001,674.58
S01800,C002,539.387
S01800,C003,470.647
S01800,C004,388.621
S01800,C005,330.423
S01800,C006,717.753
S01800,C007,560.234
S01800,C008,613.287
S01800,C009,473.117
S01800,C010,417.191
S01800,C011,246.96
S01800,C012,142.392
S01800,C013,63.931
S01800,C014,105.194
S01800,C015,212.766
S01800,C016,811.701
S01800,C017,716.72
S01800,C018,769.314
S01800,C019,735.154
S01800,C020,426.498
S01801,C001,642.039
S01801,C002,505.98
S01801,C003,462.968
S01801,C004,382.44
S01801,C005,351.085
S01801,C006,626.884
S01801,C007,468.618
S01801,C008,521.87
S01801,C009,388.377
S01801,C010,344.326
S01801,C011,180.112
S01801,C012,64.711
S01801,C013,29.044
S01801,C014,98.625
S01801,C015,265.725
S01801,C016,732.364
S01801,C017,646.997
S01801,C018,709.689
S01801,C019,683.762
S01801,C020,355.942
S01802,C001,689.891
S01802,C002,648.996
S01802,C003,774.457
S01802,C004,758.697
S01802,C005,845.081
S01802,C006,108.694
S01802,C007,274.931
S01802,C008,271.103
S01802,C009,476.241
S01802,C010,591.543
S01802,C011,666.122
S01802,C012,694.216
S01802,C013,751.081
S01802,C014,746.242
S01802,C015,889.496
S01802,C016,243.364
S01802,C017,367.162
S01802,C018,485.318
S01802,C019,555.62
S01802,C020,458.589
S01803,C001,382.309
S01803,C002,383.175
S01803,C003,531.801
S01803,C004,546.334
S01803,C005,655.004
S01803,C006,357.22
S01803,C007,419.137
S01803,C008,473.717
S01803,C009,619.753
S01803,C010,713.468
S01803,C011,708.585
S01803,C012,681.445
S01803,C013,705.75
S01803,C014,658.161
S01803,C015,747.957
S01803,C016,108.475
S01803,C017,52.246
S01803,C018,156.268
S01803,C019,231.123
S01803,C020,325.886
S01804,C001,576.985
S01804,C002,564.542
S01804,C003,706.006
S01804,C004,707.308
S01804,C005,807.508
S01804,C006,241.277
S01804,C007,373.244
S01804,C008,397.976
S01804,C009,587.261
S01804,C010,696.998
S01804,C011,738.491
S01804,C012,741.813
S01804,C013,784.786
S01804,C014,759.04
S01804,C015,878.424
S01804,C016,90.32
S01804,C017,244.047
S01804,C018,346.164
S01804,C019,425.782
S01804,C020,435.649
S01805,C001,693.663
S01805,C002,558.648
S01805,C003,530.01
S01805,C004,451.125
S01805,C005,427.463
S01805,C006,596.509
S01805,C007,432.002
S01805,C008,476.718
S01805,C009,323.717
S01805,C010,269.066
S01805,C011,102.108
S01805,C012,15.504
S01805,C013,92.272
S01805,C014,176.017
S01805,C015,343.119
S01805,C016,733.183
S01805,C017,663.456
S01805,C018,737.512
S01805,C019,720.033
S01805,C020,377.35
S01806,C001,797.789
S01806,C002,693.785
S01806,C003,752.666
S01806,C004,697.699
S01806,C005,734.194
S01806,C006,293.632
S01806,C007,162.35
S01806,C008,129.556
S01806,C009,89.652
S01806,C010,202.2
S01806,C011,329.814
S01806,C012,408.685
S01806,C013,487.175
S01806,C014,532.346
S01806,C015,707.893
S01806,C016,559.727
S01806,C017,585.643
S01806,C018,703.669
S01806,C019,734.562
S01806,C020,432.384
S01807,C001,131.65
S01807,C002,28.896
S01807,C003,132.792
S01807,C004,183.953
S01807,C005,297.771
S01807,C006,648.334
S01807,C007,596.023
S01807,C008,673.702
S01807,C009,703.41
S01807,C010,742.745
S01807,C011,643.589
S01807,C012,555.686
S01807,C013,529.304
S01807,C014,439.791
S01807,C015,433.995
S01807,C016,514.774
S01807,C017,357.192
S01807,C018,320.27
S01807,C019,246.647
S01807,C020,286.441
S01808,C001,124.458
S01808,C002,23.861
S01808,C003,176.669
S01808,C004,216.993
S01808,C005,332.536
S01808,C006,606.247
S01808,C007,561.622
S01808,C008,638.773
S01808,C009,680.005
S01808,C010,725.961
S01808,C011,636.46
S01808,C012,554.864
S01808,C013,535.413
S01808,C014,450.327
S01808,C015,461.95
S01808,C016,466.68
S01808,C017,309.12
S01808,C018,276.384
S01808,C019,207.349
S01808,C020,258.408
S01809,C001,258.995
S01809,C002,323.743
S01809,C003,474.07
S01809,C004,515.601
S01809,C005,631.186
S01809,C006,542.226
S01809,C007,585.374
S01809,C008,647.475
S01809,C009,770.812
S01809,C010,852.441
S01809,C011,817.019
S01809,C012,766.528
S01809,C013,772.091
S01809,C014,704.539
S01809,C015,752.223
S01809,C016,278.261
S01809,C017,162.209
S01809,C018,42.67
S01809,C019,95.902
S01809,C020,402.1
S01810,C001,411.87
S01810,C002,297.48
S01810,C003,169.346
S01810,C004,103.438
S01810,C005,15.552
S01810,C006,765.971
S01810,C007,653.704
S01810,C008,727.527
S01810,C009,671.806
S01810,C010,664.594
S01810,C011,517.15
S01810,C012,404.461
S01810,C013,343.086
S01810,C014,245.67
S01810,C015,155.301
S01810,C016,732.042
S01810,C017,591.364
S01810,C018,590.751
S01810,C019,527.488
S01810,C020,370.984
S01811,C001,806.176
S01811,C002,687.45
S01811,C003,717.638
S01811,C004,652.026
S01811,C005,667.28
S01811,C006,417.111
S01811,C007,258.996
S01811,C008,258.461
S01811,C009,52.153
S01811,C010,65.866
S01811,C011,198.795
S01811,C012,294.919
S01811,C013,376.513
S01811,C014,439.296
S01811,C015,616.064
S01811,C016,652.512
S01811,C017,647.698
S01811,C018,755.77
S01811,C019,771.476
S01811,C020,434.582
S01812,C001,725.992
S01812,C002,632.747
S01812,C003,709.62
S01812,C004,663.624
S01812,C005,715.619
S01812,C006,192.048
S01812,C007,67.222
S01812,C008,35.359
S01812,C009,175.963
S01812,C010,291.683
S01812,C011,387.297
S01812,C012,443.573
S01812,C013,515.27
S01812,C014,542.151
S01812,C015,711.229
S01812,C016,455.326
S01812,C017,490.053
S01812,C018,610.912
S01812,C019,648.387
S01812,C020,375.188
S01813,C001,786.545
S01813,C002,655.362
S01813,C003,647.212
S01813,C004,571.454
S01813,C005,558.297
S01813,C006,556.976
S01813,C007,388.956
S01813,C008,413.482
S01813,C009,225.203
S01813,C010,142.39
S01813,C011,32.591
S01813,C012,148.053
S01813,C013,225.275
S01813,C014,309.26
S01813,C015,477.41
S01813,C016,744.701
S01813,C017,702.737
S01813,C018,793.08
S01813,C019,789.161
S01813,C020,437.45
S01814,C001,700.399
S01814,C002,565.648
S01814,C003,492.057
S01814,C004,410.221
S01814,C005,345.628
S01814,C006,745.088
S01814,C007,586.299
S01814,C008,637.732
S01814,C009,491.792
S01814,C010,430.148
S01814,C011,259.6
S01814,C012,162.277
S01814,C013,89.389
S01814,C014,133.032
S01814,C015,218.793
S01814,C016,841.92
S01814,C017,746.94
S01814,C018,798.824
S01814,C019,763.777
S01814,C020,456.797
S01815,C001,79.929
S01815,C002,192.931
S01815,C003,321.867
S01815,C004,381.399
S01815,C005,494.21
S01815,C006,653.173
S01815,C007,651.742
S01815,C008,724.006
S01815,C009,803.982
S01815,C010,865.249
S01815,C011,793.826
S01815,C012,720.489
S01815,C013,706.616
S01815,C014,623.767
S01815,C015,631.452
S01815,C016,436.274
S01815,C017,284.649
S01815,C018,186.348
S01815,C019,100.34
S01815,C020,387.963
S01816,C001,795.295
S01816,C002,684.578
S01816,C003,731.851
S01816,C004,672.339
S01816,C005,700.599
S01816,C006,342.693
S01816,C007,194.52
S01816,C008,180.613
S01816,C009,29.86
S01816,C010,144.055
S01816,C011,272.143
S01816,C012,356.499
S01816,C013,436.437
S01816,C014,487.988
S01816,C015,664.713
S01816,C016,594.348
S01816,C017,605.936
S01816,C018,719.98
S01816,C019,744.222
S01816,C020,424.648
S01817,C001,256.907
S01817,C002,163.966
S01817,C003,11.179
S01817,C004,77.444
S01817,C005,167.594
S01817,C006,738.058
S01817,C007,657.046
S01817,C008,734.72
S01817,C009,724.118
S01817,C010,741.225
S01817,C011,615.322
S01817,C012,512.062
S01817,C013,466.645
S01817,C014,369.151
S01817,C015,315.356
S01817,C016,643.865
S01817,C017,490.441
S01817,C018,463.694
S01817,C019,390.439
S01817,C020,344.908
S01818,C001,799.25
S01818,C002,669.123
S01818,C003,665.148
S01818,C004,590.209
S01818,C005,579.677
S01818,C006,546.551
S01818,C007,379.139
S01818,C008,399.706
S01818,C009,206.586
S01818,C010,118.866
S01818,C011,55.613
S01818,C012,170.952
S01818,C013,248.946
S01818,C014,331.685
S01818,C015,500.812
S01818,C016,742.523
S01818,C017,705.699
S01818,C018,798.717
S01818,C019,797.323
S01818,C020,445.682
S01819,C001,334.277
S01819,C002,233.019
S01819,C003,87.972
S01819,C004,61.104
S01819,C005,91.926
S01819,C006,765.726
S01819,C007,669.551
S01819,C008,745.919
S01819,C009,713.387
S01819,C010,718.407
S01819,C011,580.72
S01819,C012,471.794
S01819,C013,417.577
S01819,C014,319.053
S01819,C015,241.923
S01819,C016,697.93
S01819,C017,549.086
S01819,C018,532.817
S01819,C019,462.955
S01819,C020,367.078
S01820,C001,385.21
S01820,C002,286.758
S01820,C003,378.939
S01820,C004,351.405
S01820,C005,435.03
S01820,C006,353.656
S01820,C007,282.404
S01820,C008,360.096
S01820,C009,412.921
S01820,C010,478.554
S01820,C011,435.47
S01820,C012,395.82
S01820,C013,418.593
S01820,C014,376.914
S01820,C015,491.726
S01820,C016,346.948
S01820,C017,257.411
S01820,C018,339.869
S01820,C019,342.697
S01820,C020,49.284
S01821,C001,47.833
S01821,C002,90.235
S01821,C003,216.509
S01821,C004,274.487
S01821,C005,387.368
S01821,C006,647.828
S01821,C007,618.974
S01821,C008,694.883
S01821,C009,748.905
S01821,C010,799.013
S01821,C011,712.819
S01821,C012,631.674
S01821,C013,611.303
S01821,C014,524.801
S01821,C015,524.842
S01821,C016,474.448
S01821,C017,315.02
S01821,C018,251.749
S01821,C019,169.597
S01821,C020,326.272
S01822,C001,735.476
S01822,C002,619.664
S01822,C003,658.877
S01822,C004,597.189
S01822,C005,622.605
S01822,C006,360.648
S01822,C007,195.559
S01822,C008,212.295
S01822,C009,63.047
S01822,C010,134.877
S01822,C011,211.852
S01822,C012,283.749
S01822,C013,362.12
S01822,C014,410.057
S01822,C015,586.565
S01822,C016,581.12
S01822,C017,572.38
S01822,C018,680.287
S01822,C019,696.734
S01822,C020,363.407
S01823,C001,328.931
S01823,C002,344.008
S01823,C003,495.685
S01823,C004,517.994
S01823,C005,629.848
S01823,C006,414.186
S01823,C007,464.477
S01823,C008,523.289
S01823,C009,658.354
S01823,C010,746.995
S01823,C011,729.509
S01823,C012,693.211
S01823,C013,710.76
S01823,C014,655.746
S01823,C015,732.195
S01823,C016,163.898
S01823,C017,42.214
S01823,C018,96.057
S01823,C019,172.659
S01823,C020,329.581
S01824,C001,601.024
S01824,C002,465.55
S01824,C003,402.953
S01824,C004,321.037
S01824,C005,276.038
S01824,C006,672.099
S01824,C007,521.276
S01824,C008,580.551
S01824,C009,462.189
S01824,C010,424.083
S01824,C011,260.651
S01824,C012,145.266
S01824,C013,73.236
S01824,C014,30.987
S01824,C015,185.536
S01824,C016,747.059
S01824,C017,646.654
S01824,C018,696.086
S01824,C019,660.849
S01824,C020,358.117
S01825,C001,624.271
S01825,C002,488.258
S01825,C003,434.406
S01825,C004,352.918
S01825,C005,313.579
S01825,C006,654.005
S01825,C007,499.16
S01825,C008,555.422
S01825,C009,428.702
S01825,C010,386.649
S01825,C011,222.045
S01825,C012,106.909
S01825,C013,36.454
S01825,C014,62.11
S01825,C015,223.436
S01825,C016,744.193
S01825,C017,650.882
S01825,C018,706.718
S01825,C019,675.808
S01825,C020,360.116
S01826,C001,118.565
S01826,C002,183.729
S01826,C003,329.938
S01826,C004,377.764
S01826,C005,493.142
S01826,C006,586.571
S01826,C007,587.795
S01826,C008,659.261
S01826,C009,745.448
S01826,C010,810.975
S01826,C011,748.084
S01826,C012,681.138
S01826,C013,673.786
S01826,C014,596.157
S01826,C015,622.07
S01826,C016,375.076
S01826,C017,220.387
S01826,C018,135.061
S01826,C019,50.676
S01826,C020,335.583
S01827,C001,572.553
S01827,C002,437.186
S01827,C003,374.726
S01827,C004,292.893
S01827,C005,251.984
S01827,C006,663.531
S01827,C007,516.411
S01827,C008,578.242
S01827,C009,469.426
S01827,C010,437.913
S01827,C011,278.32
S01827,C012,163.028
S01827,C013,98.244
S01827,C014,4.432
S01827,C015,174.004
S01827,C016,728.162
S01827,C017,624.209
S01827,C018,670.871
S01827,C019,634.181
S01827,C020,337.492
S01828,C001,465.464
S01828,C002,339.501
S01828,C003,235.938
S01828,C004,156.917
S01828,C005,89.558
S01828,C006,731.948
S01828,C007,606.977
S01828,C008,677.807
S01828,C009,604.631
S01828,C010,589.448
S01828,C011,437.354
S01828,C012,323.427
S01828,C013,259.753
S01828,C014,163.066
S01828,C015,103.66
S01828,C016,730.854
S01828,C017,600.816
S01828,C018,617.162
S01828,C019,562.59
S01828,C020,349.86
S01829,C001,348.958
S01829,C002,357.111
S01829,C003,507.611
S01829,C004,526.484
S01829,C005,637.071
S01829,C006,390.315
S01829,C007,444.126
S01829,C008,501.607
S01829,C009,640.451
S01829,C010,730.959
S01829,C011,718.148
S01829,C012,685.346
S01829,C013,705.57
S01829,C014,653.485
S01829,C015,735.505
S01829,C016,142.075
S01829,C017,33.359
S01829,C018,120.41
S01829,C019,195.456
S01829,C020,324.202
S01830,C001,736.762
S01830,C002,636.223
S01830,C003,702.503
S01830,C004,651.497
S01830,C005,695.776
S01830,C006,243.752
S01830,C007,97.97
S01830,C008,86.143
S01830,C009,123.994
S01830,C010,239.371
S01830,C011,338.408
S01830,C012,401.061
S01830,C013,475.366
S01830,C014,509.164
S01830,C015,681.49
S01830,C016,497.493
S01830,C017,520.175
S01830,C018,638.245
S01830,C019,669.933
S01830,C020,375.358
S01831,C001,177.11
S01831,C002,116.466
S01831,C003,74.307
S01831,C004,152.644
S01831,C005,251.098
S01831,C006,730.143
S01831,C007,667.341
S01831,C008,745.379
S01831,C009,757.329
S01831,C010,785.628
S01831,C011,671.231
S01831,C012,573.684
S01831,C013,535.285
S01831,C014,439.765
S01831,C015,398.376
S01831,C016,603.351
S01831,C017,445.469
S01831,C018,401.742
S01831,C019,322.829
S01831,C020,353.333
S01832,C001,34.972
S01832,C002,116.344
S01832,C003,212.835
S01832,C004,280.362
S01832,C005,388.841
S01832,C006,692.117
S01832,C007,662.461
S01832,C008,738.584
S01832,C009,788.972
S01832,C010,836.199
S01832,C011,744.8
S01832,C012,659.844
S01832,C013,635.022
S01832,C014,545.579
S01832,C015,531.609
S01832,C016,513.863
S01832,C017,354.946
S01832,C018,282.554
S01832,C019,196.962
S01832,C020,366.52
S01833,C001,463.087
S01833,C002,361.947
S01833,C003,217.208
S01833,C004,173.358
S01833,C005,68.557
S01833,C006,849.693
S01833,C007,735.027
S01833,C008,808.024
S01833,C009,742.914
S01833,C010,727.367
S01833,C011,572.289
S01833,C012,457.222
S01833,C013,387.455
S01833,C014,295.69
S01833,C015,153.606
S01833,C016,812.648
S01833,C017,669.056
S01833,C018,660.555
S01833,C019,592.44
S01833,C020,455.04
S01834,C001,435.217
S01834,C002,323.825
S01834,C003,190.373
S01834,C004,130.091
S01834,C005,14.464
S01834,C006,792.064
S01834,C007,677.32
S01834,C008,750.511
S01834,C009,689.074
S01834,C010,677.677
S01834,C011,526.543
S01834,C012,412.544
S01834,C013,347.301
S01834,C014,251.765
S01834,C015,139.917
S01834,C016,760.796
S01834,C017,620.083
S01834,C018,618.464
S01834,C019,554.245
S01834,C020,398.23
S01835,C001,37.827
S01835,C002,136.03
S01835,C003,264.842
S01835,C004,323.387
S01835,C005,436.335
S01835,C006,646.56
S01835,C007,630.477
S01835,C008,704.877
S01835,C009,771.449
S01835,C010,827.068
S01835,C011,748.086
S01835,C012,670.814
S01835,C013,653.787
S01835,C014,569.161
S01835,C015,573.505
S01835,C016,452.83
S01835,C017,295.291
S01835,C018,216.589
S01835,C019,130.69
S01835,C020,350.571
S01836,C001,635.74
S01836,C002,550.173
S01836,C003,639.736
S01836,C004,601.675
S01836,C005,665.987
S01836,C006,143.351
S01836,C007,36.558
S01836,C008,99.55
S01836,C009,250.227
S01836,C010,359.398
S01836,C011,419.583
S01836,C012,451.587
S01836,C013,513.731
S01836,C014,522.424
S01836,C015,681.179
S01836,C016,363.561
S01836,C017,391.252
S01836,C018,512.259
S01836,C019,551.373
S01836,C020,300.935
S01837,C001,471.79
S01837,C002,465.086
S01837,C003,610.203
S01837,C004,617.733
S01837,C005,722.383
S01837,C006,293.261
S01837,C007,386.21
S01837,C008,429.216
S01837,C009,596.739
S01837,C010,698.794
S01837,C011,715.52
S01837,C012,702.779
S01837,C013,736.4
S01837,C014,699.297
S01837,C015,804.449
S01837,C016,25.07
S01837,C017,139.199
S01837,C018,242.656
S01837,C019,320.624
S01837,C020,367.348
S01838,C001,106.512
S01838,C002,203.736
S01838,C003,340.864
S01838,C004,396.0
S01838,C005,510.188
S01838,C006,627.121
S01838,C007,631.307
S01838,C008,702.488
S01838,C009,788.978
S01838,C010,853.642
S01838,C011,787.998
S01838,C012,718.45
S01838,C013,708.173
S01838,C014,627.95
S01838,C015,644.181
S01838,C016,405.283
S01838,C017,255.073
S01838,C018,154.617
S01838,C019,68.92
S01838,C020,377.454
S01839,C001,323.543
S01839,C002,317.214
S01839,C003,465.586
S01839,C004,480.968
S01839,C005,590.505
S01839,C006,383.921
S01839,C007,419.376
S01839,C008,481.579
S01839,C009,608.567
S01839,C010,695.108
S01839,C011,675.379
S01839,C012,639.301
S01839,C013,657.901
S01839,C014,604.812
S01839,C015,687.055
S01839,C016,171.718
S01839,C017,15.773
S01839,C018,126.68
S01839,C019,183.959
S01839,C020,276.508
S01840,C001,645.655
S01840,C002,573.235
S01840,C003,675.862
S01840,C004,644.935
S01840,C005,717.166
S01840,C006,71.622
S01840,C007,102.463
S01840,C008,124.213
S01840,C009,312.539
S01840,C010,425.282
S01840,C011,492.5
S01840,C012,523.674
S01840,C013,584.156
S01840,C014,588.247
S01840,C015,742.237
S01840,C016,315.4
S01840,C017,370.559
S01840,C018,494.871
S01840,C019,544.273
S01840,C020,339.326
S01841,C001,578.234
S01841,C002,570.554
S01841,C003,713.716
S01841,C004,717.144
S01841,C005,818.646
S01841,C006,260.816
S01841,C007,393.649
S01841,C008,418.179
S01841,C009,607.677
S01841,C010,717.349
S01841,C011,757.929
S01841,C012,760.058
S01841,C013,802.127
S01841,C014,774.944
S01841,C015,892.082
S01841,C016,87.927
S01841,C017,246.083
S01841,C018,342.917
S01841,C019,424.297
S01841,C020,449.734
S01842,C001,357.053
S01842,C002,353.079
S01842,C003,501.16
S01842,C004,515.275
S01842,C005,623.995
S01842,C006,363.819
S01842,C007,413.0
S01842,C008,471.317
S01842,C009,608.84
S01842,C010,699.506
S01842,C011,688.353
S01842,C012,657.642
S01842,C013,679.811
S01842,C014,630.248
S01842,C015,717.718
S01842,C016,136.046
S01842,C017,24.069
S01842,C018,143.855
S01842,C019,211.444
S01842,C020,298.979
S01843,C001,313.232
S01843,C002,298.218
S01843,C003,444.951
S01843,C004,458.181
S01843,C005,567.024
S01843,C006,382.457
S01843,C007,407.88
S01843,C008,472.419
S01843,C009,592.695
S01843,C010,676.988
S01843,C011,653.534
S01843,C012,615.707
S01843,C013,633.448
S01843,C014,579.865
S01843,C015,662.378
S01843,C016,189.617
S01843,C017,40.675
S01843,C018,137.218
S01843,C019,183.491
S01843,C020,252.137
S01844,C001,509.162
S01844,C002,405.802
S01844,C003,263.042
S01844,C004,214.551
S01844,C005,101.711
S01844,C006,873.346
S01844,C007,752.431
S01844,C008,823.775
S01844,C009,747.336
S01844,C010,724.557
S01844,C011,564.777
S01844,C012,449.258
S01844,C013,375.268
S01844,C014,289.231
S01844,C015,127.889
S01844,C016,848.635
S01844,C017,707.681
S01844,C018,703.216
S01844,C019,636.512
S01844,C020,482.9
S01845,C001,279.617
S01845,C002,191.955
S01845,C003,39.082
S01845,C004,82.468
S01845,C005,152.141
S01845,C006,763.18
S01845,C007,678.896
S01845,C008,756.344
S01845,C009,739.78
S01845,C010,753.017
S01845,C011,622.686
S01845,C012,517.006
S01845,C013,467.749
S01845,C014,369.51
S01845,C015,302.104
S01845,C016,672.189
S01845,C017,518.858
S01845,C018,491.265
S01845,C019,417.129
S01845,C020,368.287
S01846,C001,757.953
S01846,C002,626.844
S01846,C003,620.036
S01846,C004,544.799
S01846,C005,534.37
S01846,C006,541.729
S01846,C007,373.476
S01846,C008,402.719
S01846,C009,223.234
S01846,C010,153.959
S01846,C011,20.302
S01846,C012,127.861
S01846,C013,207.815
S01846,C014,287.341
S01846,C015,458.199
S01846,C016,721.713
S01846,C017,676.632
S01846,C018,765.778
S01846,C019,761.077
S01846,C020,409.431
S01847,C001,706.984
S01847,C002,579.285
S01847,C003,587.986
S01847,C004,517.127
S01847,C005,522.054
S01847,C006,472.13
S01847,C007,304.136
S01847,C008,339.45
S01847,C009,181.812
S01847,C010,154.215
S01847,C011,89.785
S01847,C012,149.319
S01847,C013,229.491
S01847,C014,289.169
S01847,C015,465.86
S01847,C016,648.894
S01847,C017,607.375
S01847,C018,699.992
S01847,C019,699.562
S01847,C020,348.299
S01848,C001,645.798
S01848,C002,601.056
S01848,C003,725.045
S01848,C004,708.688
S01848,C005,795.041
S01848,C006,88.539
S01848,C007,242.005
S01848,C008,250.889
S01848,C009,450.482
S01848,C010,564.261
S01848,C011,629.118
S01848,C012,652.01
S01848,C013,706.729
S01848,C014,699.151
S01848,C015,840.554
S01848,C016,219.365
S01848,C017,328.349
S01848,C018,449.411
S01848,C019,516.173
S01848,C020,408.565
S01849,C001,503.66
S01849,C002,390.351
S01849,C003,258.888
S01849,C004,196.33
S01849,C005,82.216
S01849,C006,825.886
S01849,C007,701.311
S01849,C008,771.791
S01849,C009,692.22
S01849,C010,669.289
S01849,C011,510.128
S01849,C012,394.626
S01849,C013,321.725
S01849,C014,234.146
S01849,C015,82.595
S01849,C016,814.084
S01849,C017,677.814
S01849,C018,682.199
S01849,C019,620.129
S01849,C020,440.085
S01850,C001,662.192
S01850,C002,547.791
S01850,C003,593.127
S01850,C004,534.871
S01850,C005,569.005
S01850,C006,331.144
S01850,C007,163.38
S01850,C008,206.533
S01850,C009,132.873
S01850,C010,201.369
S01850,C011,230.012
S01850,C012,272.145
S01850,C013,343.116
S01850,C014,374.46
S01850,C015,547.466
S01850,C016,522.972
S01850,C017,503.606
S01850,C018,609.005
S01850,C019,623.587
S01850,C020,290.155
S01851,C001,352.811
S01851,C002,243.567
S01851,C003,326.258
S01851,C004,297.267
S01851,C005,382.139
S01851,C006,407.667
S01851,C007,329.507
S01851,C008,407.546
S01851,C009,441.768
S01851,C010,496.823
S01851,C011,434.935
S01851,C012,381.506
S01851,C013,394.134
S01851,C014,342.197
S01851,C015,445.081
S01851,C016,386.477
S01851,C017,279.259
S01851,C018,344.322
S01851,C019,333.309
S01851,C020,19.468
S01852,C001,464.908
S01852,C002,455.631
S01852,C003,600.09
S01852,C004,606.83
S01852,C005,711.124
S01852,C006,289.254
S01852,C007,377.843
S01852,C008,422.343
S01852,C009,587.652
S01852,C010,689.049
S01852,C011,704.352
S01852,C012,691.019
S01852,C013,724.424
S01852,C014,687.234
S01852,C015,792.627
S01852,C016,36.942
S01852,C017,131.94
S01852,C018,239.378
S01852,C019,315.69
S01852,C020,355.312
S01853,C001,591.539
S01853,C002,455.422
S01853,C003,409.318
S01853,C004,328.79
S01853,C005,300.688
S01853,C006,623.406
S01853,C007,471.561
S01853,C008,530.618
S01853,C009,415.332
S01853,C010,383.356
S01853,C011,225.879
S01853,C012,111.827
S01853,C013,66.28
S01853,C014,52.247
S01853,C015,228.626
S01853,C016,707.157
S01853,C017,613.037
S01853,C018,669.309
S01853,C019,639.371
S01853,C020,322.318
S01854,C001,803.837
S01854,C002,684.254
S01854,C003,712.481
S01854,C004,646.263
S01854,C005,660.168
S01854,C006,424.143
S01854,C007,264.725
S01854,C008,266.373
S01854,C009,61.182
S01854,C010,59.784
S01854,C011,188.797
S01854,C012,285.589
S01854,C013,367.234
S01854,C014,430.91
S01854,C015,607.558
S01854,C016,656.62
S01854,C017,649.451
S01854,C018,756.625
S01854,C019,771.2
S01854,C020,432.608
S01855,C001,658.438
S01855,C002,579.263
S01855,C003,674.844
S01855,C004,639.619
S01855,C005,706.802
S01855,C006,101.946
S01855,C007,66.583
S01855,C008,90.989
S01855,C009,274.725
S01855,C010,387.666
S01855,C011,458.643
S01855,C012,494.44
S01855,C013,557.448
S01855,C014,566.502
S01855,C015,724.638
S01855,C016,350.195
S01855,C017,396.074
S01855,C018,519.452
S01855,C019,564.663
S01855,C020,336.223
S01856,C001,661.858
S01856,C002,584.16
S01856,C003,681.128
S01856,C004,646.623
S01856,C005,714.572
S01856,C006,92.97
S01856,C007,75.344
S01856,C008,93.578
S01856,C009,281.748
S01856,C010,395.139
S01856,C011,467.561
S01856,C012,503.667
S01856,C013,566.661
S01856,C014,575.473
S01856,C015,733.27
S01856,C016,346.324
S01856,C017,395.891
S01856,C018,519.621
S01856,C019,566.089
S01856,C020,342.721
S01857,C001,297.599
S01857,C002,351.396
S01857,C003,503.514
S01857,C004,540.213
S01857,C005,655.349
S01857,C006,509.161
S01857,C007,561.947
S01857,C008,621.144
S01857,C009,753.284
S01857,C010,838.988
S01857,C011,812.155
S01857,C012,767.45
S01857,C013,777.591
S01857,C014,714.293
S01857,C015,771.405
S01857,C016,237.429
S01857,C017,137.253
S01857,C018,51.375
S01857,C019,131.647
S01857,C020,401.517
S01858,C001,406.788
S01858,C002,288.858
S01858,C003,348.192
S01858,C004,305.274
S01858,C005,374.321
S01858,C006,407.037
S01858,C007,304.9
S01858,C008,382.17
S01858,C009,391.788
S01858,C010,439.598
S01858,C011,372.874
S01858,C012,321.23
S01858,C013,338.708
S01858,C014,295.573
S01858,C015,416.568
S01858,C016,428.281
S01858,C017,334.352
S01858,C018,405.532
S01858,C019,395.265
S01858,C020,44.901
S01859,C001,625.255
S01859,C002,489.985
S01859,C003,461.93
S01859,C004,383.775
S01859,C005,367.126
S01859,C006,577.946
S01859,C007,419.683
S01859,C008,473.623
S01859,C009,346.773
S01859,C010,312.851
S01859,C011,159.221
S01859,C012,54.078
S01859,C013,77.818
S01859,C014,122.893
S01859,C015,298.863
S01859,C016,688.942
S01859,C017,609.105
S01859,C018,677.276
S01859,C019,656.111
S01859,C020,319.401
S01860,C001,747.187
S01860,C002,661.348
S01860,C003,746.721
S01860,C004,704.629
S01860,C005,761.617
S01860,C006,154.645
S01860,C007,95.134
S01860,C008,21.139
S01860,C009,223.084
S01860,C010,339.143
S01860,C011,442.311
S01860,C012,499.255
S01860,C013,570.51
S01860,C014,595.248
S01860,C015,762.675
S01860,C016,438.07
S01860,C017,490.88
S01860,C018,614.256
S01860,C019,658.466
S01860,C020,408.972
S01861,C001,332.644
S01861,C002,215.812
S01861,C003,98.453
S01861,C004,21.793
S01861,C005,94.086
S01861,C006,715.935
S01861,C007,616.836
S01861,C008,692.986
S01861,C009,660.327
S01861,C010,667.334
S01861,C011,533.022
S01861,C012,426.275
S01861,C013,376.785
S01861,C014,278.686
S01861,C015,230.285
S01861,C016,660.294
S01861,C017,515.608
S01861,C018,510.07
S01861,C019,445.883
S01861,C020,317.185
S01862,C001,87.186
S01862,C002,208.052
S01862,C003,278.659
S01862,C004,354.617
S01862,C005,455.112
S01862,C006,765.762
S01862,C007,746.95
S01862,C008,822.084
S01862,C009,879.562
S01862,C010,928.245
S01862,C011,836.525
S01862,C012,750.057
S01862,C013,722.509
S01862,C014,631.088
S01862,C015,602.704
S01862,C016,562.638
S01862,C017,408.438
S01862,C018,313.684
S01862,C019,227.679
S01862,C020,456.92
S01863,C001,483.35
S01863,C002,368.693
S01863,C003,425.672
S01863,C004,377.284
S01863,C005,434.54
S01863,C006,356.748
S01863,C007,234.341
S01863,C008,309.7
S01863,C009,312.288
S01863,C010,366.642
S01863,C011,321.078
S01863,C012,292.488
S01863,C013,328.796
S01863,C014,309.3
S01863,C015,454.61
S01863,C016,433.62
S01863,C017,367.37
S01863,C018,455.518
S01863,C019,456.992
S01863,C020,111.517
S01864,C001,805.83
S01864,C002,690.253
S01864,C003,727.485
S01864,C004,664.234
S01864,C005,684.708
S01864,C006,388.305
S01864,C007,234.305
S01864,C008,227.707
S01864,C009,20.576
S01864,C010,95.947
S01864,C011,230.581
S01864,C012,322.572
S01864,C013,403.75
S01864,C014,462.344
S01864,C015,639.4
S01864,C016,631.596
S01864,C017,634.018
S01864,C018,744.816
S01864,C019,764.194
S01864,C020,433.767
S01865,C001,190.697
S01865,C002,255.158
S01865,C003,404.339
S01865,C004,448.214
S01865,C005,563.855
S01865,C006,557.936
S01865,C007,580.621
S01865,C008,647.724
S01865,C009,753.875
S01865,C010,828.267
S01865,C011,780.044
S01865,C012,721.961
S01865,C013,721.819
S01865,C014,649.689
S01865,C015,688.233
S01865,C016,319.123
S01865,C017,176.694
S01865,C018,65.202
S01865,C019,25.45
S01865,C020,363.155
S01866,C001,806.106
S01866,C002,690.842
S01866,C003,728.726
S01866,C004,665.699
S01866,C005,686.64
S01866,C006,385.719
S01866,C007,232.233
S01866,C008,224.917
S01866,C009,18.157
S01866,C010,98.871
S01866,C011,233.731
S01866,C012,325.411
S01866,C013,406.545
S01866,C014,464.787
S01866,C015,641.85
S01866,C016,629.841
S01866,C017,633.005
S01866,C018,744.064
S01866,C019,763.803
S01866,C020,434.063
S01867,C001,492.533
S01867,C002,371.191
S01867,C003,254.452
S01867,C004,181.142
S01867,C005,84.928
S01867,C006,775.986
S01867,C007,649.209
S01867,C008,719.243
S01867,C009,639.453
S01867,C010,618.44
S01867,C011,461.383
S01867,C012,346.13
S01867,C013,276.171
S01867,C014,184.719
S01867,C015,70.211
S01867,C016,774.386
S01867,C017,642.617
S01867,C018,655.053
S01867,C019,597.651
S01867,C020,394.495
S01868,C001,288.671
S01868,C002,364.913
S01868,C003,513.295
S01868,C004,557.993
S01868,C005,673.636
S01868,C006,569.543
S01868,C007,622.212
S01868,C008,681.945
S01868,C009,811.622
S01868,C010,895.358
S01868,C011,862.886
S01868,C012,813.385
S01868,C013,819.187
S01868,C014,751.418
S01868,C015,796.865
S01868,C016,292.474
S01868,C017,197.291
S01868,C018,88.068
S01868,C019,134.291
S01868,C020,448.627
S01869,C001,409.941
S01869,C002,308.741
S01869,C003,163.826
S01869,C004,122.963
S01869,C005,46.37
S01869,C006,813.669
S01869,C007,705.924
S01869,C008,780.449
S01869,C009,728.118
S01869,C010,720.883
S01869,C011,572.236
S01869,C012,458.864
S01869,C013,395.01
S01869,C014,298.776
S01869,C015,184.097
S01869,C016,764.824
S01869,C017,619.168
S01869,C018,607.836
S01869,C019,539.085
S01869,C020,416.174
S01870,C001,261.967
S01870,C002,153.732
S01870,C003,33.313
S01870,C004,52.783
S01870,C005,159.867
S01870,C006,708.021
S01870,C007,624.25
S01870,C008,701.813
S01870,C009,690.037
S01870,C010,707.73
S01870,C011,583.461
S01870,C012,481.531
S01870,C013,438.632
S01870,C014,341.97
S01870,C015,302.042
S01870,C016,623.094
S01870,C017,472.082
S01870,C018,453.399
S01870,C019,384.067
S01870,C020,313.09
S01871,C001,801.04
S01871,C002,670.874
S01871,C003,666.681
S01871,C004,591.679
S01871,C005,580.88
S01871,C006,548.08
S01871,C007,380.711
S01871,C008,401.04
S01871,C009,207.522
S01871,C010,118.915
S01871,C011,56.447
S01871,C012,171.881
S01871,C013,249.668
S01871,C014,332.721
S01871,C015,501.632
S01871,C016,744.353
S01871,C017,707.602
S01871,C018,800.624
S01871,C019,799.211
S01871,C020,447.566
S01872,C001,785.408
S01872,C002,675.47
S01872,C003,724.511
S01872,C004,665.787
S01872,C005,695.758
S01872,C006,331.91
S01872,C007,182.704
S01872,C008,170.467
S01872,C009,37.41
S01872,C010,153.305
S01872,C011,275.75
S01872,C012,357.089
S01872,C013,436.476
S01872,C014,485.849
S01872,C015,662.311
S01872,C016,582.474
S01872,C017,594.245
S01872,C018,708.498
S01872,C019,733.18
S01872,C020,415.179
S01873,C001,687.542
S01873,C002,592.247
S01873,C003,667.783
S01873,C004,621.773
S01873,C005,674.574
S01873,C006,197.76
S01873,C007,38.792
S01873,C008,68.914
S01873,C009,176.494
S01873,C010,288.432
S01873,C011,366.278
S01873,C012,414.018
S01873,C013,483.176
S01873,C014,505.611
S01873,C015,672.963
S01873,C016,438.88
S01873,C017,461.634
S01873,C018,580.568
S01873,C019,614.561
S01873,C020,333.882
S01874,C001,389.822
S01874,C002,273.754
S01874,C003,149.692
S01874,C004,79.848
S01874,C005,38.693
S01874,C006,747.0
S01874,C007,637.789
S01874,C008,712.279
S01874,C009,662.62
S01874,C010,659.462
S01874,C011,515.677
S01874,C012,404.498
S01874,C013,346.754
S01874,C014,248.453
S01874,C015,174.542
S01874,C016,708.624
S01874,C017,567.347
S01874,C018,566.478
S01874,C019,503.52
S01874,C020,350.658
S01875,C001,378.88
S01875,C002,258.032
S01875,C003,315.466
S01875,C004,274.244
S01875,C005,347.611
S01875,C006,434.254
S01875,C007,336.995
S01875,C008,414.465
S01875,C009,423.034
S01875,C010,467.312
S01875,C011,392.147
S01875,C012,332.15
S01875,C013,341.85
S01875,C014,289.724
S01875,C015,398.776
S01875,C016,436.735
S01875,C017,332.023
S01875,C018,393.901
S01875,C019,377.202
S01875,C020,44.722
S01876,C001,394.426
S01876,C002,289.819
S01876,C003,148.162
S01876,C004,101.736
S01876,C005,39.261
S01876,C006,792.397
S01876,C007,685.835
S01876,C008,760.636
S01876,C009,711.491
S01876,C010,706.76
S01876,C011,560.484
S01876,C012,448.007
S01876,C013,386.597
S01876,C014,289.288
S01876,C015,187.564
S01876,C016,743.219
S01876,C017,597.98
S01876,C018,588.191
S01876,C019,520.45
S01876,C020,394.666
S01877,C001,551.411
S01877,C002,419.533
S01877,C003,333.896
S01877,C004,252.504
S01877,C005,189.704
S01877,C006,718.518
S01877,C007,577.786
S01877,C008,642.648
S01877,C009,541.906
S01877,C010,511.565
S01877,C011,350.617
S01877,C012,235.098
S01877,C013,163.096
S01877,C014,76.356
S01877,C015,101.584
S01877,C016,758.875
S01877,C017,643.231
S01877,C018,676.759
S01877,C019,631.397
S01877,C020,367.112
S01878,C001,46.157
S01878,C002,133.995
S01878,C003,266.541
S01878,C004,323.32
S01878,C005,436.825
S01878,C006,637.666
S01878,C007,621.99
S01878,C008,696.299
S01878,C009,763.809
S01878,C010,820.074
S01878,C011,742.283
S01878,C012,665.879
S01878,C013,649.784
S01878,C014,565.839
S01878,C015,572.874
S01878,C016,444.575
S01878,C017,286.828
S01878,C018,209.833
S01878,C019,124.533
S01878,C020,343.314
S01879,C001,502.102
S01879,C002,389.97
S01879,C003,256.862
S01879,C004,195.937
S01879,C005,80.974
S01879,C006,830.523
S01879,C007,706.655
S01879,C008,777.326
S01879,C009,698.636
S01879,C010,676.04
S01879,C011,516.993
S01879,C012,401.495
S01879,C013,328.63
S01879,C014,240.961
S01879,C015,88.697
S01879,C016,816.595
S01879,C017,679.598
S01879,C018,682.736
S01879,C019,620.02
S01879,C020,443.824
S01880,C001,454.912
S01880,C002,345.052
S01880,C003,209.287
S01880,C004,151.598
S01880,C005,36.237
S01880,C006,810.547
S01880,C007,693.631
S01880,C008,766.247
S01880,C009,700.135
S01880,C010,685.428
S01880,C011,531.631
S01880,C012,416.899
S01880,C013,348.955
S01880,C014,255.435
S01880,C015,128.389
S01880,C016,782.299
S01880,C017,641.896
S01880,C018,640.181
S01880,C019,575.596
S01880,C020,417.943
S01881,C001,749.268
S01881,C002,645.075
S01881,C003,705.235
S01881,C004,651.428
S01881,C005,690.9
S01881,C006,273.824
S01881,C007,124.774
S01881,C008,115.004
S01881,C009,93.92
S01881,C010,209.396
S01881,C011,313.49
S01881,C012,381.484
S01881,C013,457.554
S01881,C014,496.236
S01881,C015,670.292
S01881,C016,524.893
S01881,C017,542.588
S01881,C018,659.152
S01881,C019,688.025
S01881,C020,383.677
S01882,C001,768.15
S01882,C002,652.448
S01882,C003,690.682
S01882,C004,628.218
S01882,C005,651.213
S01882,C006,372.126
S01882,C007,211.553
S01882,C008,216.789
S01882,C009,32.972
S01882,C010,113.006
S01882,C011,217.88
S01882,C012,300.307
S01882,C013,380.358
S01882,C014,433.667
S01882,C015,610.629
S01882,C016,604.093
S01882,C017,600.784
S01882,C018,710.132
S01882,C019,728.005
S01882,C020,396.079
S01883,C001,864.215
S01883,C002,735.223
S01883,C003,733.794
S01883,C004,658.978
S01883,C005,647.38
S01883,C006,565.883
S01883,C007,402.472
S01883,C008,410.178
S01883,C009,204.682
S01883,C010,92.224
S01883,C011,121.552
S01883,C012,236.488
S01883,C013,311.501
S01883,C014,397.968
S01883,C015,564.179
S01883,C016,782.273
S01883,C017,756.276
S01883,C018,853.844
S01883,C019,856.474
S01883,C020,505.825
S01884,C001,252.378
S01884,C002,180.202
S01884,C003,43.58
S01884,C004,115.008
S01884,C005,188.443
S01884,C006,772.251
S01884,C007,695.072
S01884,C008,772.884
S01884,C009,764.711
S01884,C010,781.831
S01884,C011,654.881
S01884,C012,550.627
S01884,C013,503.142
S01884,C014,405.128
S01884,C015,338.7
S01884,C016,666.693
S01884,C017,510.909
S01884,C018,474.826
S01884,C019,397.536
S01884,C020,381.882
S01885,C001,318.093
S01885,C002,200.498
S01885,C003,87.732
S01885,C004,6.695
S01885,C005,109.395
S01885,C006,706.684
S01885,C007,610.306
S01885,C008,686.806
S01885,C009,658.652
S01885,C010,668.336
S01885,C011,536.733
S01885,C012,431.39
S01885,C013,384.184
S01885,C014,286.538
S01885,C015,244.642
S01885,C016,646.772
S01885,C017,501.342
S01885,C018,494.859
S01885,C019,430.546
S01885,C020,307.934
S01886,C001,805.117
S01886,C002,674.534
S01886,C003,668.446
S01886,C004,592.996
S01886,C005,580.485
S01886,C006,556.782
S01886,C007,389.376
S01886,C008,409.765
S01886,C009,215.84
S01886,C010,125.156
S01886,C011,54.785
S01886,C012,170.162
S01886,C013,246.856
S01886,C014,331.441
S01886,C015,499.201
S01886,C016,752.24
S01886,C017,714.514
S01886,C018,806.903
S01886,C019,804.795
S01886,C020,453.078
S01887,C001,347.294
S01887,C002,250.414
S01887,C003,349.316
S01887,C004,327.758
S01887,C005,417.775
S01887,C006,381.449
S01887,C007,318.859
S01887,C008,396.266
S01887,C009,450.11
S01887,C010,513.389
S01887,C011,463.069
S01887,C012,416.079
S01887,C013,432.387
S01887,C014,382.758
S01887,C015,485.269
S01887,C016,345.566
S01887,C017,240.24
S01887,C018,312.258
S01887,C019,309.182
S01887,C020,50.985
S01888,C001,882.053
S01888,C002,749.046
S01888,C003,728.881
S01888,C004,650.315
S01888,C005,622.977
S01888,C006,646.144
S01888,C007,479.884
S01888,C008,494.556
S01888,C009,292.158
S01888,C010,182.552
S01888,C011,122.889
S01888,C012,214.729
S01888,C013,274.872
S01888,C014,370.418
S01888,C015,522.692
S01888,C016,846.258
S01888,C017,806.539
S01888,C018,896.37
S01888,C019,890.83
S01888,C020,539.448
S01889,C001,846.728
S01889,C002,723.644
S01889,C003,741.543
S01889,C004,671.803
S01889,C005,675.971
S01889,C006,482.691
S01889,C007,324.408
S01889,C008,323.171
S01889,C009,115.824
S01889,C010,0.964
S01889,C011,171.54
S01889,C012,281.324
S01889,C013,362.295
S01889,C014,436.516
S01889,C015,610.566
S01889,C016,715.84
S01889,C017,705.199
S01889,C018,810.209
S01889,C019,821.584
S01889,C020,477.946
S01890,C001,815.612
S01890,C002,713.46
S01890,C003,774.761
S01890,C004,720.594
S01890,C005,758.13
S01890,C006,290.248
S01890,C007,171.337
S01890,C008,127.306
S01890,C009,109.364
S01890,C010,217.818
S01890,C011,351.68
S01890,C012,432.433
S01890,C013,511.184
S01890,C014,556.815
S01890,C015,732.372
S01890,C016,563.939
S01890,C017,596.204
S01890,C018,715.521
S01890,C019,748.728
S01890,C020,452.166
S01891,C001,673.143
S01891,C002,537.033
S01891,C003,485.925
S01891,C004,404.461
S01891,C005,362.885
S01891,C006,661.735
S01891,C007,501.631
S01891,C008,552.332
S01891,C009,409.2
S01891,C010,355.165
S01891,C011,185.89
S01891,C012,78.475
S01891,C013,15.6
S01891,C014,113.347
S01891,C015,262.66
S01891,C016,771.165
S01891,C017,685.509
S01891,C018,746.93
S01891,C019,719.464
S01891,C020,394.368
S01892,C001,319.83
S01892,C002,198.45
S01892,C003,97.03
S01892,C004,16.642
S01892,C005,114.456
S01892,C006,693.236
S01892,C007,595.93
S01892,C008,672.365
S01892,C009,644.13
S01892,C010,654.392
S01892,C011,523.856
S01892,C012,419.291
S01892,C013,373.637
S01892,C014,276.461
S01892,C015,243.398
S01892,C016,637.082
S01892,C017,493.026
S01892,C018,489.825
S01892,C019,427.341
S01892,C020,294.452
S01893,C001,88.877
S01893,C002,210.125
S01893,C003,334.349
S01893,C004,396.261
S01893,C005,508.159
S01893,C006,669.918
S01893,C007,670.988
S01893,C008,742.915
S01893,C009,824.34
S01893,C010,885.861
S01893,C011,814.265
S01893,C012,740.462
S01893,C013,725.89
S01893,C014,642.404
S01893,C015,646.927
S01893,C016,447.453
S01893,C017,298.269
S01893,C018,194.557
S01893,C019,111.059
S01893,C020,408.587
S01894,C001,657.935
S01894,C002,538.767
S01894,C003,415.234
S01894,C004,347.128
S01894,C005,238.147
S01894,C006,894.831
S01894,C007,751.592
S01894,C008,814.056
S01894,C009,696.238
S01894,C010,647.617
S01894,C011,477.801
S01894,C012,368.962
S01894,C013,287.226
S01894,C014,239.863
S01894,C015,100.499
S01894,C016,927.012
S01894,C017,802.561
S01894,C018,821.241
S01894,C019,765.22
S01894,C020,537.932
S01895,C001,727.433
S01895,C002,669.264
S01895,C003,781.812
S01895,C004,755.971
S01895,C005,832.348
S01895,C006,51.348
S01895,C007,205.294
S01895,C008,182.833
S01895,C009,390.186
S01895,C010,506.284
S01895,C011,595.604
S01895,C012,636.171
S01895,C013,699.463
S01895,C014,706.317
S01895,C015,860.528
S01895,C016,322.256
S01895,C017,422.224
S01895,C018,545.547
S01895,C019,607.616
S01895,C020,450.127
S01896,C001,572.677
S01896,C002,446.429
S01896,C003,339.719
S01896,C004,263.001
S01896,C005,172.536
S01896,C006,786.829
S01896,C007,647.42
S01896,C008,712.452
S01896,C009,608.834
S01896,C010,573.219
S01896,C011,408.28
S01896,C012,293.602
S01896,C013,215.581
S01896,C014,142.808
S01896,C015,37.175
S01896,C016,816.72
S01896,C017,694.736
S01896,C018,719.111
S01896,C019,667.546
S01896,C020,427.012
S01897,C001,776.678
S01897,C002,663.97
S01897,C003,708.037
S01897,C004,647.557
S01897,C005,674.35
S01897,C006,350.306
S01897,C007,194.709
S01897,C008,191.593
S01897,C009,20.338
S01897,C010,132.614
S01897,C011,248.314
S01897,C012,330.107
S01897,C013,409.794
S01897,C014,460.914
S01897,C015,637.65
S01897,C016,592.055
S01897,C017,596.591
S01897,C018,708.621
S01897,C019,730.097
S01897,C020,405.146
S01898,C001,180.419
S01898,C002,109.759
S01898,C003,67.287
S01898,C004,143.235
S01898,C005,244.415
S01898,C006,720.515
S01898,C007,656.321
S01898,C008,734.368
S01898,C009,745.368
S01898,C010,773.536
S01898,C011,659.325
S01898,C012,562.052
S01898,C013,524.189
S01898,C014,428.931
S01898,C015,390.672
S01898,C016,597.465
S01898,C017,440.097
S01898,C018,399.569
S01898,C019,321.932
S01898,C020,342.165
S01899,C001,739.884
S01899,C002,623.643
S01899,C003,661.764
S01899,C004,599.629
S01899,C005,624.023
S01899,C006,365.936
S01899,C007,201.117
S01899,C008,216.8
S01899,C009,60.597
S01899,C010,129.032
S01899,C011,208.136
S01899,C012,281.92
S01899,C013,360.688
S01899,C014,409.917
S01899,C015,586.581
S01899,C016,586.976
S01899,C017,578.027
S01899,C018,685.75
S01899,C019,701.893
S01899,C020,367.836
S01900,C001,851.418
S01900,C002,724.869
S01900,C003,732.317
S01900,C004,659.719
S01900,C005,655.628
S01900,C006,525.622
S01900,C007,363.778
S01900,C008,368.563
S01900,C009,162.294
S01900,C010,49.578
S01900,C011,136.17
S01900,C012,250.741
S01900,C013,329.6
S01900,C014,410.278
S01900,C015,581.018
S01900,C016,748.5
S01900,C017,728.75
S01900,C018,829.585
S01900,C019,835.985
S01900,C020,487.582
S01901,C001,822.041
S01901,C002,725.982
S01901,C003,796.123
S01901,C004,745.74
S01901,C005,789.386
S01901,C006,255.019
S01901,C007,164.339
S01901,C008,100.865
S01901,C009,159.928
S01901,C010,268.633
S01901,C011,400.98
S01901,C012,478.022
S01901,C013,555.609
S01901,C014,596.676
S01901,C015,770.87
S01901,C016,539.653
S01901,C017,584.872
S01901,C018,706.645
S01901,C019,745.368
S01901,C020,466.292
S01902,C001,75.651
S01902,C002,185.133
S01902,C003,251.866
S01902,C004,327.797
S01902,C005,428.417
S01902,C006,756.522
S01902,C007,732.368
S01902,C008,808.089
S01902,C009,860.561
S01902,C010,907.134
S01902,C011,812.983
S01902,C012,725.372
S01902,C013,696.845
S01902,C014,605.031
S01902,C015,575.891
S01902,C016,562.353
S01902,C017,406.097
S01902,C018,317.677
S01902,C019,230.718
S01902,C020,438.109
S01903,C001,731.657
S01903,C002,649.903
S01903,C003,740.364
S01903,C004,701.166
S01903,C005,762.195
S01903,C006,124.895
S01903,C007,94.266
S01903,C008,42.349
S01903,C009,249.657
S01903,C010,365.778
S01903,C011,462.826
S01903,C012,514.743
S01903,C013,583.992
S01903,C014,604.239
S01903,C015,769.071
S01903,C016,409.982
S01903,C017,467.569
S01903,C018,591.518
S01903,C019,638.169
S01903,C020,401.634
S01904,C001,119.914
S01904,C002,39.706
S01904,C003,192.536
S01904,C004,232.027
S01904,C005,347.638
S01904,C006,596.715
S01904,C007,555.993
S01904,C008,632.826
S01904,C009,678.826
S01904,C010,727.18
S01904,C011,641.029
S01904,C012,561.491
S01904,C013,544.058
S01904,C014,460.289
S01904,C015,475.819
S01904,C016,452.207
S01904,C017,294.258
S01904,C018,260.546
S01904,C019,192.18
S01904,C020,256.408
S01905,C001,280.74
S01905,C002,155.565
S01905,C003,84.262
S01905,C004,45.306
S01905,C005,158.261
S01905,C006,665.173
S01905,C007,576.036
S01905,C008,653.318
S01905,C009,638.425
S01905,C010,656.502
S01905,C011,534.436
S01905,C012,434.619
S01905,C013,395.831
S01905,C014,301.078
S01905,C015,285.027
S01905,C016,597.001
S01905,C017,451.016
S01905,C018,445.854
S01905,C019,383.583
S01905,C020,267.638
S01906,C001,279.975
S01906,C002,318.94
S01906,C003,471.833
S01906,C004,504.345
S01906,C005,618.893
S01906,C006,481.914
S01906,C007,525.333
S01906,C008,586.804
S01906,C009,713.235
S01906,C010,797.238
S01906,C011,768.302
S01906,C012,723.261
S01906,C013,733.729
S01906,C014,671.238
S01906,C015,731.797
S01906,C016,226.271
S01906,C017,101.367
S01906,C018,29.776
S01906,C019,115.336
S01906,C020,357.323
S01907,C001,670.115
S01907,C002,535.574
S01907,C003,512.226
S01907,C004,434.452
S01907,C005,417.196
S01907,C006,572.922
S01907,C007,409.618
S01907,C008,456.917
S01907,C009,312.532
S01907,C010,267.619
S01907,C011,108.694
S01907,C012,21.916
S01907,C013,98.762
S01907,C014,169.329
S01907,C015,341.991
S01907,C016,705.621
S01907,C017,635.637
S01907,C018,710.238
S01907,C019,693.637
S01907,C020,349.903
S01908,C001,580.306
S01908,C002,449.733
S01908,C003,357.201
S01908,C004,276.944
S01908,C005,202.328
S01908,C006,748.969
S01908,C007,605.71
S01908,C008,669.044
S01908,C009,560.552
S01908,C010,523.777
S01908,C011,358.955
S01908,C012,244.17
S01908,C013,166.626
S01908,C014,95.786
S01908,C015,86.245
S01908,C016,793.284
S01908,C017,677.766
S01908,C018,710.422
S01908,C019,663.98
S01908,C020,401.404
S01909,C001,621.086
S01909,C002,495.283
S01909,C003,386.311
S01909,C004,310.792
S01909,C005,215.28
S01909,C006,819.7
S01909,C007,675.549
S01909,C008,737.919
S01909,C009,622.513
S01909,C010,578.107
S01909,C011,409.631
S01909,C012,298.031
S01909,C013,216.78
S01909,C014,163.722
S01909,C015,65.827
S01909,C016,860.294
S01909,C017,740.896
S01909,C018,767.318
S01909,C019,716.327
S01909,C020,469.196
S01910,C001,628.727
S01910,C002,499.895
S01910,C003,399.642
S01910,C004,321.408
S01910,C005,234.516
S01910,C006,795.489
S01910,C007,648.473
S01910,C008,709.293
S01910,C009,589.368
S01910,C010,543.079
S01910,C011,374.268
S01910,C012,263.304
S01910,C013,181.8
S01910,C014,136.551
S01910,C015,91.819
S01910,C016,846.773
S01910,C017,732.013
S01910,C018,764.123
S01910,C019,716.596
S01910,C020,454.706
S01911,C001,740.936
S01911,C002,627.3
S01911,C003,670.807
S01911,C004,610.592
S01911,C005,638.766
S01911,C006,343.986
S01911,C007,180.95
S01911,C008,192.893
S01911,C009,53.545
S01911,C010,144.697
S01911,C011,232.571
S01911,C012,304.732
S01911,C013,382.835
S01911,C014,429.298
S01911,C015,605.517
S01911,C016,571.606
S01911,C017,568.451
S01911,C018,678.408
S01911,C019,697.481
S01911,C020,369.097
S01912,C001,97.781
S01912,C002,65.515
S01912,C003,149.757
S01912,C004,213.853
S01912,C005,323.774
S01912,C006,678.763
S01912,C007,633.507
S01912,C008,710.856
S01912,C009,745.864
S01912,C010,786.543
S01912,C011,687.714
S01912,C012,599.175
S01912,C013,571.305
S01912,C014,480.571
S01912,C015,465.184
S01912,C016,528.279
S01912,C017,369.006
S01912,C018,317.013
S01912,C019,236.987
S01912,C020,326.898
S01913,C001,720.09
S01913,C002,620.143
S01913,C003,687.898
S01913,C004,637.795
S01913,C005,683.845
S01913,C006,234.814
S01913,C007,82.89
S01913,C008,83.271
S01913,C009,134.305
S01913,C010,248.283
S01913,C011,339.337
S01913,C012,397.459
S01913,C013,470.423
S01913,C014,501.232
S01913,C015,672.479
S01913,C016,482.963
S01913,C017,503.632
S01913,C018,621.471
S01913,C019,652.961
S01913,C020,359.497
S01914,C001,87.981
S01914,C002,89.179
S01914,C003,159.198
S01914,C004,228.587
S01914,C005,335.571
S01914,C006,698.789
S01914,C007,656.093
S01914,C008,733.314
S01914,C009,769.701
S01914,C010,810.385
S01914,C011,710.845
S01914,C012,621.482
S01914,C013,592.326
S01914,C014,500.746
S01914,C015,479.401
S01914,C016,541.183
S01914,C017,381.637
S01914,C018,322.532
S01914,C019,239.865
S01914,C020,350.413
S01915,C001,525.711
S01915,C002,408.565
S01915,C003,282.909
S01915,C004,215.551
S01915,C005,106.036
S01915,C006,819.905
S01915,C007,690.904
S01915,C008,759.978
S01915,C009,673.242
S01915,C010,646.366
S01915,C011,485.133
S01915,C012,369.655
S01915,C013,294.942
S01915,C014,210.825
S01915,C015,51.213
S01915,C016,819.503
S01915,C017,686.744
S01915,C018,696.425
S01915,C019,636.94
S01915,C020,439.861
S01916,C001,621.157
S01916,C002,500.535
S01916,C003,379.987
S01916,C004,309.898
S01916,C005,203.55
S01916,C006,859.777
S01916,C007,718.859
S01916,C008,782.731
S01916,C009,671.456
S01916,C010,628.161
S01916,C011,459.729
S01916,C012,348.01
S01916,C013,266.847
S01916,C014,209.364
S01916,C015,60.945
S01916,C016,887.751
S01916,C017,762.839
S01916,C018,781.76
S01916,C019,726.288
S01916,C020,499.245
S01917,C001,719.124
S01917,C002,644.39
S01917,C003,742.518
S01917,C004,707.771
S01917,C005,774.448
S01917,C006,81.86
S01917,C007,116.78
S01917,C008,85.708
S01917,C009,292.846
S01917,C010,408.88
S01917,C011,500.504
S01917,C012,546.886
S01917,C013,613.599
S01917,C014,628.258
S01917,C015,789.278
S01917,C016,373.421
S01917,C017,441.683
S01917,C018,566.321
S01917,C019,617.478
S01917,C020,404.109
S01918,C001,402.125
S01918,C002,281.685
S01918,C003,336.298
S01918,C004,291.955
S01918,C005,360.099
S01918,C006,421.285
S01918,C007,317.848
S01918,C008,394.908
S01918,C009,399.462
S01918,C010,443.979
S01918,C011,371.811
S01918,C012,316.034
S01918,C013,330.428
S01918,C014,284.376
S01918,C015,402.882
S01918,C016,439.603
S01918,C017,342.187
S01918,C018,409.762
S01918,C019,396.485
S01918,C020,50.999
S01919,C001,689.095
S01919,C002,595.896
S01919,C003,674.144
S01919,C004,629.4
S01919,C005,683.925
S01919,C006,184.449
S01919,C007,32.326
S01919,C008,58.175
S01919,C009,187.707
S01919,C010,300.585
S01919,C011,380.155
S01919,C012,427.57
S01919,C013,496.371
S01919,C014,517.732
S01919,C015,684.347
S01919,C016,430.189
S01919,C017,457.247
S01919,C018,577.114
S01919,C019,612.936
S01919,C020,338.818
S01920,C001,744.502
S01920,C002,632.392
S01920,C003,678.77
S01920,C004,619.571
S01920,C005,649.595
S01920,C006,332.661
S01920,C007,171.442
S01920,C008,179.743
S01920,C009,51.735
S01920,C010,153.071
S01920,C011,246.766
S01920,C012,318.923
S01920,C013,396.824
S01920,C014,442.263
S01920,C015,618.252
S01920,C016,565.076
S01920,C017,565.747
S01920,C018,677.029
S01920,C019,697.876
S01920,C020,373.142
S01921,C001,554.131
S01921,C002,421.352
S01921,C003,340.211
S01921,C004,258.454
S01921,C005,200.452
S01921,C006,707.58
S01921,C007,565.751
S01921,C008,630.151
S01921,C009,528.196
S01921,C010,497.785
S01921,C011,337.125
S01921,C012,221.616
S01921,C013,150.55
S01921,C014,62.526
S01921,C015,115.156
S01921,C016,752.148
S01921,C017,638.511
S01921,C018,674.474
S01921,C019,630.688
S01921,C020,360.087
S01922,C001,805.202
S01922,C002,693.345
S01922,C003,738.134
S01922,C004,677.584
S01922,C005,703.612
S01922,C006,356.683
S01922,C007,208.733
S01922,C008,194.265
S01922,C009,22.478
S01922,C010,131.574
S01922,C011,265.454
S01922,C012,353.144
S01922,C013,433.638
S01922,C014,487.752
S01922,C015,664.698
S01922,C016,608.479
S01922,C017,619.041
S01922,C018,732.611
S01922,C019,756.017
S01922,C020,434.03
S01923,C001,621.01
S01923,C002,489.917
S01923,C003,398.213
S01923,C004,318.063
S01923,C005,240.723
S01923,C006,764.935
S01923,C007,616.875
S01923,C008,677.244
S01923,C009,557.172
S01923,C010,512.228
S01923,C011,344.084
S01923,C012,232.077
S01923,C013,150.947
S01923,C014,105.768
S01923,C015,109.889
S01923,C016,822.101
S01923,C017,710.644
S01923,C018,746.985
S01923,C019,702.321
S01923,C020,429.983
S01924,C001,678.824
S01924,C002,610.785
S01924,C003,716.34
S01924,C004,686.643
S01924,C005,759.64
S01924,C006,36.527
S01924,C007,132.358
S01924,C008,129.755
S01924,C009,331.664
S01924,C010,446.625
S01924,C011,524.62
S01924,C012,560.939
S01924,C013,623.201
S01924,C014,629.534
S01924,C015,784.519
S01924,C016,320.138
S01924,C017,392.272
S01924,C018,517.027
S01924,C019,571.029
S01924,C020,380.804
S01925,C001,637.188
S01925,C002,504.579
S01925,C003,419.338
S01925,C004,338.312
S01925,C005,266.529
S01925,C006,752.626
S01925,C007,601.608
S01925,C008,660.022
S01925,C009,534.044
S01925,C010,485.857
S01925,C011,316.913
S01925,C012,206.415
S01925,C013,124.743
S01925,C014,97.193
S01925,C015,139.347
S01925,C016,820.36
S01925,C017,713.393
S01925,C018,754.451
S01925,C019,712.708
S01925,C020,428.989
S01926,C001,367.561
S01926,C002,240.092
S01926,C003,151.186
S01926,C004,69.415
S01926,C005,101.426
S01926,C006,681.207
S01926,C007,573.11
S01926,C008,648.065
S01926,C009,605.825
S01926,C010,609.681
S01926,C011,474.138
S01926,C012,367.558
S01926,C013,319.803
S01926,C014,222.351
S01926,C015,201.746
S01926,C016,649.087
S01926,C017,511.904
S01926,C018,520.62
S01926,C019,463.823
S01926,C020,285.241
S01927,C001,218.505
S01927,C002,115.082
S01927,C003,38.938
S01927,C004,94.34
S01927,C005,203.224
S01927,C006,696.459
S01927,C007,622.328
S01927,C008,700.297
S01927,C009,701.338
S01927,C010,725.65
S01927,C011,608.342
S01927,C012,510.042
S01927,C013,471.711
S01927,C014,376.557
S01927,C015,345.109
S01927,C016,594.919
S01927,C017,441.073
S01927,C018,415.249
S01927,C019,343.556
S01927,C020,308.226
S01928,C001,756.154
S01928,C002,660.651
S01928,C003,733.501
S01928,C004,685.18
S01928,C005,733.181
S01928,C006,217.234
S01928,C007,99.565
S01928,C008,53.241
S01928,C009,155.812
S01928,C010,271.853
S01928,C011,380.008
S01928,C012,444.168
S01928,C013,518.408
S01928,C014,551.054
S01928,C015,722.571
S01928,C016,487.232
S01928,C017,523.209
S01928,C018,643.94
S01928,C019,680.778
S01928,C020,401.58
S01929,C001,397.074
S01929,C002,277.475
S01929,C003,160.82
S01929,C004,85.677
S01929,C005,46.463
S01929,C006,735.027
S01929,C007,623.549
S01929,C008,697.656
S01929,C009,645.59
S01929,C010,641.697
S01929,C011,497.731
S01929,C012,386.617
S01929,C013,329.346
S01929,C014,230.957
S01929,C015,165.697
S01929,C016,703.005
S01929,C017,563.818
S01929,C018,566.889
S01929,C019,505.98
S01929,C020,340.05
S01930,C001,434.186
S01930,C002,331.186
S01930,C003,187.934
S01930,C004,142.276
S01930,C005,43.667
S01930,C006,823.498
S01930,C007,711.845
S01930,C008,785.583
S01930,C009,726.75
S01930,C010,715.605
S01930,C011,563.957
S01930,C012,449.697
S01930,C013,383.227
S01930,C014,288.576
S01930,C015,163.209
S01930,C016,782.196
S01930,C017,638.135
S01930,C018,629.547
S01930,C019,561.783
S01930,C020,427.501
S01931,C001,92.484
S01931,C002,72.459
S01931,C003,154.157
S01931,C004,219.772
S01931,C005,328.983
S01931,C006,683.76
S01931,C007,639.741
S01931,C008,717.021
S01931,C009,753.001
S01931,C010,793.962
S01931,C011,695.279
S01931,C012,606.697
S01931,C013,578.657
S01931,C014,487.775
S01931,C015,471.054
S01931,C016,530.455
S01931,C017,371.045
S01931,C018,316.573
S01931,C019,235.633
S01931,C020,333.719
S01932,C001,756.657
S01932,C002,661.177
S01932,C003,734.043
S01932,C004,685.722
S01932,C005,733.714
S01932,C006,217.293
S01932,C007,100.007
S01932,C008,53.274
S01932,C009,155.94
S01932,C010,271.969
S01932,C011,380.327
S01932,C012,444.58
S01932,C013,518.844
S01932,C014,551.54
S01932,C015,723.072
S01932,C016,487.49
S01932,C017,523.6
S01932,C018,644.351
S01932,C019,681.228
S01932,C020,402.114
S01933,C001,484.723
S01933,C002,473.247
S01933,C003,616.624
S01933,C004,621.623
S01933,C005,724.795
S01933,C006,273.609
S01933,C007,369.215
S01933,C008,410.795
S01933,C009,580.585
S01933,C010,683.67
S01933,C011,703.896
S01933,C012,693.912
S01933,C013,729.407
S01933,C014,694.729
S01933,C015,803.57
S01933,C016,32.521
S01933,C017,151.751
S01933,C018,259.664
S01933,C019,336.052
S01933,C020,364.155
S01934,C001,844.597
S01934,C002,710.914
S01934,C003,687.615
S01934,C004,608.708
S01934,C005,580.399
S01934,C006,638.533
S01934,C007,470.798
S01934,C008,492.089
S01934,C009,295.99
S01934,C010,194.9
S01934,C011,91.936
S01934,C012,173.127
S01934,C013,232.298
S01934,C014,327.857
S01934,C015,480.712
S01934,C016,826.238
S01934,C017,779.811
S01934,C018,866.294
S01934,C019,857.919
S01934,C020,507.483
S01935,C001,437.843
S01935,C002,424.677
S01935,C003,568.471
S01935,C004,574.825
S01935,C005,679.174
S01935,C006,294.514
S01935,C007,368.858
S01935,C008,418.288
S01935,C009,575.442
S01935,C010,674.127
S01935,C011,682.932
S01935,C012,665.94
S01935,C013,697.345
S01935,C014,658.152
S01935,C015,761.481
S01935,C016,68.264
S01935,C017,105.596
S01935,C018,220.639
S01935,C019,292.779
S01935,C020,325.561
S01936,C001,369.507
S01936,C002,259.022
S01936,C003,125.615
S01936,C004,67.144
S01936,C005,51.946
S01936,C006,757.451
S01936,C007,653.17
S01936,C008,728.46
S01936,C009,685.175
S01936,C010,684.932
S01936,C011,543.135
S01936,C012,432.623
S01936,C013,375.86
S01936,C014,277.469
S01936,C015,199.297
S01936,C016,707.348
S01936,C017,562.789
S01936,C018,555.632
S01936,C019,489.708
S01936,C020,359.311
S01937,C001,399.228
S01937,C002,388.783
S01937,C003,534.282
S01937,C004,543.655
S01937,C005,649.892
S01937,C006,324.553
S01937,C007,385.133
S01937,C008,439.463
S01937,C009,586.747
S01937,C010,681.599
S01937,C011,680.729
S01937,C012,657.255
S01937,C013,684.47
S01937,C014,640.54
S01937,C015,737.082
S01937,C016,99.492
S01937,C017,67.024
S01937,C018,185.162
S01937,C019,254.833
S01937,C020,307.312
S01938,C001,771.36
S01938,C002,636.911
S01938,C003,610.347
S01938,C004,531.291
S01938,C005,504.033
S01938,C006,617.125
S01938,C007,449.176
S01938,C008,482.187
S01938,C009,303.71
S01938,C010,224.142
S01938,C011,60.707
S01938,C012,95.841
S01938,C013,157.916
S01938,C014,251.455
S01938,C015,409.468
S01938,C016,781.238
S01938,C017,723.477
S01938,C018,804.138
S01938,C019,791.287
S01938,C020,443.652
S01939,C001,228.325
S01939,C002,261.862
S01939,C003,414.722
S01939,C004,448.318
S01939,C005,563.196
S01939,C006,496.814
S01939,C007,521.728
S01939,C008,587.822
S01939,C009,699.288
S01939,C010,777.203
S01939,C011,737.192
S01939,C012,685.583
S01939,C013,691.374
S01939,C014,624.936
S01939,C015,678.677
S01939,C016,265.712
S01939,C017,116.66
S01939,C018,42.531
S01939,C019,72.078
S01939,C020,321.524
S01940,C001,401.814
S01940,C002,282.045
S01940,C003,338.198
S01940,C004,294.459
S01940,C005,363.204
S01940,C006,418.142
S01940,C007,315.489
S01940,C008,392.64
S01940,C009,398.867
S01940,C010,444.28
S01940,C011,373.403
S01940,C012,318.474
S01940,C013,333.42
S01940,C014,287.77
S01940,C015,406.385
S01940,C016,436.175
S01940,C017,339.211
S01940,C018,407.429
S01940,C019,394.769
S01940,C020,48.109
S01941,C001,529.231
S01941,C002,427.019
S01941,C003,283.36
S01941,C004,236.075
S01941,C005,123.219
S01941,C006,892.274
S01941,C007,769.703
S01941,C008,840.508
S01941,C009,760.296
S01941,C010,734.729
S01941,C011,573.217
S01941,C012,457.794
S01941,C013,382.203
S01941,C014,299.174
S01941,C015,131.057
S01941,C016,869.948
S01941,C017,729.223
S01941,C018,724.668
S01941,C019,657.696
S01941,C020,502.992
S01942,C001,364.627
S01942,C002,263.526
S01942,C003,118.351
S01942,C004,83.427
S01942,C005,67.473
S01942,C006,784.875
S01942,C007,683.839
S01942,C008,759.53
S01942,C009,718.865
S01942,C010,718.923
S01942,C011,576.593
S01942,C012,465.609
S01942,C013,407.387
S01942,C014,309.253
S01942,C015,217.571
S01942,C016,724.879
S01942,C017,577.309
S01942,C018,563.073
S01942,C019,493.644
S01942,C020,386.16
S01943,C001,724.775
S01943,C002,660.318
S01943,C003,767.752
S01943,C004,738.575
S01943,C005,811.462
S01943,C006,45.803
S01943,C007,171.922
S01943,C008,146.42
S01943,C009,353.771
S01943,C010,469.867
S01943,C011,560.51
S01943,C012,603.389
S01943,C013,668.021
S01943,C014,677.811
S01943,C015,834.694
S01943,C016,340.655
S01943,C017,428.923
S01943,C018,553.301
S01943,C019,611.454
S01943,C020,432.695
S01944,C001,718.223
S01944,C002,655.036
S01944,C003,763.711
S01944,C004,735.421
S01944,C005,809.35
S01944,C006,37.874
S01944,C007,174.867
S01944,C008,153.055
S01944,C009,360.277
S01944,C010,476.311
S01944,C011,564.797
S01944,C012,606.069
S01944,C013,669.979
S01944,C014,678.415
S01944,C015,834.261
S01944,C016,331.405
S01944,C017,420.796
S01944,C018,545.076
S01944,C019,603.785
S01944,C020,429.455
S01945,C001,730.378
S01945,C002,612.625
S01945,C003,647.777
S01945,C004,584.743
S01945,C005,607.544
S01945,C006,376.143
S01945,C007,209.71
S01945,C008,230.328
S01945,C009,76.546
S01945,C010,128.814
S01945,C011,192.914
S01945,C012,264.273
S01945,C013,342.874
S01945,C014,392.177
S01945,C015,568.902
S01945,C016,589.967
S01945,C017,576.132
S01945,C018,682.042
S01945,C019,696.045
S01945,C020,358.617
S01946,C001,572.678
S01946,C002,538.624
S01946,C003,670.517
S01946,C004,661.951
S01946,C005,755.428
S01946,C006,160.078
S01946,C007,281.348
S01946,C008,309.2
S01946,C009,495.446
S01946,C010,605.0
S01946,C011,649.318
S01946,C012,657.607
S01946,C013,704.465
S01946,C014,685.273
S01946,C015,814.458
S01946,C016,138.073
S01946,C017,248.371
S01946,C018,367.438
S01946,C019,436.819
S01946,C020,373.15
S01947,C001,507.076
S01947,C002,492.565
S01947,C003,634.464
S01947,C004,637.273
S01947,C005,738.989
S01947,C006,254.423
S01947,C007,357.83
S01947,C008,395.952
S01947,C009,570.569
S01947,C010,675.463
S01947,C011,701.337
S01947,C012,695.265
S01947,C013,733.176
S01947,C014,701.5
S01947,C015,814.386
S01947,C016,43.875
S01947,C017,174.302
S01947,C018,283.379
S01947,C019,359.474
S01947,C020,373.108
S01948,C001,661.355
S01948,C002,527.021
S01948,C003,451.374
S01948,C004,369.578
S01948,C005,305.65
S01948,C006,733.721
S01948,C007,578.579
S01948,C008,633.788
S01948,C009,498.916
S01948,C010,445.75
S01948,C011,275.855
S01948,C012,168.691
S01948,C013,87.656
S01948,C014,98.274
S01948,C015,183.591
S01948,C016,817.349
S01948,C017,717.438
S01948,C018,765.421
S01948,C019,728.133
S01948,C020,428.934
S01949,C001,701.53
S01949,C002,602.969
S01949,C003,673.435
S01949,C004,624.844
S01949,C005,673.599
S01949,C006,221.303
S01949,C007,63.59
S01949,C008,79.617
S01949,C009,151.236
S01949,C010,263.507
S01949,C011,346.149
S01949,C012,398.78
S01949,C013,469.924
S01949,C014,496.789
S01949,C015,666.399
S01949,C016,463.624
S01949,C017,483.206
S01949,C018,601.103
S01949,C019,632.965
S01949,C020,342.896
S01950,C001,152.354
S01950,C002,88.247
S01950,C003,94.078
S01950,C004,165.156
S01950,C005,270.449
S01950,C006,705.596
S01950,C007,647.438
S01950,C008,725.384
S01950,C009,744.353
S01950,C010,776.775
S01950,C011,667.646
S01950,C012,573.225
S01950,C013,538.806
S01950,C014,444.947
S01950,C015,415.042
S01950,C016,573.776
S01950,C017,415.649
S01950,C018,371.757
S01950,C019,293.43
S01950,C020,334.603
S01951,C001,71.132
S01951,C002,137.022
S01951,C003,278.038
S01951,C004,330.015
S01951,C005,444.691
S01951,C006,613.55
S01951,C007,600.584
S01951,C008,674.413
S01951,C009,746.011
S01951,C010,804.691
S01951,C011,731.089
S01951,C012,657.589
S01951,C013,644.457
S01951,C014,562.689
S01951,C015,577.493
S01951,C016,419.863
S01951,C017,261.894
S01951,C018,188.176
S01951,C019,104.909
S01951,C020,327.364
S01952,C001,893.735
S01952,C002,760.289
S01952,C003,737.245
S01952,C004,658.179
S01952,C005,628.045
S01952,C006,663.365
S01952,C007,497.118
S01952,C008,511.599
S01952,C009,308.801
S01952,C010,198.304
S01952,C011,136.634
S01952,C012,222.725
S01952,C013,279.121
S01952,C014,375.778
S01952,C015,524.496
S01952,C016,862.929
S01952,C017,822.119
S01952,C018,911.124
S01952,C019,904.656
S01952,C020,553.542
S01953,C001,605.127
S01953,C002,508.536
S01953,C003,585.943
S01953,C004,542.475
S01953,C005,600.839
S01953,C006,213.811
S01953,C007,67.607
S01953,C008,143.915
S01953,C009,222.035
S01953,C010,319.567
S01953,C011,357.309
S01953,C012,381.602
S01953,C013,442.08
S01953,C014,450.364
S01953,C015,610.539
S01953,C016,396.543
S01953,C017,395.564
S01953,C018,510.124
S01953,C019,538.3
S01953,C020,250.486
S01954,C001,785.596
S01954,C002,662.761
S01954,C003,683.282
S01954,C004,614.879
S01954,C005,623.925
S01954,C006,448.328
S01954,C007,284.031
S01954,C008,295.675
S01954,C009,99.152
S01954,C010,60.514
S01954,C011,145.862
S01954,C012,242.948
S01954,C013,324.667
S01954,C014,390.715
S01954,C015,566.892
S01954,C016,666.422
S01954,C017,648.804
S01954,C018,751.832
S01954,C019,761.564
S01954,C020,416.954
S01955,C001,378.511
S01955,C002,251.396
S01955,C003,292.409
S01955,C004,245.419
S01955,C005,314.025
S01955,C006,467.32
S01955,C007,364.21
S01955,C008,440.993
S01955,C009,435.669
S01955,C010,471.69
S01955,C011,384.218
S01955,C012,315.353
S01955,C013,317.949
S01955,C014,259.795
S01955,C015,363.892
S01955,C016,469.925
S01955,C017,360.368
S01955,C018,414.979
S01955,C019,391.792
S01955,C020,79.105
S01956,C001,550.079
S01956,C002,526.213
S01956,C003,663.505
S01956,C004,660.514
S01956,C005,758.167
S01956,C006,205.371
S01956,C007,322.549
S01956,C008,353.676
S01956,C009,536.656
S01956,C010,644.742
S01956,C011,682.14
S01956,C012,684.535
S01956,C013,727.665
S01956,C014,702.947
S01956,C015,824.992
S01956,C016,93.748
S01956,C017,219.706
S01956,C018,333.701
S01956,C019,407.291
S01956,C020,382.049
S01957,C001,555.32
S01957,C002,422.508
S01957,C003,341.492
S01957,C004,259.731
S01957,C005,201.683
S01957,C006,707.653
S01957,C007,565.641
S01957,C008,629.946
S01957,C009,527.608
S01957,C010,496.961
S01957,C011,336.171
S01957,C012,220.658
S01957,C013,149.425
S01957,C014,61.807
S01957,C015,115.695
S01957,C016,752.725
S01957,C017,639.266
S01957,C018,675.406
S01957,C019,631.717
S01957,C020,360.646
S01958,C001,435.378
S01958,C002,324.362
S01958,C003,392.916
S01958,C004,351.776
S01958,C005,420.326
S01958,C006,361.433
S01958,C007,259.097
S01958,C008,336.669
S01958,C009,359.159
S01958,C010,416.608
S01958,C011,367.793
S01958,C012,330.456
S01958,C013,358.277
S01958,C014,326.009
S01958,C015,457.05
S01958,C016,402.126
S01958,C017,323.733
S01958,C018,407.332
S01958,C019,407.012
S01958,C020,63.576
S01959,C001,157.207
S01959,C002,277.498
S01959,C003,403.26
S01959,C004,465.225
S01959,C005,577.256
S01959,C006,682.985
S01959,C007,700.27
S01959,C008,769.258
S01959,C009,864.845
S01959,C010,932.282
S01959,C011,869.076
S01959,C012,799.657
S01959,C013,788.519
S01959,C014,707.056
S01959,C015,715.689
S01959,C016,437.336
S01959,C017,301.51
S01959,C018,182.255
S01959,C019,119.32
S01959,C020,457.289
S01960,C001,556.365
S01960,C002,430.172
S01960,C003,323.746
S01960,C004,246.778
S01960,C005,157.946
S01960,C006,777.949
S01960,C007,640.46
S01960,C008,706.431
S01960,C009,607.177
S01960,C010,574.628
S01960,C011,411.231
S01960,C012,296.032
S01960,C013,219.704
S01960,C014,141.101
S01960,C015,36.159
S01960,C016,803.448
S01960,C017,680.292
S01960,C018,703.566
S01960,C019,651.576
S01960,C020,414.548
S01961,C001,396.225
S01961,C002,275.623
S01961,C003,330.774
S01961,C004,287.125
S01961,C005,356.519
S01961,C006,424.793
S01961,C007,322.89
S01961,C008,400.061
S01961,C009,405.527
S01961,C010,449.899
S01961,C011,376.815
S01961,C012,319.832
S01961,C013,332.944
S01961,C014,285.25
S01961,C015,401.382
S01961,C016,439.071
S01961,C017,339.747
S01961,C018,405.866
S01961,C019,391.686
S01961,C020,48.678
S01962,C001,60.62
S01962,C002,103.716
S01962,C003,242.981
S01962,C004,295.582
S01962,C005,410.001
S01962,C006,621.764
S01962,C007,599.203
S01962,C008,674.317
S01962,C009,736.273
S01962,C010,790.602
S01962,C011,710.863
S01962,C012,633.856
S01962,C013,617.665
S01962,C014,533.952
S01962,C015,543.888
S01962,C016,442.189
S01962,C017,282.922
S01962,C018,219.261
S01962,C019,138.466
S01962,C020,314.651
S01963,C001,767.625
S01963,C002,665.223
S01963,C003,727.606
S01963,C004,674.486
S01963,C005,714.708
S01963,C006,268.317
S01963,C007,130.549
S01963,C008,105.457
S01963,C009,102.751
S01963,C010,218.751
S01963,C011,332.356
S01963,C012,403.518
S01963,C013,480.179
S01963,C014,519.936
S01963,C015,694.155
S01963,C016,529.035
S01963,C017,553.427
S01963,C018,671.466
S01963,C019,702.719
S01963,C020,403.946
S01964,C001,91.765
S01964,C002,206.969
S01964,C003,335.205
S01964,C004,395.258
S01964,C005,507.916
S01964,C006,657.659
S01964,C007,659.467
S01964,C008,731.213
S01964,C009,813.938
S01964,C010,876.294
S01964,C011,806.284
S01964,C012,733.62
S01964,C013,720.219
S01964,C014,637.604
S01964,C015,645.406
S01964,C016,435.523
S01964,C017,285.996
S01964,C018,183.193
S01964,C019,99.051
S01964,C020,399.187
S01965,C001,743.717
S01965,C002,616.252
S01965,C003,624.243
S01965,C004,552.756
S01965,C005,554.706
S01965,C006,483.374
S01965,C007,315.231
S01965,C008,342.557
S01965,C009,166.57
S01965,C010,120.354
S01965,C011,80.367
S01965,C012,167.844
S01965,C013,249.538
S01965,C014,317.04
S01965,C015,492.595
S01965,C016,673.554
S01965,C017,637.931
S01965,C018,732.885
S01965,C019,734.273
S01965,C020,383.542
S01966,C001,608.569
S01966,C002,579.367
S01966,C003,712.963
S01966,C004,705.445
S01966,C005,799.314
S01966,C006,165.68
S01966,C007,306.585
S01966,C008,324.963
S01966,C009,519.219
S01966,C010,631.033
S01966,C011,683.457
S01966,C012,695.968
S01966,C013,744.682
S01966,C014,727.512
S01966,C015,858.07
S01966,C016,149.029
S01966,C017,279.698
S01966,C018,394.262
S01966,C019,467.627
S01966,C020,417.028
S01967,C001,164.7
S01967,C002,62.224
S01967,C003,92.494
S01967,C004,146.923
S01967,C005,259.161
S01967,C006,670.045
S01967,C007,608.564
S01967,C008,686.56
S01967,C009,704.433
S01967,C010,737.606
S01967,C011,630.665
S01967,C012,538.194
S01967,C013,506.778
S01967,C014,414.631
S01967,C015,398.1
S01967,C016,549.316
S01967,C017,392.999
S01967,C018,360.23
S01967,C019,287.014
S01967,C020,295.208
S01968,C001,628.233
S01968,C002,563.399
S01968,C003,673.257
S01968,C004,647.127
S01968,C005,724.638
S01968,C006,57.592
S01968,C007,141.232
S01968,C008,164.256
S01968,C009,353.174
S01968,C010,465.299
S01968,C011,527.141
S01968,C012,552.789
S01968,C013,610.222
S01968,C014,608.723
S01968,C015,757.645
S01968,C016,276.026
S01968,C017,340.652
S01968,C018,465.393
S01968,C019,519.068
S01968,C020,341.371
S01969,C001,58.562
S01969,C002,149.567
S01969,C003,220.752
S01969,C004,294.668
S01969,C005,397.852
S01969,C006,731.999
S01969,C007,702.495
S01969,C008,778.705
S01969,C009,826.948
S01969,C010,872.158
S01969,C011,777.002
S01969,C012,689.279
S01969,C013,661.05
S01969,C014,569.563
S01969,C015,544.102
S01969,C016,548.742
S01969,C017,390.602
S01969,C018,311.131
S01969,C019,224.231
S01969,C020,404.896
S01970,C001,129.972
S01970,C002,17.631
S01970,C003,170.573
S01970,C004,209.953
S01970,C005,325.518
S01970,C006,607.315
S01970,C007,560.705
S01970,C008,637.991
S01970,C009,677.09
S01970,C010,722.088
S01970,C011,631.398
S01970,C012,549.156
S01970,C013,529.138
S01970,C014,443.737
S01970,C015,454.799
S01970,C016,471.007
S01970,C017,313.829
S01970,C018,282.853
S01970,C019,214.328
S01970,C020,256.018
S01971,C001,467.557
S01971,C002,446.91
S01971,C003,587.391
S01971,C004,589.24
S01971,C005,690.794
S01971,C006,258.967
S01971,C007,339.967
S01971,C008,386.288
S01971,C009,549.194
S01971,C010,650.385
S01971,C011,666.786
S01971,C012,655.534
S01971,C013,690.793
S01971,C014,656.438
S01971,C015,766.924
S01971,C016,70.078
S01971,C017,138.002
S01971,C018,256.0
S01971,C019,326.3
S01971,C020,326.486
S01972,C001,520.083
S01972,C002,431.792
S01972,C003,280.649
S01972,C004,252.134
S01972,C005,154.736
S01972,C006,935.935
S01972,C007,820.214
S01972,C008,892.69
S01972,C009,821.214
S01972,C010,799.45
S01972,C011,639.498
S01972,C012,523.987
S01972,C013,449.387
S01972,C014,364.131
S01972,C015,199.133
S01972,C016,894.21
S01972,C017,747.915
S01972,C018,732.02
S01972,C019,659.908
S01972,C020,541.039
S01973,C001,675.391
S01973,C002,540.055
S01973,C003,508.787
S01973,C004,429.627
S01973,C005,405.284
S01973,C006,599.696
S01973,C007,436.85
S01973,C008,484.493
S01973,C009,338.345
S01973,C010,288.452
S01973,C011,123.386
S01973,C012,8.089
S01973,C013,73.762
S01973,C014,153.97
S01973,C015,322.31
S01973,C016,727.428
S01973,C017,653.445
S01973,C018,724.722
S01973,C019,705.198
S01973,C020,365.44
S01974,C001,239.244
S01974,C002,240.024
S01974,C003,391.58
S01974,C004,415.61
S01974,C005,528.589
S01974,C006,455.515
S01974,C007,468.559
S01974,C008,536.739
S01974,C009,641.887
S01974,C010,718.547
S01974,C011,678.551
S01974,C012,628.654
S01974,C013,636.801
S01974,C014,573.384
S01974,C015,636.55
S01974,C016,254.876
S01974,C017,95.343
S01974,C018,97.072
S01974,C019,113.281
S01974,C020,263.613
S01975,C001,859.611
S01975,C002,737.203
S01975,C003,756.569
S01975,C004,687.143
S01975,C005,691.885
S01975,C006,482.843
S01975,C007,326.988
S01975,C008,321.894
S01975,C009,115.106
S01975,C010,16.99
S01975,C011,186.881
S01975,C012,297.206
S01975,C013,378.086
S01975,C014,452.558
S01975,C015,626.558
S01975,C016,720.888
S01975,C017,713.499
S01975,C018,819.676
S01975,C019,832.358
S01975,C020,490.104
S01976,C001,140.165
S01976,C002,58.745
S01976,C003,110.239
S01976,C004,171.287
S01976,C005,281.919
S01976,C006,676.994
S01976,C007,621.394
S01976,C008,699.24
S01976,C009,723.148
S01976,C010,758.833
S01976,C011,654.376
S01976,C012,562.988
S01976,C013,532.42
S01976,C014,440.514
S01976,C015,422.621
S01976,C016,544.737
S01976,C017,386.894
S01976,C018,346.431
S01976,C019,270.223
S01976,C020,309.779
S01977,C001,750.885
S01977,C002,658.598
S01977,C003,735.91
S01977,C004,689.763
S01977,C005,741.059
S01977,C006,194.733
S01977,C007,91.195
S01977,C008,30.746
S01977,C009,179.029
S01977,C010,295.104
S01977,C011,400.775
S01977,C012,461.956
S01977,C013,535.059
S01977,C014,564.656
S01977,C015,734.754
S01977,C016,468.716
S01977,C017,509.949
S01977,C018,631.678
S01977,C019,670.965
S01977,C020,401.368
S01978,C001,116.651
S01978,C002,224.947
S01978,C003,275.975
S01978,C004,354.913
S01978,C005,450.047
S01978,C006,797.422
S01978,C007,774.663
S01978,C008,850.328
S01978,C009,902.295
S01978,C010,947.74
S01978,C011,851.142
S01978,C012,761.634
S01978,C013,730.63
S01978,C014,637.472
S01978,C015,599.243
S01978,C016,597.404
S01978,C017,442.773
S01978,C018,348.66
S01978,C019,262.655
S01978,C020,479.996
S01979,C001,117.786
S01979,C002,41.206
S01979,C003,137.954
S01979,C004,194.852
S01979,C005,307.328
S01979,C006,659.792
S01979,C007,610.283
S01979,C008,687.842
S01979,C009,719.679
S01979,C010,759.56
S01979,C011,660.548
S01979,C012,572.397
S01979,C013,545.424
S01979,C014,455.413
S01979,C015,445.769
S01979,C016,519.494
S01979,C017,361.07
S01979,C018,318.228
S01979,C019,241.96
S01979,C020,301.835
S01980,C001,382.586
S01980,C002,276.44
S01980,C003,359.075
S01980,C004,327.477
S01980,C005,408.17
S01980,C006,377.195
S01980,C007,295.871
S01980,C008,373.911
S01980,C009,412.099
S01980,C010,471.392
S01980,C011,418.756
S01980,C012,373.483
S01980,C013,393.04
S01980,C014,348.92
S01980,C015,462.848
S01980,C016,375.17
S01980,C017,280.528
S01980,C018,356.417
S01980,C019,352.825
S01980,C020,21.741
S01981,C001,714.988
S01981,C002,635.748
S01981,C003,729.409
S01981,C004,692.198
S01981,C005,755.988
S01981,C006,104.738
S01981,C007,92.221
S01981,C008,59.526
S01981,C009,265.748
S01981,C010,381.666
S01981,C011,472.699
S01981,C012,520.258
S01981,C013,587.76
S01981,C014,604.447
S01981,C015,767.109
S01981,C016,388.005
S01981,C017,446.999
S01981,C018,571.153
S01981,C019,618.953
S01981,C020,390.548
S01982,C001,377.46
S01982,C002,344.01
S01982,C003,482.399
S01982,C004,484.263
S01982,C005,587.03
S01982,C006,310.664
S01982,C007,339.611
S01982,C008,401.869
S01982,C009,531.447
S01982,C010,621.144
S01982,C011,611.761
S01982,C012,585.213
S01982,C013,611.642
S01982,C014,568.155
S01982,C015,668.409
S01982,C016,161.371
S01982,C017,85.798
S01982,C018,206.253
S01982,C019,255.662
S01982,C020,234.911
S01983,C001,737.1
S01983,C002,601.513
S01983,C003,535.465
S01983,C004,453.431
S01983,C005,393.727
S01983,C006,737.633
S01983,C007,575.116
S01983,C008,621.701
S01983,C009,464.16
S01983,C010,394.186
S01983,C011,225.112
S01983,C012,143.769
S01983,C013,92.553
S01983,C014,167.103
S01983,C015,268.949
S01983,C016,852.083
S01983,C017,764.983
S01983,C018,823.354
S01983,C019,792.618
S01983,C020,473.781
S01984,C001,45.307
S01984,C002,91.271
S01984,C003,213.818
S01984,C004,273.109
S01984,C005,385.533
S01984,C006,653.576
S01984,C007,624.163
S01984,C008,700.148
S01984,C009,753.228
S01984,C010,802.751
S01984,C011,715.599
S01984,C012,633.798
S01984,C013,612.71
S01984,C014,525.73
S01984,C015,523.775
S01984,C016,480.251
S01984,C017,320.842
S01984,C018,256.763
S01984,C019,174.14
S01984,C020,330.587
S01985,C001,61.618
S01985,C002,136.021
S01985,C003,205.724
S01985,C004,279.176
S01985,C005,382.862
S01985,C006,725.693
S01985,C007,693.065
S01985,C008,769.553
S01985,C009,814.906
S01985,C010,858.948
S01985,C011,762.551
S01985,C012,674.292
S01985,C013,645.654
S01985,C014,554.034
S01985,C015,528.813
S01985,C016,548.143
S01985,C017,389.376
S01985,C018,314.278
S01985,C019,227.879
S01985,C020,393.32
S01986,C001,767.579
S01986,C002,676.384
S01986,C003,754.591
S01986,C004,708.65
S01986,C005,759.937
S01986,C006,195.548
S01986,C007,107.917
S01986,C008,37.157
S01986,C009,186.632
S01986,C010,302.118
S01986,C011,413.801
S01986,C012,477.693
S01986,C013,551.503
S01986,C014,582.438
S01986,C015,752.968
S01986,C016,476.124
S01986,C017,522.348
S01986,C018,644.708
S01986,C019,685.517
S01986,C020,419.672
S01987,C001,792.177
S01987,C002,660.144
S01987,C003,647.741
S01987,C004,571.066
S01987,C005,554.198
S01987,C006,574.761
S01987,C007,406.66
S01987,C008,431.787
S01987,C009,243.271
S01987,C010,157.407
S01987,C011,31.64
S01987,C012,142.063
S01987,C013,216.429
S01987,C014,303.578
S01987,C015,469.085
S01987,C016,759.732
S01987,C017,715.223
S01987,C018,803.927
S01987,C019,798.324
S01987,C020,446.871
S01988,C001,16.157
S01988,C002,148.707
S01988,C003,251.098
S01988,C004,318.757
S01988,C005,427.288
S01988,C006,696.421
S01988,C007,675.902
S01988,C008,751.04
S01988,C009,810.366
S01988,C010,861.496
S01988,C011,774.916
S01988,C012,692.432
S01988,C013,669.792
S01988,C014,581.419
S01988,C015,570.039
S01988,C016,503.147
S01988,C017,346.114
S01988,C018,262.515
S01988,C019,175.475
S01988,C020,387.893
S01989,C001,557.424
S01989,C002,427.76
S01989,C003,332.529
S01989,C004,252.605
S01989,C005,177.418
S01989,C006,746.797
S01989,C007,606.934
S01989,C008,672.012
S01989,C009,570.572
S01989,C010,538.237
S01989,C011,375.549
S01989,C012,260.173
S01989,C013,185.161
S01989,C014,104.427
S01989,C015,72.669
S01989,C016,781.813
S01989,C017,663.093
S01989,C018,692.389
S01989,C019,644.16
S01989,C020,390.847
S01990,C001,811.859
S01990,C002,702.792
S01990,C003,752.585
S01990,C004,693.838
S01990,C005,723.219
S01990,C006,338.086
S01990,C007,197.659
S01990,C008,174.346
S01990,C009,49.548
S01990,C010,156.682
S01990,C011,292.875
S01990,C012,379.127
S01990,C013,459.256
S01990,C014,511.192
S01990,C015,687.916
S01990,C016,597.607
S01990,C017,615.082
S01990,C018,730.663
S01990,C019,757.16
S01990,C020,442.209
S01991,C001,504.775
S01991,C002,386.652
S01991,C003,434.499
S01991,C004,381.601
S01991,C005,431.528
S01991,C006,370.455
S01991,C007,237.702
S01991,C008,310.459
S01991,C009,294.434
S01991,C010,342.517
S01991,C011,292.185
S01991,C012,264.784
S01991,C013,303.999
S01991,C014,290.423
S01991,C015,442.118
S01991,C016,460.826
S01991,C017,396.37
S01991,C018,483.878
S01991,C019,483.747
S01991,C020,134.964
S01992,C001,659.069
S01992,C002,574.66
S01992,C003,664.612
S01992,C004,626.313
S01992,C005,689.829
S01992,C006,131.425
S01992,C007,36.881
S01992,C008,77.948
S01992,C009,246.966
S01992,C010,359.046
S01992,C011,429.1
S01992,C012,466.502
S01992,C013,530.671
S01992,C014,542.445
S01992,C015,702.903
S01992,C016,372.408
S01992,C017,408.645
S01992,C018,530.711
S01992,C019,572.015
S01992,C020,325.817
S01993,C001,247.118
S01993,C002,135.788
S01993,C003,38.952
S01993,C004,64.587
S01993,C005,176.026
S01993,C006,693.816
S01993,C007,612.961
S01993,C008,690.698
S01993,C009,683.734
S01993,C010,704.333
S01993,C011,583.434
S01993,C012,483.44
S01993,C013,443.291
S01993,C014,347.588
S01993,C015,315.801
S01993,C016,605.324
S01993,C017,453.967
S01993,C018,435.216
S01993,C019,366.328
S01993,C020,300.517
S01994,C001,328.77
S01994,C002,218.164
S01994,C003,87.128
S01994,C004,31.371
S01994,C005,92.883
S01994,C006,735.095
S01994,C007,637.922
S01994,C008,714.252
S01994,C009,682.675
S01994,C010,689.404
S01994,C011,554.16
S01994,C012,446.685
S01994,C013,395.52
S01994,C014,297.148
S01994,C015,237.102
S01994,C016,673.041
S01994,C017,526.257
S01994,C018,515.712
S01994,C019,448.897
S01994,C020,336.334
S01995,C001,607.847
S01995,C002,536.511
S01995,C003,641.472
S01995,C004,612.661
S01995,C005,687.829
S01995,C006,93.69
S01995,C007,112.954
S01995,C008,153.306
S01995,C009,327.118
S01995,C010,436.682
S01995,C011,490.908
S01995,C012,513.762
S01995,C013,570.502
S01995,C014,568.794
S01995,C015,718.436
S01995,C016,289.733
S01995,C017,335.098
S01995,C018,459.024
S01995,C019,507.049
S01995,C020,306.686
S01996,C001,245.024
S01996,C002,150.411
S01996,C003,3.167
S01996,C004,81.095
S01996,C005,177.887
S01996,C006,727.599
S01996,C007,648.662
S01996,C008,726.445
S01996,C009,719.212
S01996,C010,738.357
S01996,C011,614.773
S01996,C012,512.793
S01996,C013,469.26
S01996,C014,372.268
S01996,C015,324.393
S01996,C016,630.814
S01996,C017,477.145
S01996,C018,450.167
S01996,C019,377.097
S01996,C020,335.767
S01997,C001,148.172
S01997,C002,225.142
S01997,C003,370.344
S01997,C004,419.185
S01997,C005,534.519
S01997,C006,589.262
S01997,C007,602.021
S01997,C008,671.387
S01997,C009,767.478
S01997,C010,837.043
S01997,C011,780.084
S01997,C012,716.298
S01997,C013,711.277
S01997,C014,635.153
S01997,C015,663.444
S01997,C016,360.116
S01997,C017,212.49
S01997,C018,108.537
S01997,C019,24.043
S01997,C020,364.923
S01998,C001,636.151
S01998,C002,503.066
S01998,C003,420.377
S01998,C004,339.062
S01998,C005,269.997
S01998,C006,744.322
S01998,C007,592.923
S01998,C008,651.119
S01998,C009,524.865
S01998,C010,476.941
S01998,C011,308.151
S01998,C012,197.367
S01998,C013,115.736
S01998,C014,90.357
S01998,C015,146.02
S01998,C016,814.056
S01998,C017,708.204
S01998,C018,750.543
S01998,C019,709.692
S01998,C020,422.997
S01999,C001,426.274
S01999,C002,322.407
S01999,C003,402.944
S01999,C004,367.514
S01999,C005,442.148
S01999,C006,339.466
S01999,C007,250.246
S01999,C008,328.299
S01999,C009,369.875
S01999,C010,434.608
S01999,C011,395.102
S01999,C012,361.763
S01999,C013,390.687
S01999,C014,357.768
S01999,C015,485.373
S01999,C016,369.669
S01999,C017,293.952
S01999,C018,381.878
S01999,C019,386.582
S01999,C020,64.29
S02000,C001,252.299
S02000,C002,252.431
S02000,C003,403.62
S02000,C004,426.346
S02000,C005,538.886
S02000,C006,444.743
S02000,C007,461.319
S02000,C008,528.653
S02000,C009,637.352
S02000,C010,715.642
S02000,C011,678.798
S02000,C012,631.021
S02000,C013,640.822
S02000,C014,578.958
S02000,C015,645.164
S02000,C016,241.588
S02000,C017,82.047
S02000,C018,96.114
S02000,C019,122.275
S02000,C020,265.332
